subfield,n_pos,n_neg,auc,lift,seed,model
Aerospace Engineering,32,167,0.5,1.0,42,topic_only/logreg
Artificial Intelligence,367,313,0.5,1.0,42,topic_only/logreg
Atmospheric Science,21,69,0.5,1.0,42,topic_only/logreg
"Atomic and Molecular Physics, and Optics",29,107,0.5,1.0,42,topic_only/logreg
Automotive Engineering,24,54,0.5,1.0,42,topic_only/logreg
Biomaterials,48,77,0.5,1.0,42,topic_only/logreg
Biomedical Engineering,148,396,0.5,1.0,42,topic_only/logreg
Building and Construction,43,94,0.5,1.0,42,topic_only/logreg
Cancer Research,471,275,0.5,1.0,42,topic_only/logreg
Cardiology and Cardiovascular Medicine,56,221,0.5,1.0,42,topic_only/logreg
Cell Biology,60,110,0.5,1.0,42,topic_only/logreg
Cellular and Molecular Neuroscience,39,96,0.5,1.0,42,topic_only/logreg
Civil and Structural Engineering,55,233,0.5,1.0,42,topic_only/logreg
Clinical Psychology,34,146,0.5,1.0,42,topic_only/logreg
Cognitive Neuroscience,25,185,0.5,1.0,42,topic_only/logreg
Complementary and alternative medicine,38,74,0.5,1.0,42,topic_only/logreg
Computational Mechanics,30,99,0.5,1.0,42,topic_only/logreg
Computational Theory and Mathematics,42,116,0.5,1.0,42,topic_only/logreg
Computer Graphics and Computer-Aided Design,43,29,0.5,1.0,42,topic_only/logreg
Computer Networks and Communications,144,153,0.5,1.0,42,topic_only/logreg
Computer Vision and Pattern Recognition,167,206,0.5,1.0,42,topic_only/logreg
Control and Systems Engineering,65,150,0.5,1.0,42,topic_only/logreg
Ecology,20,147,0.5,1.0,42,topic_only/logreg
Economics and Econometrics,146,188,0.5,1.0,42,topic_only/logreg
Education,87,119,0.5,1.0,42,topic_only/logreg
Electrical and Electronic Engineering,159,388,0.5,1.0,42,topic_only/logreg
"Electronic, Optical and Magnetic Materials",36,85,0.5,1.0,42,topic_only/logreg
"Endocrinology, Diabetes and Metabolism",23,130,0.5,1.0,42,topic_only/logreg
Environmental Engineering,32,89,0.5,1.0,42,topic_only/logreg
Epidemiology,104,381,0.5,1.0,42,topic_only/logreg
Experimental and Cognitive Psychology,30,73,0.5,1.0,42,topic_only/logreg
Finance,21,58,0.5,1.0,42,topic_only/logreg
Food Science,25,107,0.5,1.0,42,topic_only/logreg
General Health Professions,23,176,0.5,1.0,42,topic_only/logreg
Genetics,76,302,0.4680637852910422,0.9527124,42,topic_only/logreg
Global and Planetary Change,30,112,0.5,1.0,42,topic_only/logreg
Health Information Management,33,27,0.5,1.0,42,topic_only/logreg
"Health, Toxicology and Mutagenesis",25,85,0.5,1.0,42,topic_only/logreg
Hematology,28,86,0.5,1.0,42,topic_only/logreg
Hepatology,23,77,0.5,1.0,42,topic_only/logreg
Immunology,101,212,0.5,1.0,42,topic_only/logreg
Industrial and Manufacturing Engineering,146,124,0.6298608042421565,1.1365058,42,topic_only/logreg
Infectious Diseases,31,182,0.5,1.0,42,topic_only/logreg
Information Systems,148,133,0.5,1.0,42,topic_only/logreg
Inorganic Chemistry,64,91,0.5,1.0,42,topic_only/logreg
Management Information Systems,22,51,0.5,1.0,42,topic_only/logreg
Management Science and Operations Research,164,139,0.5,1.0,42,topic_only/logreg
Management of Technology and Innovation,22,26,0.5,1.0,42,topic_only/logreg
Marketing,20,32,0.5,1.0,42,topic_only/logreg
Materials Chemistry,138,429,0.5,1.0,42,topic_only/logreg
Mechanical Engineering,75,295,0.5,1.0,42,topic_only/logreg
Mechanics of Materials,33,194,0.5,1.0,42,topic_only/logreg
Molecular Biology,594,981,0.5,1.0,42,topic_only/logreg
Neurology,106,253,0.5701581027667985,1.1232638,42,topic_only/logreg
Nuclear and High Energy Physics,30,69,0.5,1.0,42,topic_only/logreg
Nutrition and Dietetics,21,87,0.5,1.0,42,topic_only/logreg
Obstetrics and Gynecology,26,84,0.5,1.0,42,topic_only/logreg
Ocean Engineering,21,84,0.5,1.0,42,topic_only/logreg
Oncology,132,339,0.5,1.0,42,topic_only/logreg
Organic Chemistry,75,171,0.5,1.0,42,topic_only/logreg
Orthopedics and Sports Medicine,24,46,0.5,1.0,42,topic_only/logreg
Pathology and Forensic Medicine,77,192,0.5,1.0,42,topic_only/logreg
Pharmacology,61,187,0.5712281932146928,1.1455702,42,topic_only/logreg
Physiology,91,231,0.5014985014985015,1.0022377,42,topic_only/logreg
Plant Science,100,274,0.5,1.0,42,topic_only/logreg
Pollution,33,84,0.5,1.0,42,topic_only/logreg
Polymers and Plastics,28,72,0.5,1.0,42,topic_only/logreg
Psychiatry and Mental health,25,175,0.5,1.0,42,topic_only/logreg
"Public Health, Environmental and Occupational Health",59,321,0.5,1.0,42,topic_only/logreg
Pulmonary and Respiratory Medicine,124,369,0.5,1.0,42,topic_only/logreg
"Radiology, Nuclear Medicine and Imaging",88,217,0.5,1.0,42,topic_only/logreg
Rehabilitation,27,50,0.5,1.0,42,topic_only/logreg
"Renewable Energy, Sustainability and the Environment",42,131,0.5,1.0,42,topic_only/logreg
Reproductive Medicine,24,63,0.5,1.0,42,topic_only/logreg
Rheumatology,39,106,0.5,1.0,42,topic_only/logreg
Signal Processing,44,45,0.5,1.0,42,topic_only/logreg
Social Psychology,46,120,0.5,1.0,42,topic_only/logreg
Sociology and Political Science,80,295,0.5,1.0,42,topic_only/logreg
Strategy and Management,31,68,0.5,1.0,42,topic_only/logreg
Surgery,127,499,0.5,1.0,42,topic_only/logreg
Water Science and Technology,44,88,0.5,1.0,42,topic_only/logreg
Aerospace Engineering,32,167,0.5,1.0,42,topic_only/xgb
Artificial Intelligence,367,313,0.5,1.0,42,topic_only/xgb
Atmospheric Science,21,69,0.5,1.0,42,topic_only/xgb
"Atomic and Molecular Physics, and Optics",29,107,0.5,1.0,42,topic_only/xgb
Automotive Engineering,24,54,0.5,1.0,42,topic_only/xgb
Biomaterials,48,77,0.5,1.0,42,topic_only/xgb
Biomedical Engineering,148,396,0.5,1.0,42,topic_only/xgb
Building and Construction,43,94,0.5,1.0,42,topic_only/xgb
Cancer Research,471,275,0.5,1.0,42,topic_only/xgb
Cardiology and Cardiovascular Medicine,56,221,0.5,1.0,42,topic_only/xgb
Cell Biology,60,110,0.5,1.0,42,topic_only/xgb
Cellular and Molecular Neuroscience,39,96,0.5,1.0,42,topic_only/xgb
Civil and Structural Engineering,55,233,0.5,1.0,42,topic_only/xgb
Clinical Psychology,34,146,0.5,1.0,42,topic_only/xgb
Cognitive Neuroscience,25,185,0.5,1.0,42,topic_only/xgb
Complementary and alternative medicine,38,74,0.5,1.0,42,topic_only/xgb
Computational Mechanics,30,99,0.5,1.0,42,topic_only/xgb
Computational Theory and Mathematics,42,116,0.5,1.0,42,topic_only/xgb
Computer Graphics and Computer-Aided Design,43,29,0.5,1.0,42,topic_only/xgb
Computer Networks and Communications,144,153,0.5,1.0,42,topic_only/xgb
Computer Vision and Pattern Recognition,167,206,0.5,1.0,42,topic_only/xgb
Control and Systems Engineering,65,150,0.5,1.0,42,topic_only/xgb
Ecology,20,147,0.5,1.0,42,topic_only/xgb
Economics and Econometrics,146,188,0.5,1.0,42,topic_only/xgb
Education,87,119,0.5,1.0,42,topic_only/xgb
Electrical and Electronic Engineering,159,388,0.5,1.0,42,topic_only/xgb
"Electronic, Optical and Magnetic Materials",36,85,0.5,1.0,42,topic_only/xgb
"Endocrinology, Diabetes and Metabolism",23,130,0.5,1.0,42,topic_only/xgb
Environmental Engineering,32,89,0.5,1.0,42,topic_only/xgb
Epidemiology,104,381,0.5,1.0,42,topic_only/xgb
Experimental and Cognitive Psychology,30,73,0.5,1.0,42,topic_only/xgb
Finance,21,58,0.5,1.0,42,topic_only/xgb
Food Science,25,107,0.5,1.0,42,topic_only/xgb
General Health Professions,23,176,0.5,1.0,42,topic_only/xgb
Genetics,76,302,0.4680637852910422,0.9527124,42,topic_only/xgb
Global and Planetary Change,30,112,0.5,1.0,42,topic_only/xgb
Health Information Management,33,27,0.5,1.0,42,topic_only/xgb
"Health, Toxicology and Mutagenesis",25,85,0.5,1.0,42,topic_only/xgb
Hematology,28,86,0.5,1.0,42,topic_only/xgb
Hepatology,23,77,0.5,1.0,42,topic_only/xgb
Immunology,101,212,0.5,1.0,42,topic_only/xgb
Industrial and Manufacturing Engineering,146,124,0.6298608042421565,1.1365058,42,topic_only/xgb
Infectious Diseases,31,182,0.5,1.0,42,topic_only/xgb
Information Systems,148,133,0.5,1.0,42,topic_only/xgb
Inorganic Chemistry,64,91,0.5,1.0,42,topic_only/xgb
Management Information Systems,22,51,0.5,1.0,42,topic_only/xgb
Management Science and Operations Research,164,139,0.5,1.0,42,topic_only/xgb
Management of Technology and Innovation,22,26,0.5,1.0,42,topic_only/xgb
Marketing,20,32,0.5,1.0,42,topic_only/xgb
Materials Chemistry,138,429,0.5,1.0,42,topic_only/xgb
Mechanical Engineering,75,295,0.5,1.0,42,topic_only/xgb
Mechanics of Materials,33,194,0.5,1.0,42,topic_only/xgb
Molecular Biology,594,981,0.5,1.0,42,topic_only/xgb
Neurology,106,253,0.5701581027667985,1.1232638,42,topic_only/xgb
Nuclear and High Energy Physics,30,69,0.5,1.0,42,topic_only/xgb
Nutrition and Dietetics,21,87,0.5,1.0,42,topic_only/xgb
Obstetrics and Gynecology,26,84,0.5,1.0,42,topic_only/xgb
Ocean Engineering,21,84,0.5,1.0,42,topic_only/xgb
Oncology,132,339,0.5,1.0,42,topic_only/xgb
Organic Chemistry,75,171,0.5,1.0,42,topic_only/xgb
Orthopedics and Sports Medicine,24,46,0.5,1.0,42,topic_only/xgb
Pathology and Forensic Medicine,77,192,0.5,1.0,42,topic_only/xgb
Pharmacology,61,187,0.5712281932146928,1.1455702,42,topic_only/xgb
Physiology,91,231,0.5014985014985015,1.0022377,42,topic_only/xgb
Plant Science,100,274,0.5,1.0,42,topic_only/xgb
Pollution,33,84,0.5,1.0,42,topic_only/xgb
Polymers and Plastics,28,72,0.5,1.0,42,topic_only/xgb
Psychiatry and Mental health,25,175,0.5,1.0,42,topic_only/xgb
"Public Health, Environmental and Occupational Health",59,321,0.5,1.0,42,topic_only/xgb
Pulmonary and Respiratory Medicine,124,369,0.5,1.0,42,topic_only/xgb
"Radiology, Nuclear Medicine and Imaging",88,217,0.5,1.0,42,topic_only/xgb
Rehabilitation,27,50,0.5,1.0,42,topic_only/xgb
"Renewable Energy, Sustainability and the Environment",42,131,0.5,1.0,42,topic_only/xgb
Reproductive Medicine,24,63,0.5,1.0,42,topic_only/xgb
Rheumatology,39,106,0.5,1.0,42,topic_only/xgb
Signal Processing,44,45,0.5,1.0,42,topic_only/xgb
Social Psychology,46,120,0.5,1.0,42,topic_only/xgb
Sociology and Political Science,80,295,0.5,1.0,42,topic_only/xgb
Strategy and Management,31,68,0.5,1.0,42,topic_only/xgb
Surgery,127,499,0.5,1.0,42,topic_only/xgb
Water Science and Technology,44,88,0.5,1.0,42,topic_only/xgb
Aerospace Engineering,32,167,0.6579341317365269,1.7749052,42,tabular/central_xgb
Artificial Intelligence,367,313,0.7385632579154008,1.3618312,42,tabular/central_xgb
Atmospheric Science,21,69,0.8971704623878537,3.3057435,42,tabular/central_xgb
"Atomic and Molecular Physics, and Optics",29,107,0.6867547534643893,2.0422506,42,tabular/central_xgb
Automotive Engineering,24,54,0.6820987654320988,1.979574,42,tabular/central_xgb
Biomaterials,48,77,0.570887445887446,1.4684925,42,tabular/central_xgb
Biomedical Engineering,148,396,0.6640646328146328,1.7148762,42,tabular/central_xgb
Building and Construction,43,94,0.7457941613062841,1.8247893,42,tabular/central_xgb
Cancer Research,471,275,0.6623354564755839,1.2044247,42,tabular/central_xgb
Cardiology and Cardiovascular Medicine,56,221,0.6387362637362637,2.0970116,42,tabular/central_xgb
Cell Biology,60,110,0.6413636363636364,1.2410613,42,tabular/central_xgb
Cellular and Molecular Neuroscience,39,96,0.6621260683760684,1.5195487,42,tabular/central_xgb
Civil and Structural Engineering,55,233,0.6033554428404214,1.4040102,42,tabular/central_xgb
Clinical Psychology,34,146,0.7087026591458501,2.7012062,42,tabular/central_xgb
Cognitive Neuroscience,25,185,0.6802162162162162,2.186376,42,tabular/central_xgb
Complementary and alternative medicine,38,74,0.7073257467994309,1.562916,42,tabular/central_xgb
Computational Mechanics,30,99,0.6067340067340067,1.6318638,42,tabular/central_xgb
Computational Theory and Mathematics,42,116,0.555623973727422,1.2401898,42,tabular/central_xgb
Computer Graphics and Computer-Aided Design,43,29,0.48275862068965514,0.9839553,42,tabular/central_xgb
Computer Networks and Communications,144,153,0.7535403050108933,1.4693501,42,tabular/central_xgb
Computer Vision and Pattern Recognition,167,206,0.6822277774547992,1.3192747,42,tabular/central_xgb
Control and Systems Engineering,65,150,0.7097435897435896,1.8916011,42,tabular/central_xgb
Ecology,20,147,0.6726190476190476,3.0471585,42,tabular/central_xgb
Economics and Econometrics,146,188,0.7420394928592248,1.5098481,42,tabular/central_xgb
Education,87,119,0.8367622911233459,1.9127545,42,tabular/central_xgb
Electrical and Electronic Engineering,159,388,0.6908432211631977,1.5901501,42,tabular/central_xgb
"Electronic, Optical and Magnetic Materials",36,85,0.6323529411764706,1.7895052,42,tabular/central_xgb
"Endocrinology, Diabetes and Metabolism",23,130,0.662876254180602,1.7248676,42,tabular/central_xgb
Environmental Engineering,32,89,0.6021769662921348,1.7445496,42,tabular/central_xgb
Epidemiology,104,381,0.6882192610539067,1.986501,42,tabular/central_xgb
Experimental and Cognitive Psychology,30,73,0.7168949771689498,1.8110508,42,tabular/central_xgb
Finance,21,58,0.687192118226601,1.8145802,42,tabular/central_xgb
Food Science,25,107,0.5080373831775702,1.2645984,42,tabular/central_xgb
General Health Professions,23,176,0.6921936758893281,2.725628,42,tabular/central_xgb
Genetics,76,302,0.6071802021610317,1.2577639,42,tabular/central_xgb
Global and Planetary Change,30,112,0.7625000000000001,2.521242,42,tabular/central_xgb
Health Information Management,33,27,0.7957351290684624,1.4462038,42,tabular/central_xgb
"Health, Toxicology and Mutagenesis",25,85,0.6141176470588235,1.7642076,42,tabular/central_xgb
Hematology,28,86,0.7807308970099669,2.4467528,42,tabular/central_xgb
Hepatology,23,77,0.800677583286279,2.5104837,42,tabular/central_xgb
Immunology,101,212,0.6787782551840089,1.5540525,42,tabular/central_xgb
Industrial and Manufacturing Engineering,146,124,0.8348983650022095,1.5388168,42,tabular/central_xgb
Infectious Diseases,31,182,0.5895072669266217,1.3780911,42,tabular/central_xgb
Information Systems,148,133,0.7597033123348912,1.5126477,42,tabular/central_xgb
Inorganic Chemistry,64,91,0.7328296703296704,1.5367726,42,tabular/central_xgb
Management Information Systems,22,51,0.5855614973262032,1.2381308,42,tabular/central_xgb
Management Science and Operations Research,164,139,0.5125460607124057,1.0152668,42,tabular/central_xgb
Management of Technology and Innovation,22,26,0.770979020979021,1.6319848,42,tabular/central_xgb
Marketing,20,32,0.6328125,1.3934119,42,tabular/central_xgb
Materials Chemistry,138,429,0.5966183574879227,1.4140899,42,tabular/central_xgb
Mechanical Engineering,75,295,0.6656723163841809,2.1284842,42,tabular/central_xgb
Mechanics of Materials,33,194,0.5728678537956888,1.8739157,42,tabular/central_xgb
Molecular Biology,594,981,0.6707664480345418,1.4358648,42,tabular/central_xgb
Neurology,106,253,0.7416287568051309,1.7850446,42,tabular/central_xgb
Nuclear and High Energy Physics,30,69,0.7323671497584541,1.9684521,42,tabular/central_xgb
Nutrition and Dietetics,21,87,0.6403940886699507,1.395576,42,tabular/central_xgb
Obstetrics and Gynecology,26,84,0.6254578754578755,1.6087613,42,tabular/central_xgb
Ocean Engineering,21,84,0.7182539682539683,2.3167112,42,tabular/central_xgb
Oncology,132,339,0.6792035398230087,1.5290427,42,tabular/central_xgb
Organic Chemistry,75,171,0.5614814814814815,1.2793671,42,tabular/central_xgb
Orthopedics and Sports Medicine,24,46,0.7427536231884058,1.8526478,42,tabular/central_xgb
Pathology and Forensic Medicine,77,192,0.6803300865800865,1.6856158,42,tabular/central_xgb
Pharmacology,61,187,0.7270097308670115,1.9108311,42,tabular/central_xgb
Physiology,91,231,0.7187574330431473,1.8698894,42,tabular/central_xgb
Plant Science,100,274,0.6314233576642336,1.7078732,42,tabular/central_xgb
Pollution,33,84,0.6475468975468975,1.8644974,42,tabular/central_xgb
Polymers and Plastics,28,72,0.6676587301587301,1.547161,42,tabular/central_xgb
Psychiatry and Mental health,25,175,0.5707428571428571,1.3036548,42,tabular/central_xgb
"Public Health, Environmental and Occupational Health",59,321,0.7295527746977137,2.5559635,42,tabular/central_xgb
Pulmonary and Respiratory Medicine,124,369,0.7355538071509747,2.0164163,42,tabular/central_xgb
"Radiology, Nuclear Medicine and Imaging",88,217,0.7421449518223712,1.8537806,42,tabular/central_xgb
Rehabilitation,27,50,0.7088888888888889,1.8459207,42,tabular/central_xgb
"Renewable Energy, Sustainability and the Environment",42,131,0.6915667030170848,2.0770135,42,tabular/central_xgb
Reproductive Medicine,24,63,0.7175925925925927,1.8790231,42,tabular/central_xgb
Rheumatology,39,106,0.795355587808418,2.2745976,42,tabular/central_xgb
Signal Processing,44,45,0.6772727272727272,1.3116877,42,tabular/central_xgb
Social Psychology,46,120,0.725,2.0066519,42,tabular/central_xgb
Sociology and Political Science,80,295,0.7961652542372881,2.6029656,42,tabular/central_xgb
Strategy and Management,31,68,0.760910815939279,1.7995517,42,tabular/central_xgb
Surgery,127,499,0.6964953529105454,1.9278661,42,tabular/central_xgb
Water Science and Technology,44,88,0.6794938016528925,1.5590441,42,tabular/central_xgb
Aerospace Engineering,32,167,0.6504491017964072,1.7988994,42,tabular/central_mlp
Artificial Intelligence,367,313,0.7463894281411321,1.3818172,42,tabular/central_mlp
Atmospheric Science,21,69,0.8957902001380262,3.4799802,42,tabular/central_mlp
"Atomic and Molecular Physics, and Optics",29,107,0.6795037060908798,1.877899,42,tabular/central_mlp
Automotive Engineering,24,54,0.6813271604938271,1.8740594,42,tabular/central_mlp
Biomaterials,48,77,0.5587121212121212,1.4058697,42,tabular/central_mlp
Biomedical Engineering,148,396,0.6629982254982254,1.7403566,42,tabular/central_mlp
Building and Construction,43,94,0.7372587827808017,1.8949152,42,tabular/central_mlp
Cancer Research,471,275,0.6521598147075854,1.202202,42,tabular/central_mlp
Cardiology and Cardiovascular Medicine,56,221,0.6452003878474466,1.889877,42,tabular/central_mlp
Cell Biology,60,110,0.6232575757575758,1.2610213,42,tabular/central_mlp
Cellular and Molecular Neuroscience,39,96,0.6659989316239316,1.6811732,42,tabular/central_mlp
Civil and Structural Engineering,55,233,0.6046039797112759,1.4590026,42,tabular/central_mlp
Clinical Psychology,34,146,0.6516921837228041,2.3888643,42,tabular/central_mlp
Cognitive Neuroscience,25,185,0.6543783783783783,2.4275587,42,tabular/central_mlp
Complementary and alternative medicine,38,74,0.7432432432432433,1.8233044,42,tabular/central_mlp
Computational Mechanics,30,99,0.6094276094276094,1.5489861,42,tabular/central_mlp
Computational Theory and Mathematics,42,116,0.5453612479474548,1.1780652,42,tabular/central_mlp
Computer Graphics and Computer-Aided Design,43,29,0.466720128307939,0.96344054,42,tabular/central_mlp
Computer Networks and Communications,144,153,0.7412400145243282,1.4741678,42,tabular/central_mlp
Computer Vision and Pattern Recognition,167,206,0.6737108307656531,1.3102868,42,tabular/central_mlp
Control and Systems Engineering,65,150,0.6967179487179487,1.7863387,42,tabular/central_mlp
Ecology,20,147,0.6835034013605442,2.6790948,42,tabular/central_mlp
Economics and Econometrics,146,188,0.7446808510638298,1.52529,42,tabular/central_mlp
Education,87,119,0.837148652564474,1.8914044,42,tabular/central_mlp
Electrical and Electronic Engineering,159,388,0.692577643778772,1.6233023,42,tabular/central_mlp
"Electronic, Optical and Magnetic Materials",36,85,0.6617647058823529,1.855155,42,tabular/central_mlp
"Endocrinology, Diabetes and Metabolism",23,130,0.6668896321070233,1.7115154,42,tabular/central_mlp
Environmental Engineering,32,89,0.6390449438202247,1.6947186,42,tabular/central_mlp
Epidemiology,104,381,0.6824020795477489,1.9531646,42,tabular/central_mlp
Experimental and Cognitive Psychology,30,73,0.7726027397260273,2.0474546,42,tabular/central_mlp
Finance,21,58,0.7446633825944171,1.8738077,42,tabular/central_mlp
Food Science,25,107,0.47364485981308413,1.1216917,42,tabular/central_mlp
General Health Professions,23,176,0.7231966403162055,2.8607852,42,tabular/central_mlp
Genetics,76,302,0.612234227953991,1.2421182,42,tabular/central_mlp
Global and Planetary Change,30,112,0.740922619047619,2.592115,42,tabular/central_mlp
Health Information Management,33,27,0.77665544332211,1.5095049,42,tabular/central_mlp
"Health, Toxicology and Mutagenesis",25,85,0.6244705882352941,1.6646696,42,tabular/central_mlp
Hematology,28,86,0.7300664451827242,1.9709802,42,tabular/central_mlp
Hepatology,23,77,0.8080180688876342,2.7222037,42,tabular/central_mlp
Immunology,101,212,0.6643937978703531,1.4253501,42,tabular/central_mlp
Industrial and Manufacturing Engineering,146,124,0.8136047282368538,1.5277519,42,tabular/central_mlp
Infectious Diseases,31,182,0.585962424672102,1.2452569,42,tabular/central_mlp
Information Systems,148,133,0.7514224751066857,1.4908538,42,tabular/central_mlp
Inorganic Chemistry,64,91,0.6693853021978022,1.4691474,42,tabular/central_mlp
Management Information Systems,22,51,0.6114081996434938,1.3578585,42,tabular/central_mlp
Management Science and Operations Research,164,139,0.5217143358483944,1.0157896,42,tabular/central_mlp
Management of Technology and Innovation,22,26,0.777972027972028,1.6685972,42,tabular/central_mlp
Marketing,20,32,0.6234375,1.4108844,42,tabular/central_mlp
Materials Chemistry,138,429,0.5548376744028918,1.3476787,42,tabular/central_mlp
Mechanical Engineering,75,295,0.6495367231638418,1.9188541,42,tabular/central_mlp
Mechanics of Materials,33,194,0.5445954389253358,1.2601004,42,tabular/central_mlp
Molecular Biology,594,981,0.6550692106247661,1.4060277,42,tabular/central_mlp
Neurology,106,253,0.7217913341785368,1.6715502,42,tabular/central_mlp
Nuclear and High Energy Physics,30,69,0.7794685990338164,2.0285542,42,tabular/central_mlp
Nutrition and Dietetics,21,87,0.6524356869184456,1.4233568,42,tabular/central_mlp
Obstetrics and Gynecology,26,84,0.6886446886446886,1.8945862,42,tabular/central_mlp
Ocean Engineering,21,84,0.6927437641723356,2.199127,42,tabular/central_mlp
Oncology,132,339,0.6858630553320819,1.6046189,42,tabular/central_mlp
Organic Chemistry,75,171,0.5482651072124757,1.2620711,42,tabular/central_mlp
Orthopedics and Sports Medicine,24,46,0.7133152173913043,1.5917774,42,tabular/central_mlp
Pathology and Forensic Medicine,77,192,0.6948728354978354,1.6641543,42,tabular/central_mlp
Pharmacology,61,187,0.7165775401069518,1.7082272,42,tabular/central_mlp
Physiology,91,231,0.744874173445602,1.9918144,42,tabular/central_mlp
Plant Science,100,274,0.6455474452554744,1.6582621,42,tabular/central_mlp
Pollution,33,84,0.7135642135642135,2.0863357,42,tabular/central_mlp
Polymers and Plastics,28,72,0.7003968253968255,1.5984365,42,tabular/central_mlp
Psychiatry and Mental health,25,175,0.5328,1.2528666,42,tabular/central_mlp
"Public Health, Environmental and Occupational Health",59,321,0.7418290300438249,2.718855,42,tabular/central_mlp
Pulmonary and Respiratory Medicine,124,369,0.7176763703120902,2.008027,42,tabular/central_mlp
"Radiology, Nuclear Medicine and Imaging",88,217,0.7377723083368244,1.8776624,42,tabular/central_mlp
Rehabilitation,27,50,0.7303703703703704,1.85784,42,tabular/central_mlp
"Renewable Energy, Sustainability and the Environment",42,131,0.6613958560523445,1.8728496,42,tabular/central_mlp
Reproductive Medicine,24,63,0.7867063492063493,2.4041383,42,tabular/central_mlp
Rheumatology,39,106,0.7472181906144172,2.1312613,42,tabular/central_mlp
Signal Processing,44,45,0.6893939393939393,1.3073548,42,tabular/central_mlp
Social Psychology,46,120,0.7525362318840579,2.1054213,42,tabular/central_mlp
Sociology and Political Science,80,295,0.7907627118644067,2.702241,42,tabular/central_mlp
Strategy and Management,31,68,0.7073055028462998,1.5721942,42,tabular/central_mlp
Surgery,127,499,0.7069651113250123,1.9446449,42,tabular/central_mlp
Water Science and Technology,44,88,0.6763946280991736,1.4842051,42,tabular/central_mlp
Aerospace Engineering,32,167,0.6469872754491018,2.0203402,42,tabular/fl_fedavg
Artificial Intelligence,367,313,0.7261449800210671,1.354382,42,tabular/fl_fedavg
Atmospheric Science,21,69,0.8750862663906142,3.15992,42,tabular/fl_fedavg
"Atomic and Molecular Physics, and Optics",29,107,0.6683854334514985,1.741108,42,tabular/fl_fedavg
Automotive Engineering,24,54,0.6566358024691359,1.9929454,42,tabular/fl_fedavg
Biomaterials,48,77,0.5074404761904763,1.2280086,42,tabular/fl_fedavg
Biomedical Engineering,148,396,0.6159142096642096,1.5194107,42,tabular/fl_fedavg
Building and Construction,43,94,0.7054675903018308,1.8780348,42,tabular/fl_fedavg
Cancer Research,471,275,0.6357344142057517,1.1762928,42,tabular/fl_fedavg
Cardiology and Cardiovascular Medicine,56,221,0.6300904977375565,1.6864034,42,tabular/fl_fedavg
Cell Biology,60,110,0.6283333333333334,1.2120345,42,tabular/fl_fedavg
Cellular and Molecular Neuroscience,39,96,0.6963141025641026,1.6260872,42,tabular/fl_fedavg
Civil and Structural Engineering,55,233,0.6792040577448303,1.7850453,42,tabular/fl_fedavg
Clinical Psychology,34,146,0.6089846897663175,1.8413411,42,tabular/fl_fedavg
Cognitive Neuroscience,25,185,0.6793513513513513,2.348765,42,tabular/fl_fedavg
Complementary and alternative medicine,38,74,0.7635135135135136,1.9776226,42,tabular/fl_fedavg
Computational Mechanics,30,99,0.6151515151515151,1.5288793,42,tabular/fl_fedavg
Computational Theory and Mathematics,42,116,0.5374589490968801,1.158368,42,tabular/fl_fedavg
Computer Graphics and Computer-Aided Design,43,29,0.4033680834001604,0.92165893,42,tabular/fl_fedavg
Computer Networks and Communications,144,153,0.7620279593318808,1.4968932,42,tabular/fl_fedavg
Computer Vision and Pattern Recognition,167,206,0.6409511074937504,1.2377526,42,tabular/fl_fedavg
Control and Systems Engineering,65,150,0.6794871794871795,1.7420536,42,tabular/fl_fedavg
Ecology,20,147,0.6872448979591836,2.0728285,42,tabular/fl_fedavg
Economics and Econometrics,146,188,0.7132577965607694,1.5065358,42,tabular/fl_fedavg
Education,87,119,0.8602337486718825,1.8617501,42,tabular/fl_fedavg
Electrical and Electronic Engineering,159,388,0.6757602282305647,1.6071583,42,tabular/fl_fedavg
"Electronic, Optical and Magnetic Materials",36,85,0.62859477124183,1.6434604,42,tabular/fl_fedavg
"Endocrinology, Diabetes and Metabolism",23,130,0.6633779264214047,1.5709105,42,tabular/fl_fedavg
Environmental Engineering,32,89,0.6030547752808989,1.7182239,42,tabular/fl_fedavg
Epidemiology,104,381,0.6709569957601453,1.8815714,42,tabular/fl_fedavg
Experimental and Cognitive Psychology,30,73,0.7602739726027397,1.9057539,42,tabular/fl_fedavg
Finance,21,58,0.6691297208538588,1.4546787,42,tabular/fl_fedavg
Food Science,25,107,0.45869158878504673,1.1332344,42,tabular/fl_fedavg
General Health Professions,23,176,0.7408596837944664,3.0481715,42,tabular/fl_fedavg
Genetics,76,302,0.6327117462530498,1.3034186,42,tabular/fl_fedavg
Global and Planetary Change,30,112,0.705654761904762,2.4738276,42,tabular/fl_fedavg
Health Information Management,33,27,0.7418630751964086,1.3639951,42,tabular/fl_fedavg
"Health, Toxicology and Mutagenesis",25,85,0.6068235294117648,1.6255146,42,tabular/fl_fedavg
Hematology,28,86,0.7396179401993356,1.941409,42,tabular/fl_fedavg
Hepatology,23,77,0.7120271033314511,1.8056369,42,tabular/fl_fedavg
Immunology,101,212,0.6363721277788157,1.3554856,42,tabular/fl_fedavg
Industrial and Manufacturing Engineering,146,124,0.7638919575784356,1.4690887,42,tabular/fl_fedavg
Infectious Diseases,31,182,0.6462247429989365,1.4957118,42,tabular/fl_fedavg
Information Systems,148,133,0.7605669579353791,1.4867331,42,tabular/fl_fedavg
Inorganic Chemistry,64,91,0.5199175824175823,1.2622322,42,tabular/fl_fedavg
Management Information Systems,22,51,0.6176470588235294,1.3019094,42,tabular/fl_fedavg
Management Science and Operations Research,164,139,0.47196876645025443,0.9702075,42,tabular/fl_fedavg
Management of Technology and Innovation,22,26,0.7884615384615384,1.6752282,42,tabular/fl_fedavg
Marketing,20,32,0.5453125000000001,1.1954063,42,tabular/fl_fedavg
Materials Chemistry,138,429,0.5807489611837439,1.3912368,42,tabular/fl_fedavg
Mechanical Engineering,75,295,0.6064180790960452,1.6560256,42,tabular/fl_fedavg
Mechanics of Materials,33,194,0.6070759137769447,1.5357367,42,tabular/fl_fedavg
Molecular Biology,594,981,0.6441950939912204,1.3302532,42,tabular/fl_fedavg
Neurology,106,253,0.7139048400328137,1.7754772,42,tabular/fl_fedavg
Nuclear and High Energy Physics,30,69,0.7545893719806763,2.044826,42,tabular/fl_fedavg
Nutrition and Dietetics,21,87,0.6633825944170771,1.4375465,42,tabular/fl_fedavg
Obstetrics and Gynecology,26,84,0.5897435897435898,1.5054313,42,tabular/fl_fedavg
Ocean Engineering,21,84,0.7573696145124716,2.687259,42,tabular/fl_fedavg
Oncology,132,339,0.662878787878788,1.4220992,42,tabular/fl_fedavg
Organic Chemistry,75,171,0.5115009746588695,1.1103648,42,tabular/fl_fedavg
Orthopedics and Sports Medicine,24,46,0.7160326086956522,1.6594837,42,tabular/fl_fedavg
Pathology and Forensic Medicine,77,192,0.6870265151515151,1.5264356,42,tabular/fl_fedavg
Pharmacology,61,187,0.685412466029631,1.5548394,42,tabular/fl_fedavg
Physiology,91,231,0.7431616003044573,1.8940988,42,tabular/fl_fedavg
Plant Science,100,274,0.6263138686131388,1.5115558,42,tabular/fl_fedavg
Pollution,33,84,0.6230158730158731,1.8637677,42,tabular/fl_fedavg
Polymers and Plastics,28,72,0.6411210317460317,1.3304443,42,tabular/fl_fedavg
Psychiatry and Mental health,25,175,0.5830857142857142,1.5538502,42,tabular/fl_fedavg
"Public Health, Environmental and Occupational Health",59,321,0.6913775806536777,1.8538965,42,tabular/fl_fedavg
Pulmonary and Respiratory Medicine,124,369,0.7072405804703209,1.752427,42,tabular/fl_fedavg
"Radiology, Nuclear Medicine and Imaging",88,217,0.7415165479681609,1.9049485,42,tabular/fl_fedavg
Rehabilitation,27,50,0.7214814814814815,1.693068,42,tabular/fl_fedavg
"Renewable Energy, Sustainability and the Environment",42,131,0.6579425663395131,1.8446602,42,tabular/fl_fedavg
Reproductive Medicine,24,63,0.751984126984127,2.135886,42,tabular/fl_fedavg
Rheumatology,39,106,0.692428640541848,1.8486426,42,tabular/fl_fedavg
Signal Processing,44,45,0.6909090909090909,1.3385528,42,tabular/fl_fedavg
Social Psychology,46,120,0.7338768115942029,1.9937024,42,tabular/fl_fedavg
Sociology and Political Science,80,295,0.7716949152542372,2.522516,42,tabular/fl_fedavg
Strategy and Management,31,68,0.7144212523719164,1.644418,42,tabular/fl_fedavg
Surgery,127,499,0.6702933425906932,1.6960428,42,tabular/fl_fedavg
Water Science and Technology,44,88,0.6342975206611571,1.3111249,42,tabular/fl_fedavg
Aerospace Engineering,32,167,0.7547717065868265,3.03109,42,c3_lora_abstracts/central_lora
Artificial Intelligence,367,313,0.8541929642816724,1.6325368,42,c3_lora_abstracts/central_lora
Atmospheric Science,21,69,0.9475500345065563,3.8421035,42,c3_lora_abstracts/central_lora
"Atomic and Molecular Physics, and Optics",29,107,0.7002900418949404,2.3206944,42,c3_lora_abstracts/central_lora
Automotive Engineering,24,54,0.7897376543209876,2.0721993,42,c3_lora_abstracts/central_lora
Biomaterials,48,77,0.7604166666666666,1.8102757,42,c3_lora_abstracts/central_lora
Biomedical Engineering,148,396,0.7756193693693694,2.3596776,42,c3_lora_abstracts/central_lora
Building and Construction,43,94,0.8224888668975754,2.2214253,42,c3_lora_abstracts/central_lora
Cancer Research,471,275,0.8384018529241458,1.3970727,42,c3_lora_abstracts/central_lora
Cardiology and Cardiovascular Medicine,56,221,0.8468002585649644,3.58858,42,c3_lora_abstracts/central_lora
Cell Biology,60,110,0.8022727272727272,2.0714138,42,c3_lora_abstracts/central_lora
Cellular and Molecular Neuroscience,39,96,0.7828525641025641,1.8543245,42,c3_lora_abstracts/central_lora
Civil and Structural Engineering,55,233,0.8795161919625439,3.4301944,42,c3_lora_abstracts/central_lora
Clinical Psychology,34,146,0.7889806607574535,2.9738908,42,c3_lora_abstracts/central_lora
Cognitive Neuroscience,25,185,0.8217297297297298,4.881199,42,c3_lora_abstracts/central_lora
Complementary and alternative medicine,38,74,0.8421052631578948,2.291345,42,c3_lora_abstracts/central_lora
Computational Mechanics,30,99,0.7407407407407407,2.3925967,42,c3_lora_abstracts/central_lora
Computational Theory and Mathematics,42,116,0.7953612479474549,2.3638823,42,c3_lora_abstracts/central_lora
Computer Graphics and Computer-Aided Design,43,29,0.6848436246992783,1.3679254,42,c3_lora_abstracts/central_lora
Computer Networks and Communications,144,153,0.8709831154684097,1.808778,42,c3_lora_abstracts/central_lora
Computer Vision and Pattern Recognition,167,206,0.7964653217836173,1.7902843,42,c3_lora_abstracts/central_lora
Control and Systems Engineering,65,150,0.8358461538461539,2.4319224,42,c3_lora_abstracts/central_lora
Ecology,20,147,0.7806122448979592,4.20515,42,c3_lora_abstracts/central_lora
Economics and Econometrics,146,188,0.8993369280093267,1.9973505,42,c3_lora_abstracts/central_lora
Education,87,119,0.9134550371872886,2.1394925,42,c3_lora_abstracts/central_lora
Electrical and Electronic Engineering,159,388,0.7667363677624328,2.160935,42,c3_lora_abstracts/central_lora
"Electronic, Optical and Magnetic Materials",36,85,0.567156862745098,1.2704538,42,c3_lora_abstracts/central_lora
"Endocrinology, Diabetes and Metabolism",23,130,0.8827759197324415,4.1666822,42,c3_lora_abstracts/central_lora
Environmental Engineering,32,89,0.7777387640449438,2.6031404,42,c3_lora_abstracts/central_lora
Epidemiology,104,381,0.854696648495861,3.3091085,42,c3_lora_abstracts/central_lora
Experimental and Cognitive Psychology,30,73,0.8452054794520547,2.4580402,42,c3_lora_abstracts/central_lora
Finance,21,58,0.807471264367816,2.610389,42,c3_lora_abstracts/central_lora
Food Science,25,107,0.7777570093457944,2.9957073,42,c3_lora_abstracts/central_lora
General Health Professions,23,176,0.8201581027667985,4.915041,42,c3_lora_abstracts/central_lora
Genetics,76,302,0.8261153712094808,2.9861414,42,c3_lora_abstracts/central_lora
Global and Planetary Change,30,112,0.7836309523809524,2.9568899,42,c3_lora_abstracts/central_lora
Health Information Management,33,27,0.8967452300785633,1.66325,42,c3_lora_abstracts/central_lora
"Health, Toxicology and Mutagenesis",25,85,0.8489411764705882,2.8553295,42,c3_lora_abstracts/central_lora
Hematology,28,86,0.8918189368770765,2.8582945,42,c3_lora_abstracts/central_lora
Hepatology,23,77,0.8639186900056466,3.0408187,42,c3_lora_abstracts/central_lora
Immunology,101,212,0.818559686157295,2.2702854,42,c3_lora_abstracts/central_lora
Industrial and Manufacturing Engineering,146,124,0.8914052143172779,1.666754,42,c3_lora_abstracts/central_lora
Infectious Diseases,31,182,0.8474831619992911,4.5019016,42,c3_lora_abstracts/central_lora
Information Systems,148,133,0.8654236943710627,1.6597561,42,c3_lora_abstracts/central_lora
Inorganic Chemistry,64,91,0.8546531593406593,2.10663,42,c3_lora_abstracts/central_lora
Management Information Systems,22,51,0.823529411764706,2.4232259,42,c3_lora_abstracts/central_lora
Management Science and Operations Research,164,139,0.8466178276890682,1.5721415,42,c3_lora_abstracts/central_lora
Management of Technology and Innovation,22,26,0.8391608391608392,1.8741548,42,c3_lora_abstracts/central_lora
Marketing,20,32,0.71640625,1.5767685,42,c3_lora_abstracts/central_lora
Materials Chemistry,138,429,0.7290800986453159,2.0151305,42,c3_lora_abstracts/central_lora
Mechanical Engineering,75,295,0.772949152542373,2.6080086,42,c3_lora_abstracts/central_lora
Mechanics of Materials,33,194,0.7607778819119025,2.7498403,42,c3_lora_abstracts/central_lora
Molecular Biology,594,981,0.8226162405571172,1.9796929,42,c3_lora_abstracts/central_lora
Neurology,106,253,0.8358378700872547,2.4482992,42,c3_lora_abstracts/central_lora
Nuclear and High Energy Physics,30,69,0.8292270531400966,2.5362742,42,c3_lora_abstracts/central_lora
Nutrition and Dietetics,21,87,0.8360700602079912,3.2473483,42,c3_lora_abstracts/central_lora
Obstetrics and Gynecology,26,84,0.8456959706959707,3.0806231,42,c3_lora_abstracts/central_lora
Ocean Engineering,21,84,0.7698412698412698,2.6446965,42,c3_lora_abstracts/central_lora
Oncology,132,339,0.8243720389738088,2.412456,42,c3_lora_abstracts/central_lora
Organic Chemistry,75,171,0.6906822612085769,1.8579959,42,c3_lora_abstracts/central_lora
Orthopedics and Sports Medicine,24,46,0.9076086956521738,2.5203483,42,c3_lora_abstracts/central_lora
Pathology and Forensic Medicine,77,192,0.8841314935064934,2.676255,42,c3_lora_abstracts/central_lora
Pharmacology,61,187,0.86823880073639,3.0271883,42,c3_lora_abstracts/central_lora
Physiology,91,231,0.8944388944388945,2.7526493,42,c3_lora_abstracts/central_lora
Plant Science,100,274,0.7579744525547446,2.1159275,42,c3_lora_abstracts/central_lora
Pollution,33,84,0.7770562770562771,2.3928218,42,c3_lora_abstracts/central_lora
Polymers and Plastics,28,72,0.7371031746031746,2.1491861,42,c3_lora_abstracts/central_lora
Psychiatry and Mental health,25,175,0.8902857142857142,4.4712296,42,c3_lora_abstracts/central_lora
"Public Health, Environmental and Occupational Health",59,321,0.8458471936216272,4.076673,42,c3_lora_abstracts/central_lora
Pulmonary and Respiratory Medicine,124,369,0.8613952268554944,2.9159594,42,c3_lora_abstracts/central_lora
"Radiology, Nuclear Medicine and Imaging",88,217,0.8781158357771262,2.642339,42,c3_lora_abstracts/central_lora
Rehabilitation,27,50,0.9400000000000001,2.609846,42,c3_lora_abstracts/central_lora
"Renewable Energy, Sustainability and the Environment",42,131,0.7247364594692839,2.054327,42,c3_lora_abstracts/central_lora
Reproductive Medicine,24,63,0.8796296296296297,2.5621223,42,c3_lora_abstracts/central_lora
Rheumatology,39,106,0.8725205611998065,2.7708225,42,c3_lora_abstracts/central_lora
Signal Processing,44,45,0.7999999999999999,1.6217763,42,c3_lora_abstracts/central_lora
Social Psychology,46,120,0.8890398550724639,2.8575919,42,c3_lora_abstracts/central_lora
Sociology and Political Science,80,295,0.8891737288135594,3.427009,42,c3_lora_abstracts/central_lora
Strategy and Management,31,68,0.8306451612903226,2.2975092,42,c3_lora_abstracts/central_lora
Surgery,127,499,0.8410521831063702,3.376356,42,c3_lora_abstracts/central_lora
Water Science and Technology,44,88,0.7803460743801653,1.9487922,42,c3_lora_abstracts/central_lora
Aerospace Engineering,32,167,0.7467252994011977,2.6951504,42,c3_lora_abstracts/fl_fedavg_lora
Artificial Intelligence,367,313,0.8429063906468994,1.6057723,42,c3_lora_abstracts/fl_fedavg_lora
Atmospheric Science,21,69,0.9316770186335404,3.718845,42,c3_lora_abstracts/fl_fedavg_lora
"Atomic and Molecular Physics, and Optics",29,107,0.6973896229455366,1.8854345,42,c3_lora_abstracts/fl_fedavg_lora
Automotive Engineering,24,54,0.7476851851851852,1.7136219,42,c3_lora_abstracts/fl_fedavg_lora
Biomaterials,48,77,0.6649080086580086,1.580667,42,c3_lora_abstracts/fl_fedavg_lora
Biomedical Engineering,148,396,0.7516465328965329,2.199044,42,c3_lora_abstracts/fl_fedavg_lora
Building and Construction,43,94,0.8175408213755567,2.2246928,42,c3_lora_abstracts/fl_fedavg_lora
Cancer Research,471,275,0.8002238950009651,1.3425995,42,c3_lora_abstracts/fl_fedavg_lora
Cardiology and Cardiovascular Medicine,56,221,0.8290239172592114,3.486584,42,c3_lora_abstracts/fl_fedavg_lora
Cell Biology,60,110,0.7416666666666667,1.8920213,42,c3_lora_abstracts/fl_fedavg_lora
Cellular and Molecular Neuroscience,39,96,0.7593482905982906,1.8619137,42,c3_lora_abstracts/fl_fedavg_lora
Civil and Structural Engineering,55,233,0.8537261022239563,3.1471834,42,c3_lora_abstracts/fl_fedavg_lora
Clinical Psychology,34,146,0.789685737308622,2.8004816,42,c3_lora_abstracts/fl_fedavg_lora
Cognitive Neuroscience,25,185,0.8086486486486486,4.4396935,42,c3_lora_abstracts/fl_fedavg_lora
Complementary and alternative medicine,38,74,0.8737553342816501,2.3862858,42,c3_lora_abstracts/fl_fedavg_lora
Computational Mechanics,30,99,0.6941077441077441,2.20065,42,c3_lora_abstracts/fl_fedavg_lora
Computational Theory and Mathematics,42,116,0.7521551724137931,2.303465,42,c3_lora_abstracts/fl_fedavg_lora
Computer Graphics and Computer-Aided Design,43,29,0.6752205292702486,1.3536327,42,c3_lora_abstracts/fl_fedavg_lora
Computer Networks and Communications,144,153,0.8632443718228031,1.7738737,42,c3_lora_abstracts/fl_fedavg_lora
Computer Vision and Pattern Recognition,167,206,0.7889802918434974,1.752976,42,c3_lora_abstracts/fl_fedavg_lora
Control and Systems Engineering,65,150,0.814974358974359,2.2981026,42,c3_lora_abstracts/fl_fedavg_lora
Ecology,20,147,0.7649659863945579,3.6687856,42,c3_lora_abstracts/fl_fedavg_lora
Economics and Econometrics,146,188,0.8576763334304869,1.8427567,42,c3_lora_abstracts/fl_fedavg_lora
Education,87,119,0.9103158504781222,2.1341975,42,c3_lora_abstracts/fl_fedavg_lora
Electrical and Electronic Engineering,159,388,0.7461421253971342,2.018412,42,c3_lora_abstracts/fl_fedavg_lora
"Electronic, Optical and Magnetic Materials",36,85,0.588562091503268,1.3392131,42,c3_lora_abstracts/fl_fedavg_lora
"Endocrinology, Diabetes and Metabolism",23,130,0.8479933110367892,3.8098652,42,c3_lora_abstracts/fl_fedavg_lora
Environmental Engineering,32,89,0.7638693820224719,2.3387678,42,c3_lora_abstracts/fl_fedavg_lora
Epidemiology,104,381,0.8389738542297598,3.182403,42,c3_lora_abstracts/fl_fedavg_lora
Experimental and Cognitive Psychology,30,73,0.8310502283105025,2.4266517,42,c3_lora_abstracts/fl_fedavg_lora
Finance,21,58,0.797208538587849,2.6075718,42,c3_lora_abstracts/fl_fedavg_lora
Food Science,25,107,0.7364485981308412,2.8898869,42,c3_lora_abstracts/fl_fedavg_lora
General Health Professions,23,176,0.766798418972332,4.738454,42,c3_lora_abstracts/fl_fedavg_lora
Genetics,76,302,0.8167044266294877,2.8546796,42,c3_lora_abstracts/fl_fedavg_lora
Global and Planetary Change,30,112,0.777529761904762,2.9483752,42,c3_lora_abstracts/fl_fedavg_lora
Health Information Management,33,27,0.8580246913580247,1.6011784,42,c3_lora_abstracts/fl_fedavg_lora
"Health, Toxicology and Mutagenesis",25,85,0.8240000000000001,2.701711,42,c3_lora_abstracts/fl_fedavg_lora
Hematology,28,86,0.903031561461794,2.8589776,42,c3_lora_abstracts/fl_fedavg_lora
Hepatology,23,77,0.8308865047995483,2.6118853,42,c3_lora_abstracts/fl_fedavg_lora
Immunology,101,212,0.7769475060713618,2.0803974,42,c3_lora_abstracts/fl_fedavg_lora
Industrial and Manufacturing Engineering,146,124,0.8808274414494034,1.6457658,42,c3_lora_abstracts/fl_fedavg_lora
Infectious Diseases,31,182,0.8309110244594116,3.9293926,42,c3_lora_abstracts/fl_fedavg_lora
Information Systems,148,133,0.8454328388538914,1.6255721,42,c3_lora_abstracts/fl_fedavg_lora
Inorganic Chemistry,64,91,0.8135302197802198,1.8810629,42,c3_lora_abstracts/fl_fedavg_lora
Management Information Systems,22,51,0.8172905525846702,2.4130325,42,c3_lora_abstracts/fl_fedavg_lora
Management Science and Operations Research,164,139,0.7865853658536586,1.470681,42,c3_lora_abstracts/fl_fedavg_lora
Management of Technology and Innovation,22,26,0.833916083916084,1.8455043,42,c3_lora_abstracts/fl_fedavg_lora
Marketing,20,32,0.715625,1.7169548,42,c3_lora_abstracts/fl_fedavg_lora
Materials Chemistry,138,429,0.6754839363535016,1.6485695,42,c3_lora_abstracts/fl_fedavg_lora
Mechanical Engineering,75,295,0.7541242937853108,2.4878066,42,c3_lora_abstracts/fl_fedavg_lora
Mechanics of Materials,33,194,0.7294595438925336,2.4660316,42,c3_lora_abstracts/fl_fedavg_lora
Molecular Biology,594,981,0.7995371657451169,1.8794452,42,c3_lora_abstracts/fl_fedavg_lora
Neurology,106,253,0.8368446565739429,2.466166,42,c3_lora_abstracts/fl_fedavg_lora
Nuclear and High Energy Physics,30,69,0.8227053140096618,2.4894733,42,c3_lora_abstracts/fl_fedavg_lora
Nutrition and Dietetics,21,87,0.8771209633278599,3.3650956,42,c3_lora_abstracts/fl_fedavg_lora
Obstetrics and Gynecology,26,84,0.7996794871794871,2.7705946,42,c3_lora_abstracts/fl_fedavg_lora
Ocean Engineering,21,84,0.6896258503401361,2.3197973,42,c3_lora_abstracts/fl_fedavg_lora
Oncology,132,339,0.8125614552605703,2.3054674,42,c3_lora_abstracts/fl_fedavg_lora
Organic Chemistry,75,171,0.6666666666666667,1.6485325,42,c3_lora_abstracts/fl_fedavg_lora
Orthopedics and Sports Medicine,24,46,0.9166666666666667,2.478646,42,c3_lora_abstracts/fl_fedavg_lora
Pathology and Forensic Medicine,77,192,0.8555533008658008,2.6111865,42,c3_lora_abstracts/fl_fedavg_lora
Pharmacology,61,187,0.8228719207504164,2.7562234,42,c3_lora_abstracts/fl_fedavg_lora
Physiology,91,231,0.8528376385519243,2.4443455,42,c3_lora_abstracts/fl_fedavg_lora
Plant Science,100,274,0.7081569343065693,1.8419554,42,c3_lora_abstracts/fl_fedavg_lora
Pollution,33,84,0.7319624819624819,2.124749,42,c3_lora_abstracts/fl_fedavg_lora
Polymers and Plastics,28,72,0.7311507936507937,2.045072,42,c3_lora_abstracts/fl_fedavg_lora
Psychiatry and Mental health,25,175,0.8795428571428572,4.2733703,42,c3_lora_abstracts/fl_fedavg_lora
"Public Health, Environmental and Occupational Health",59,321,0.8112624742594646,3.6596735,42,c3_lora_abstracts/fl_fedavg_lora
Pulmonary and Respiratory Medicine,124,369,0.8320766675408691,2.6844838,42,c3_lora_abstracts/fl_fedavg_lora
"Radiology, Nuclear Medicine and Imaging",88,217,0.873847926267281,2.5935392,42,c3_lora_abstracts/fl_fedavg_lora
Rehabilitation,27,50,0.9214814814814815,2.584323,42,c3_lora_abstracts/fl_fedavg_lora
"Renewable Energy, Sustainability and the Environment",42,131,0.688113413304253,1.7288402,42,c3_lora_abstracts/fl_fedavg_lora
Reproductive Medicine,24,63,0.8637566137566137,2.618613,42,c3_lora_abstracts/fl_fedavg_lora
Rheumatology,39,106,0.8618771165940977,2.7162998,42,c3_lora_abstracts/fl_fedavg_lora
Signal Processing,44,45,0.8131313131313131,1.6054842,42,c3_lora_abstracts/fl_fedavg_lora
Social Psychology,46,120,0.8692934782608696,2.7771983,42,c3_lora_abstracts/fl_fedavg_lora
Sociology and Political Science,80,295,0.8697881355932204,3.286825,42,c3_lora_abstracts/fl_fedavg_lora
Strategy and Management,31,68,0.7910341555977229,2.1624494,42,c3_lora_abstracts/fl_fedavg_lora
Surgery,127,499,0.8095640099095829,3.107214,42,c3_lora_abstracts/fl_fedavg_lora
Water Science and Technology,44,88,0.7574896694214877,1.875171,42,c3_lora_abstracts/fl_fedavg_lora
Aerospace Engineering,32,167,0.7925711077844312,3.378735,42,c3_lora_abstracts/fl_ditto_lora__personal
Artificial Intelligence,367,313,0.8691923984295427,1.6614854,42,c3_lora_abstracts/fl_ditto_lora__personal
Atmospheric Science,21,69,0.937888198757764,3.741335,42,c3_lora_abstracts/fl_ditto_lora__personal
"Atomic and Molecular Physics, and Optics",29,107,0.7425072510473735,2.2075994,42,c3_lora_abstracts/fl_ditto_lora__personal
Automotive Engineering,24,54,0.7388117283950617,1.8810878,42,c3_lora_abstracts/fl_ditto_lora__personal
Biomaterials,48,77,0.7711038961038962,1.9108344,42,c3_lora_abstracts/fl_ditto_lora__personal
Biomedical Engineering,148,396,0.8127559377559378,2.4468608,42,c3_lora_abstracts/fl_ditto_lora__personal
Building and Construction,43,94,0.8322612568035626,2.3224788,42,c3_lora_abstracts/fl_ditto_lora__personal
Cancer Research,471,275,0.8654352441613588,1.4415478,42,c3_lora_abstracts/fl_ditto_lora__personal
Cardiology and Cardiovascular Medicine,56,221,0.8581528765352294,3.7117546,42,c3_lora_abstracts/fl_ditto_lora__personal
Cell Biology,60,110,0.7991666666666666,2.0523458,42,c3_lora_abstracts/fl_ditto_lora__personal
Cellular and Molecular Neuroscience,39,96,0.8051549145299146,1.9986049,42,c3_lora_abstracts/fl_ditto_lora__personal
Civil and Structural Engineering,55,233,0.9175185329691767,3.814869,42,c3_lora_abstracts/fl_ditto_lora__personal
Clinical Psychology,34,146,0.7931103948428687,2.9683094,42,c3_lora_abstracts/fl_ditto_lora__personal
Cognitive Neuroscience,25,185,0.8151351351351351,4.731784,42,c3_lora_abstracts/fl_ditto_lora__personal
Complementary and alternative medicine,38,74,0.8879800853485064,2.4566295,42,c3_lora_abstracts/fl_ditto_lora__personal
Computational Mechanics,30,99,0.7811447811447811,2.6202137,42,c3_lora_abstracts/fl_ditto_lora__personal
Computational Theory and Mathematics,42,116,0.8336412151067324,2.6980193,42,c3_lora_abstracts/fl_ditto_lora__personal
Computer Graphics and Computer-Aided Design,43,29,0.7141138732959101,1.4079783,42,c3_lora_abstracts/fl_ditto_lora__personal
Computer Networks and Communications,144,153,0.8774055918663761,1.820084,42,c3_lora_abstracts/fl_ditto_lora__personal
Computer Vision and Pattern Recognition,167,206,0.8165222952153945,1.8352396,42,c3_lora_abstracts/fl_ditto_lora__personal
Control and Systems Engineering,65,150,0.8583589743589743,2.598071,42,c3_lora_abstracts/fl_ditto_lora__personal
Ecology,20,147,0.79421768707483,3.8680398,42,c3_lora_abstracts/fl_ditto_lora__personal
Economics and Econometrics,146,188,0.9131084232002332,2.0431347,42,c3_lora_abstracts/fl_ditto_lora__personal
Education,87,119,0.9397276151840047,2.1893237,42,c3_lora_abstracts/fl_ditto_lora__personal
Electrical and Electronic Engineering,159,388,0.8017571159955911,2.2995703,42,c3_lora_abstracts/fl_ditto_lora__personal
"Electronic, Optical and Magnetic Materials",36,85,0.6233660130718954,1.5404785,42,c3_lora_abstracts/fl_ditto_lora__personal
"Endocrinology, Diabetes and Metabolism",23,130,0.8428093645484951,4.100694,42,c3_lora_abstracts/fl_ditto_lora__personal
Environmental Engineering,32,89,0.8063553370786517,2.6649354,42,c3_lora_abstracts/fl_ditto_lora__personal
Epidemiology,104,381,0.8730945891378962,3.4498384,42,c3_lora_abstracts/fl_ditto_lora__personal
Experimental and Cognitive Psychology,30,73,0.858675799086758,2.5752003,42,c3_lora_abstracts/fl_ditto_lora__personal
Finance,21,58,0.8066502463054187,2.663824,42,c3_lora_abstracts/fl_ditto_lora__personal
Food Science,25,107,0.8005607476635513,2.861084,42,c3_lora_abstracts/fl_ditto_lora__personal
General Health Professions,23,176,0.7748270750988142,4.4629664,42,c3_lora_abstracts/fl_ditto_lora__personal
Genetics,76,302,0.8503180550714535,3.3970325,42,c3_lora_abstracts/fl_ditto_lora__personal
Global and Planetary Change,30,112,0.7620535714285714,2.885735,42,c3_lora_abstracts/fl_ditto_lora__personal
Health Information Management,33,27,0.9046015712682379,1.6921072,42,c3_lora_abstracts/fl_ditto_lora__personal
"Health, Toxicology and Mutagenesis",25,85,0.8510588235294116,2.9519365,42,c3_lora_abstracts/fl_ditto_lora__personal
Hematology,28,86,0.9335548172757475,3.3491917,42,c3_lora_abstracts/fl_ditto_lora__personal
Hepatology,23,77,0.8481084133258047,3.0416052,42,c3_lora_abstracts/fl_ditto_lora__personal
Immunology,101,212,0.8268260788342985,2.3108473,42,c3_lora_abstracts/fl_ditto_lora__personal
Industrial and Manufacturing Engineering,146,124,0.888035793194874,1.6641356,42,c3_lora_abstracts/fl_ditto_lora__personal
Infectious Diseases,31,182,0.846153846153846,4.3546686,42,c3_lora_abstracts/fl_ditto_lora__personal
Information Systems,148,133,0.8696657183499289,1.668479,42,c3_lora_abstracts/fl_ditto_lora__personal
Inorganic Chemistry,64,91,0.8819539835164835,2.115503,42,c3_lora_abstracts/fl_ditto_lora__personal
Management Information Systems,22,51,0.8226381461675579,2.4189181,42,c3_lora_abstracts/fl_ditto_lora__personal
Management Science and Operations Research,164,139,0.8716660817687313,1.6124022,42,c3_lora_abstracts/fl_ditto_lora__personal
Management of Technology and Innovation,22,26,0.9230769230769231,2.0141387,42,c3_lora_abstracts/fl_ditto_lora__personal
Marketing,20,32,0.7765625,1.9045367,42,c3_lora_abstracts/fl_ditto_lora__personal
Materials Chemistry,138,429,0.7379733792777271,2.0963562,42,c3_lora_abstracts/fl_ditto_lora__personal
Mechanical Engineering,75,295,0.8140790960451977,3.0189211,42,c3_lora_abstracts/fl_ditto_lora__personal
Mechanics of Materials,33,194,0.8352858481724461,4.04863,42,c3_lora_abstracts/fl_ditto_lora__personal
Molecular Biology,594,981,0.8437338042332946,2.054353,42,c3_lora_abstracts/fl_ditto_lora__personal
Neurology,106,253,0.8553024088298904,2.583024,42,c3_lora_abstracts/fl_ditto_lora__personal
Nuclear and High Energy Physics,30,69,0.833816425120773,2.522994,42,c3_lora_abstracts/fl_ditto_lora__personal
Nutrition and Dietetics,21,87,0.8582375478927203,3.322665,42,c3_lora_abstracts/fl_ditto_lora__personal
Obstetrics and Gynecology,26,84,0.8328754578754578,2.830832,42,c3_lora_abstracts/fl_ditto_lora__personal
Ocean Engineering,21,84,0.754251700680272,2.477034,42,c3_lora_abstracts/fl_ditto_lora__personal
Oncology,132,339,0.8399593277911862,2.6077235,42,c3_lora_abstracts/fl_ditto_lora__personal
Organic Chemistry,75,171,0.7025341130604288,1.9472816,42,c3_lora_abstracts/fl_ditto_lora__personal
Orthopedics and Sports Medicine,24,46,0.9193840579710145,2.566141,42,c3_lora_abstracts/fl_ditto_lora__personal
Pathology and Forensic Medicine,77,192,0.8965097402597402,2.7740958,42,c3_lora_abstracts/fl_ditto_lora__personal
Pharmacology,61,187,0.8482072411677041,2.9607584,42,c3_lora_abstracts/fl_ditto_lora__personal
Physiology,91,231,0.8956281813424671,2.7367547,42,c3_lora_abstracts/fl_ditto_lora__personal
Plant Science,100,274,0.8030839416058395,2.4628396,42,c3_lora_abstracts/fl_ditto_lora__personal
Pollution,33,84,0.834776334776335,2.6204207,42,c3_lora_abstracts/fl_ditto_lora__personal
Polymers and Plastics,28,72,0.7242063492063493,2.3112485,42,c3_lora_abstracts/fl_ditto_lora__personal
Psychiatry and Mental health,25,175,0.9174857142857143,5.040342,42,c3_lora_abstracts/fl_ditto_lora__personal
"Public Health, Environmental and Occupational Health",59,321,0.8496752732456835,3.9234698,42,c3_lora_abstracts/fl_ditto_lora__personal
Pulmonary and Respiratory Medicine,124,369,0.861198531340152,2.970092,42,c3_lora_abstracts/fl_ditto_lora__personal
"Radiology, Nuclear Medicine and Imaging",88,217,0.908410138248848,2.8286939,42,c3_lora_abstracts/fl_ditto_lora__personal
Rehabilitation,27,50,0.9392592592592592,2.6118495,42,c3_lora_abstracts/fl_ditto_lora__personal
"Renewable Energy, Sustainability and the Environment",42,131,0.7236459469283897,2.11518,42,c3_lora_abstracts/fl_ditto_lora__personal
Reproductive Medicine,24,63,0.8485449735449735,2.499793,42,c3_lora_abstracts/fl_ditto_lora__personal
Rheumatology,39,106,0.9007014997581035,2.958541,42,c3_lora_abstracts/fl_ditto_lora__personal
Signal Processing,44,45,0.807070707070707,1.6447695,42,c3_lora_abstracts/fl_ditto_lora__personal
Social Psychology,46,120,0.8846014492753622,2.894791,42,c3_lora_abstracts/fl_ditto_lora__personal
Sociology and Political Science,80,295,0.9097669491525424,3.7042656,42,c3_lora_abstracts/fl_ditto_lora__personal
Strategy and Management,31,68,0.8379981024667932,2.3957858,42,c3_lora_abstracts/fl_ditto_lora__personal
Surgery,127,499,0.8305508655105487,3.2820492,42,c3_lora_abstracts/fl_ditto_lora__personal
Water Science and Technology,44,88,0.7773760330578512,2.0152755,42,c3_lora_abstracts/fl_ditto_lora__personal
Aerospace Engineering,32,167,0.7588884730538922,2.6200438,42,c3_lora_abstracts/fl_fedavg_lora
Artificial Intelligence,367,313,0.8435418861157299,1.6070852,42,c3_lora_abstracts/fl_fedavg_lora
Atmospheric Science,21,69,0.9365079365079365,3.7904158,42,c3_lora_abstracts/fl_fedavg_lora
"Atomic and Molecular Physics, and Optics",29,107,0.6978730261037706,2.0605457,42,c3_lora_abstracts/fl_fedavg_lora
Automotive Engineering,24,54,0.7608024691358025,1.7285174,42,c3_lora_abstracts/fl_fedavg_lora
Biomaterials,48,77,0.6933170995670995,1.5879118,42,c3_lora_abstracts/fl_fedavg_lora
Biomedical Engineering,148,396,0.7536599099099099,2.2104554,42,c3_lora_abstracts/fl_fedavg_lora
Building and Construction,43,94,0.8180356259277586,2.22305,42,c3_lora_abstracts/fl_fedavg_lora
Cancer Research,471,275,0.8010577108666281,1.3496997,42,c3_lora_abstracts/fl_fedavg_lora
Cardiology and Cardiovascular Medicine,56,221,0.8277310924369747,3.5186443,42,c3_lora_abstracts/fl_fedavg_lora
Cell Biology,60,110,0.7456818181818181,1.8877951,42,c3_lora_abstracts/fl_fedavg_lora
Cellular and Molecular Neuroscience,39,96,0.7660256410256411,1.9138916,42,c3_lora_abstracts/fl_fedavg_lora
Civil and Structural Engineering,55,233,0.8573936792820913,3.1885614,42,c3_lora_abstracts/fl_fedavg_lora
Clinical Psychology,34,146,0.7895850120870266,2.7928994,42,c3_lora_abstracts/fl_fedavg_lora
Cognitive Neuroscience,25,185,0.8167567567567569,4.4188538,42,c3_lora_abstracts/fl_fedavg_lora
Complementary and alternative medicine,38,74,0.8701991465149359,2.3494864,42,c3_lora_abstracts/fl_fedavg_lora
Computational Mechanics,30,99,0.6725589225589226,2.1709812,42,c3_lora_abstracts/fl_fedavg_lora
Computational Theory and Mathematics,42,116,0.7524630541871921,2.2758708,42,c3_lora_abstracts/fl_fedavg_lora
Computer Graphics and Computer-Aided Design,43,29,0.6848436246992782,1.3632945,42,c3_lora_abstracts/fl_fedavg_lora
Computer Networks and Communications,144,153,0.8633805374001453,1.7745453,42,c3_lora_abstracts/fl_fedavg_lora
Computer Vision and Pattern Recognition,167,206,0.7943724202081274,1.7672753,42,c3_lora_abstracts/fl_fedavg_lora
Control and Systems Engineering,65,150,0.819076923076923,2.3436894,42,c3_lora_abstracts/fl_fedavg_lora
Ecology,20,147,0.7639455782312925,3.8205068,42,c3_lora_abstracts/fl_fedavg_lora
Economics and Econometrics,146,188,0.866183328475663,1.8711773,42,c3_lora_abstracts/fl_fedavg_lora
Education,87,119,0.9084323384526224,2.1313138,42,c3_lora_abstracts/fl_fedavg_lora
Electrical and Electronic Engineering,159,388,0.7536066264669649,2.0400536,42,c3_lora_abstracts/fl_fedavg_lora
"Electronic, Optical and Magnetic Materials",36,85,0.5735294117647058,1.3096824,42,c3_lora_abstracts/fl_fedavg_lora
"Endocrinology, Diabetes and Metabolism",23,130,0.8486622073578596,3.7435768,42,c3_lora_abstracts/fl_fedavg_lora
Environmental Engineering,32,89,0.7587780898876404,2.2805848,42,c3_lora_abstracts/fl_fedavg_lora
Epidemiology,104,381,0.8388981425398747,3.2111633,42,c3_lora_abstracts/fl_fedavg_lora
Experimental and Cognitive Psychology,30,73,0.8449771689497716,2.492148,42,c3_lora_abstracts/fl_fedavg_lora
Finance,21,58,0.8054187192118226,2.5786338,42,c3_lora_abstracts/fl_fedavg_lora
Food Science,25,107,0.7345794392523364,2.8318992,42,c3_lora_abstracts/fl_fedavg_lora
General Health Professions,23,176,0.782608695652174,4.8537374,42,c3_lora_abstracts/fl_fedavg_lora
Genetics,76,302,0.8192967933077728,2.896327,42,c3_lora_abstracts/fl_fedavg_lora
Global and Planetary Change,30,112,0.7822916666666667,2.9482424,42,c3_lora_abstracts/fl_fedavg_lora
Health Information Management,33,27,0.8428731762065096,1.5733377,42,c3_lora_abstracts/fl_fedavg_lora
"Health, Toxicology and Mutagenesis",25,85,0.8254117647058823,2.6321225,42,c3_lora_abstracts/fl_fedavg_lora
Hematology,28,86,0.9055232558139535,2.9156456,42,c3_lora_abstracts/fl_fedavg_lora
Hepatology,23,77,0.834274421230943,2.6945536,42,c3_lora_abstracts/fl_fedavg_lora
Immunology,101,212,0.77867550906034,2.0761416,42,c3_lora_abstracts/fl_fedavg_lora
Industrial and Manufacturing Engineering,146,124,0.8862129916040654,1.6594571,42,c3_lora_abstracts/fl_fedavg_lora
Infectious Diseases,31,182,0.8388869195320807,3.9843588,42,c3_lora_abstracts/fl_fedavg_lora
Information Systems,148,133,0.850157488315383,1.6304659,42,c3_lora_abstracts/fl_fedavg_lora
Inorganic Chemistry,64,91,0.811298076923077,1.9045292,42,c3_lora_abstracts/fl_fedavg_lora
Management Information Systems,22,51,0.8270944741532976,2.5060995,42,c3_lora_abstracts/fl_fedavg_lora
Management Science and Operations Research,164,139,0.7910159677136339,1.4779826,42,c3_lora_abstracts/fl_fedavg_lora
Management of Technology and Innovation,22,26,0.8409090909090908,1.8468741,42,c3_lora_abstracts/fl_fedavg_lora
Marketing,20,32,0.7015625,1.5899124,42,c3_lora_abstracts/fl_fedavg_lora
Materials Chemistry,138,429,0.6729417925070098,1.6241567,42,c3_lora_abstracts/fl_fedavg_lora
Mechanical Engineering,75,295,0.7524971751412429,2.4746919,42,c3_lora_abstracts/fl_fedavg_lora
Mechanics of Materials,33,194,0.7400812246173071,2.586408,42,c3_lora_abstracts/fl_fedavg_lora
Molecular Biology,594,981,0.8018376081576897,1.8873793,42,c3_lora_abstracts/fl_fedavg_lora
Neurology,106,253,0.8363226191364009,2.4742377,42,c3_lora_abstracts/fl_fedavg_lora
Nuclear and High Energy Physics,30,69,0.8229468599033816,2.404986,42,c3_lora_abstracts/fl_fedavg_lora
Nutrition and Dietetics,21,87,0.8806787082649151,3.3581605,42,c3_lora_abstracts/fl_fedavg_lora
Obstetrics and Gynecology,26,84,0.7960164835164836,2.8088298,42,c3_lora_abstracts/fl_fedavg_lora
Ocean Engineering,21,84,0.7018140589569161,2.3843758,42,c3_lora_abstracts/fl_fedavg_lora
Oncology,132,339,0.8140587288817378,2.2989657,42,c3_lora_abstracts/fl_fedavg_lora
Organic Chemistry,75,171,0.671578947368421,1.6585572,42,c3_lora_abstracts/fl_fedavg_lora
Orthopedics and Sports Medicine,24,46,0.9189311594202898,2.4946198,42,c3_lora_abstracts/fl_fedavg_lora
Pathology and Forensic Medicine,77,192,0.8633319805194806,2.6455631,42,c3_lora_abstracts/fl_fedavg_lora
Pharmacology,61,187,0.813360217410362,2.7149136,42,c3_lora_abstracts/fl_fedavg_lora
Physiology,91,231,0.8618286475429333,2.4551222,42,c3_lora_abstracts/fl_fedavg_lora
Plant Science,100,274,0.7147445255474453,1.8656306,42,c3_lora_abstracts/fl_fedavg_lora
Pollution,33,84,0.7274531024531025,2.1274848,42,c3_lora_abstracts/fl_fedavg_lora
Polymers and Plastics,28,72,0.7318948412698414,2.0519924,42,c3_lora_abstracts/fl_fedavg_lora
Psychiatry and Mental health,25,175,0.8665142857142858,4.237447,42,c3_lora_abstracts/fl_fedavg_lora
"Public Health, Environmental and Occupational Health",59,321,0.8101536511959448,3.7280645,42,c3_lora_abstracts/fl_fedavg_lora
Pulmonary and Respiratory Medicine,124,369,0.835398636244427,2.7144349,42,c3_lora_abstracts/fl_fedavg_lora
"Radiology, Nuclear Medicine and Imaging",88,217,0.8787180561374109,2.6409872,42,c3_lora_abstracts/fl_fedavg_lora
Rehabilitation,27,50,0.9277777777777777,2.6057324,42,c3_lora_abstracts/fl_fedavg_lora
"Renewable Energy, Sustainability and the Environment",42,131,0.685478007997092,1.6674863,42,c3_lora_abstracts/fl_fedavg_lora
Reproductive Medicine,24,63,0.8690476190476191,2.6691775,42,c3_lora_abstracts/fl_fedavg_lora
Rheumatology,39,106,0.8619980648282536,2.6798024,42,c3_lora_abstracts/fl_fedavg_lora
Signal Processing,44,45,0.8095959595959595,1.6068234,42,c3_lora_abstracts/fl_fedavg_lora
Social Psychology,46,120,0.8650362318840579,2.749971,42,c3_lora_abstracts/fl_fedavg_lora
Sociology and Political Science,80,295,0.87625,3.337942,42,c3_lora_abstracts/fl_fedavg_lora
Strategy and Management,31,68,0.8031309297912713,2.2170546,42,c3_lora_abstracts/fl_fedavg_lora
Surgery,127,499,0.8155365849809857,3.1598523,42,c3_lora_abstracts/fl_fedavg_lora
Water Science and Technology,44,88,0.7698863636363636,1.9192572,42,c3_lora_abstracts/fl_fedavg_lora
Aerospace Engineering,32,167,0.8050149700598803,3.3869367,42,c3_lora_abstracts/fl_fedavg_lora_ft__personal
Artificial Intelligence,367,313,0.8747072803405559,1.6712656,42,c3_lora_abstracts/fl_fedavg_lora_ft__personal
Atmospheric Science,21,69,0.937543133195307,3.7523308,42,c3_lora_abstracts/fl_fedavg_lora_ft__personal
"Atomic and Molecular Physics, and Optics",29,107,0.7231711247180149,2.3036401,42,c3_lora_abstracts/fl_fedavg_lora_ft__personal
Automotive Engineering,24,54,0.746141975308642,1.913452,42,c3_lora_abstracts/fl_fedavg_lora_ft__personal
Biomaterials,48,77,0.8100649350649349,2.065604,42,c3_lora_abstracts/fl_fedavg_lora_ft__personal
Biomedical Engineering,148,396,0.8245034807534808,2.5244293,42,c3_lora_abstracts/fl_fedavg_lora_ft__personal
Building and Construction,43,94,0.8479713013359723,2.4394457,42,c3_lora_abstracts/fl_fedavg_lora_ft__personal
Cancer Research,471,275,0.8673769542559351,1.4491528,42,c3_lora_abstracts/fl_fedavg_lora_ft__personal
Cardiology and Cardiovascular Medicine,56,221,0.8585164835164835,3.8264031,42,c3_lora_abstracts/fl_fedavg_lora_ft__personal
Cell Biology,60,110,0.8240151515151515,2.1108491,42,c3_lora_abstracts/fl_fedavg_lora_ft__personal
Cellular and Molecular Neuroscience,39,96,0.8258547008547008,2.1152163,42,c3_lora_abstracts/fl_fedavg_lora_ft__personal
Civil and Structural Engineering,55,233,0.9203277409285993,3.8175607,42,c3_lora_abstracts/fl_fedavg_lora_ft__personal
Clinical Psychology,34,146,0.8048952457695406,3.078389,42,c3_lora_abstracts/fl_fedavg_lora_ft__personal
Cognitive Neuroscience,25,185,0.82,4.66492,42,c3_lora_abstracts/fl_fedavg_lora_ft__personal
Complementary and alternative medicine,38,74,0.8968705547652915,2.4812756,42,c3_lora_abstracts/fl_fedavg_lora_ft__personal
Computational Mechanics,30,99,0.7937710437710438,2.619313,42,c3_lora_abstracts/fl_fedavg_lora_ft__personal
Computational Theory and Mathematics,42,116,0.8558087027914614,2.8053377,42,c3_lora_abstracts/fl_fedavg_lora_ft__personal
Computer Graphics and Computer-Aided Design,43,29,0.7297514033680834,1.4209789,42,c3_lora_abstracts/fl_fedavg_lora_ft__personal
Computer Networks and Communications,144,153,0.8808551198257081,1.8306409,42,c3_lora_abstracts/fl_fedavg_lora_ft__personal
Computer Vision and Pattern Recognition,167,206,0.8254607290273821,1.8384092,42,c3_lora_abstracts/fl_fedavg_lora_ft__personal
Control and Systems Engineering,65,150,0.8620000000000001,2.654339,42,c3_lora_abstracts/fl_fedavg_lora_ft__personal
Ecology,20,147,0.7632653061224489,3.9833553,42,c3_lora_abstracts/fl_fedavg_lora_ft__personal
Economics and Econometrics,146,188,0.9190469250947246,2.0777445,42,c3_lora_abstracts/fl_fedavg_lora_ft__personal
Education,87,119,0.9371196754563894,2.1742134,42,c3_lora_abstracts/fl_fedavg_lora_ft__personal
Electrical and Electronic Engineering,159,388,0.8080302146145367,2.361207,42,c3_lora_abstracts/fl_fedavg_lora_ft__personal
"Electronic, Optical and Magnetic Materials",36,85,0.615032679738562,1.6928523,42,c3_lora_abstracts/fl_fedavg_lora_ft__personal
"Endocrinology, Diabetes and Metabolism",23,130,0.8627090301003345,4.381533,42,c3_lora_abstracts/fl_fedavg_lora_ft__personal
Environmental Engineering,32,89,0.8102176966292135,2.7267385,42,c3_lora_abstracts/fl_fedavg_lora_ft__personal
Epidemiology,104,381,0.8638577629719362,3.3943875,42,c3_lora_abstracts/fl_fedavg_lora_ft__personal
Experimental and Cognitive Psychology,30,73,0.8687214611872146,2.558347,42,c3_lora_abstracts/fl_fedavg_lora_ft__personal
Finance,21,58,0.825944170771757,2.7734673,42,c3_lora_abstracts/fl_fedavg_lora_ft__personal
Food Science,25,107,0.8310280373831775,3.2441626,42,c3_lora_abstracts/fl_fedavg_lora_ft__personal
General Health Professions,23,176,0.8270750988142294,4.668455,42,c3_lora_abstracts/fl_fedavg_lora_ft__personal
Genetics,76,302,0.8576812478215405,3.4364486,42,c3_lora_abstracts/fl_fedavg_lora_ft__personal
Global and Planetary Change,30,112,0.7641369047619048,2.9056892,42,c3_lora_abstracts/fl_fedavg_lora_ft__personal
Health Information Management,33,27,0.9012345679012346,1.6736951,42,c3_lora_abstracts/fl_fedavg_lora_ft__personal
"Health, Toxicology and Mutagenesis",25,85,0.8545882352941176,3.0301344,42,c3_lora_abstracts/fl_fedavg_lora_ft__personal
Hematology,28,86,0.910921926910299,3.1466002,42,c3_lora_abstracts/fl_fedavg_lora_ft__personal
Hepatology,23,77,0.8523433088650479,3.1613722,42,c3_lora_abstracts/fl_fedavg_lora_ft__personal
Immunology,101,212,0.8374042592938539,2.3731933,42,c3_lora_abstracts/fl_fedavg_lora_ft__personal
Industrial and Manufacturing Engineering,146,124,0.9055457357490058,1.6926488,42,c3_lora_abstracts/fl_fedavg_lora_ft__personal
Infectious Diseases,31,182,0.8523573200992556,4.380501,42,c3_lora_abstracts/fl_fedavg_lora_ft__personal
Information Systems,148,133,0.8834586466165413,1.6938852,42,c3_lora_abstracts/fl_fedavg_lora_ft__personal
Inorganic Chemistry,64,91,0.8774896978021978,2.1187422,42,c3_lora_abstracts/fl_fedavg_lora_ft__personal
Management Information Systems,22,51,0.8262032085561497,2.3825562,42,c3_lora_abstracts/fl_fedavg_lora_ft__personal
Management Science and Operations Research,164,139,0.8833128619055975,1.6357818,42,c3_lora_abstracts/fl_fedavg_lora_ft__personal
Management of Technology and Innovation,22,26,0.9335664335664335,2.0357876,42,c3_lora_abstracts/fl_fedavg_lora_ft__personal
Marketing,20,32,0.7765625,1.9032531,42,c3_lora_abstracts/fl_fedavg_lora_ft__personal
Materials Chemistry,138,429,0.7375173136042701,2.2705095,42,c3_lora_abstracts/fl_fedavg_lora_ft__personal
Mechanical Engineering,75,295,0.820135593220339,3.0986032,42,c3_lora_abstracts/fl_fedavg_lora_ft__personal
Mechanics of Materials,33,194,0.8496563573883161,4.2905726,42,c3_lora_abstracts/fl_fedavg_lora_ft__personal
Molecular Biology,594,981,0.8536743582615143,2.0801609,42,c3_lora_abstracts/fl_fedavg_lora_ft__personal
Neurology,106,253,0.8587888731449027,2.6208227,42,c3_lora_abstracts/fl_fedavg_lora_ft__personal
Nuclear and High Energy Physics,30,69,0.8531400966183574,2.609758,42,c3_lora_abstracts/fl_fedavg_lora_ft__personal
Nutrition and Dietetics,21,87,0.8697318007662835,3.532535,42,c3_lora_abstracts/fl_fedavg_lora_ft__personal
Obstetrics and Gynecology,26,84,0.8152472527472527,2.8824484,42,c3_lora_abstracts/fl_fedavg_lora_ft__personal
Ocean Engineering,21,84,0.778344671201814,2.676588,42,c3_lora_abstracts/fl_fedavg_lora_ft__personal
Oncology,132,339,0.8382274068114776,2.527223,42,c3_lora_abstracts/fl_fedavg_lora_ft__personal
Organic Chemistry,75,171,0.7474463937621832,2.1052225,42,c3_lora_abstracts/fl_fedavg_lora_ft__personal
Orthopedics and Sports Medicine,24,46,0.9356884057971016,2.6409626,42,c3_lora_abstracts/fl_fedavg_lora_ft__personal
Pathology and Forensic Medicine,77,192,0.8966450216450216,2.8002114,42,c3_lora_abstracts/fl_fedavg_lora_ft__personal
Pharmacology,61,187,0.8447444551591129,2.955482,42,c3_lora_abstracts/fl_fedavg_lora_ft__personal
Physiology,91,231,0.9076637648066219,2.7693925,42,c3_lora_abstracts/fl_fedavg_lora_ft__personal
Plant Science,100,274,0.8202919708029197,2.4765797,42,c3_lora_abstracts/fl_fedavg_lora_ft__personal
Pollution,33,84,0.8315295815295816,2.578513,42,c3_lora_abstracts/fl_fedavg_lora_ft__personal
Polymers and Plastics,28,72,0.7182539682539683,2.2874694,42,c3_lora_abstracts/fl_fedavg_lora_ft__personal
Psychiatry and Mental health,25,175,0.9117714285714286,5.203585,42,c3_lora_abstracts/fl_fedavg_lora_ft__personal
"Public Health, Environmental and Occupational Health",59,321,0.8401446750092403,3.8325968,42,c3_lora_abstracts/fl_fedavg_lora_ft__personal
Pulmonary and Respiratory Medicine,124,369,0.8695690182708278,3.0841885,42,c3_lora_abstracts/fl_fedavg_lora_ft__personal
"Radiology, Nuclear Medicine and Imaging",88,217,0.9135421030582321,2.9235435,42,c3_lora_abstracts/fl_fedavg_lora_ft__personal
Rehabilitation,27,50,0.9422222222222222,2.617619,42,c3_lora_abstracts/fl_fedavg_lora_ft__personal
"Renewable Energy, Sustainability and the Environment",42,131,0.7272809887313705,2.1631153,42,c3_lora_abstracts/fl_fedavg_lora_ft__personal
Reproductive Medicine,24,63,0.857473544973545,2.6510093,42,c3_lora_abstracts/fl_fedavg_lora_ft__personal
Rheumatology,39,106,0.8971940009675858,2.9153514,42,c3_lora_abstracts/fl_fedavg_lora_ft__personal
Signal Processing,44,45,0.7959595959595961,1.6452464,42,c3_lora_abstracts/fl_fedavg_lora_ft__personal
Social Psychology,46,120,0.8791666666666667,2.89038,42,c3_lora_abstracts/fl_fedavg_lora_ft__personal
Sociology and Political Science,80,295,0.9151059322033899,3.7440565,42,c3_lora_abstracts/fl_fedavg_lora_ft__personal
Strategy and Management,31,68,0.8337286527514232,2.4028845,42,c3_lora_abstracts/fl_fedavg_lora_ft__personal
Surgery,127,499,0.8345983305193064,3.284526,42,c3_lora_abstracts/fl_fedavg_lora_ft__personal
Water Science and Technology,44,88,0.7822830578512396,2.062378,42,c3_lora_abstracts/fl_fedavg_lora_ft__personal
Aerospace Engineering,32,167,0.8207335329341318,3.3556502,42,c3_lora_abstracts/fl_fedper_lora__personal
Artificial Intelligence,367,313,0.8663065525676629,1.6527424,42,c3_lora_abstracts/fl_fedper_lora__personal
Atmospheric Science,21,69,0.9358178053830227,3.8464432,42,c3_lora_abstracts/fl_fedper_lora__personal
"Atomic and Molecular Physics, and Optics",29,107,0.7289719626168225,2.3019326,42,c3_lora_abstracts/fl_fedper_lora__personal
Automotive Engineering,24,54,0.7673611111111112,1.8563031,42,c3_lora_abstracts/fl_fedper_lora__personal
Biomaterials,48,77,0.7721861471861472,1.9593536,42,c3_lora_abstracts/fl_fedper_lora__personal
Biomedical Engineering,148,396,0.8105292792792793,2.4937437,42,c3_lora_abstracts/fl_fedper_lora__personal
Building and Construction,43,94,0.8385700148441365,2.3323872,42,c3_lora_abstracts/fl_fedper_lora__personal
Cancer Research,471,275,0.8568886315383131,1.4282069,42,c3_lora_abstracts/fl_fedper_lora__personal
Cardiology and Cardiovascular Medicine,56,221,0.8694650937297996,3.763226,42,c3_lora_abstracts/fl_fedper_lora__personal
Cell Biology,60,110,0.7908333333333333,1.995933,42,c3_lora_abstracts/fl_fedper_lora__personal
Cellular and Molecular Neuroscience,39,96,0.810630341880342,2.0301778,42,c3_lora_abstracts/fl_fedper_lora__personal
Civil and Structural Engineering,55,233,0.9128755364806866,3.7310002,42,c3_lora_abstracts/fl_fedper_lora__personal
Clinical Psychology,34,146,0.8179895245769541,3.2081473,42,c3_lora_abstracts/fl_fedper_lora__personal
Cognitive Neuroscience,25,185,0.8601081081081081,4.929683,42,c3_lora_abstracts/fl_fedper_lora__personal
Complementary and alternative medicine,38,74,0.900960170697013,2.5254943,42,c3_lora_abstracts/fl_fedper_lora__personal
Computational Mechanics,30,99,0.7994949494949495,2.6655393,42,c3_lora_abstracts/fl_fedper_lora__personal
Computational Theory and Mathematics,42,116,0.8614532019704434,2.7197134,42,c3_lora_abstracts/fl_fedper_lora__personal
Computer Graphics and Computer-Aided Design,43,29,0.706896551724138,1.4057134,42,c3_lora_abstracts/fl_fedper_lora__personal
Computer Networks and Communications,144,153,0.8789261074800291,1.8188444,42,c3_lora_abstracts/fl_fedper_lora__personal
Computer Vision and Pattern Recognition,167,206,0.8170019184931109,1.8421383,42,c3_lora_abstracts/fl_fedper_lora__personal
Control and Systems Engineering,65,150,0.8397435897435898,2.5148857,42,c3_lora_abstracts/fl_fedper_lora__personal
Ecology,20,147,0.779421768707483,3.8235247,42,c3_lora_abstracts/fl_fedper_lora__personal
Economics and Econometrics,146,188,0.9106856601573884,2.0330372,42,c3_lora_abstracts/fl_fedper_lora__personal
Education,87,119,0.931710615280595,2.174309,42,c3_lora_abstracts/fl_fedper_lora__personal
Electrical and Electronic Engineering,159,388,0.7907184075731051,2.2544768,42,c3_lora_abstracts/fl_fedper_lora__personal
"Electronic, Optical and Magnetic Materials",36,85,0.5790849673202615,1.2355683,42,c3_lora_abstracts/fl_fedper_lora__personal
"Endocrinology, Diabetes and Metabolism",23,130,0.8578595317725752,4.0111775,42,c3_lora_abstracts/fl_fedper_lora__personal
Environmental Engineering,32,89,0.8049508426966292,2.5481591,42,c3_lora_abstracts/fl_fedper_lora__personal
Epidemiology,104,381,0.8523243488794671,3.39142,42,c3_lora_abstracts/fl_fedper_lora__personal
Experimental and Cognitive Psychology,30,73,0.8755707762557078,2.6370707,42,c3_lora_abstracts/fl_fedper_lora__personal
Finance,21,58,0.8156814449917897,2.5803816,42,c3_lora_abstracts/fl_fedper_lora__personal
Food Science,25,107,0.7809345794392524,2.7257223,42,c3_lora_abstracts/fl_fedper_lora__personal
General Health Professions,23,176,0.8129940711462451,4.8531427,42,c3_lora_abstracts/fl_fedper_lora__personal
Genetics,76,302,0.8517122690833043,3.3203557,42,c3_lora_abstracts/fl_fedper_lora__personal
Global and Planetary Change,30,112,0.7842261904761905,2.9430113,42,c3_lora_abstracts/fl_fedper_lora__personal
Health Information Management,33,27,0.9001122334455668,1.6748129,42,c3_lora_abstracts/fl_fedper_lora__personal
"Health, Toxicology and Mutagenesis",25,85,0.8294117647058824,2.860747,42,c3_lora_abstracts/fl_fedper_lora__personal
Hematology,28,86,0.9391611295681064,3.392812,42,c3_lora_abstracts/fl_fedper_lora__personal
Hepatology,23,77,0.8769057029926595,3.2104778,42,c3_lora_abstracts/fl_fedper_lora__personal
Immunology,101,212,0.8250980758453202,2.2481754,42,c3_lora_abstracts/fl_fedper_lora__personal
Industrial and Manufacturing Engineering,146,124,0.8935594343791428,1.6752563,42,c3_lora_abstracts/fl_fedper_lora__personal
Infectious Diseases,31,182,0.8387982984757177,3.9878476,42,c3_lora_abstracts/fl_fedper_lora__personal
Information Systems,148,133,0.8738569396464134,1.6707509,42,c3_lora_abstracts/fl_fedper_lora__personal
Inorganic Chemistry,64,91,0.8615212912087912,2.0967593,42,c3_lora_abstracts/fl_fedper_lora__personal
Management Information Systems,22,51,0.8306595365418895,2.4492023,42,c3_lora_abstracts/fl_fedper_lora__personal
Management Science and Operations Research,164,139,0.8650201789787682,1.610582,42,c3_lora_abstracts/fl_fedper_lora__personal
Management of Technology and Innovation,22,26,0.8977272727272727,1.9421061,42,c3_lora_abstracts/fl_fedper_lora__personal
Marketing,20,32,0.753125,1.8022398,42,c3_lora_abstracts/fl_fedper_lora__personal
Materials Chemistry,138,429,0.7393669132799568,2.0524738,42,c3_lora_abstracts/fl_fedper_lora__personal
Mechanical Engineering,75,295,0.8026892655367232,2.884049,42,c3_lora_abstracts/fl_fedper_lora__personal
Mechanics of Materials,33,194,0.820134333020931,3.63317,42,c3_lora_abstracts/fl_fedper_lora__personal
Molecular Biology,594,981,0.8383975672456814,2.0246649,42,c3_lora_abstracts/fl_fedper_lora__personal
Neurology,106,253,0.8551718994705049,2.5780303,42,c3_lora_abstracts/fl_fedper_lora__personal
Nuclear and High Energy Physics,30,69,0.8528985507246376,2.5977912,42,c3_lora_abstracts/fl_fedper_lora__personal
Nutrition and Dietetics,21,87,0.8574165298303229,3.4065359,42,c3_lora_abstracts/fl_fedper_lora__personal
Obstetrics and Gynecology,26,84,0.8443223443223443,3.044729,42,c3_lora_abstracts/fl_fedper_lora__personal
Ocean Engineering,21,84,0.7718253968253967,2.5735042,42,c3_lora_abstracts/fl_fedper_lora__personal
Oncology,132,339,0.8447193170644498,2.5539956,42,c3_lora_abstracts/fl_fedper_lora__personal
Organic Chemistry,75,171,0.707485380116959,1.9136807,42,c3_lora_abstracts/fl_fedper_lora__personal
Orthopedics and Sports Medicine,24,46,0.9171195652173914,2.475048,42,c3_lora_abstracts/fl_fedper_lora__personal
Pathology and Forensic Medicine,77,192,0.9021239177489178,2.813305,42,c3_lora_abstracts/fl_fedper_lora__personal
Pharmacology,61,187,0.8475059174191287,2.8841426,42,c3_lora_abstracts/fl_fedper_lora__personal
Physiology,91,231,0.9013843299557585,2.7593882,42,c3_lora_abstracts/fl_fedper_lora__personal
Plant Science,100,274,0.7998722627737227,2.3384066,42,c3_lora_abstracts/fl_fedper_lora__personal
Pollution,33,84,0.8178210678210678,2.5273256,42,c3_lora_abstracts/fl_fedper_lora__personal
Polymers and Plastics,28,72,0.7559523809523809,2.3493967,42,c3_lora_abstracts/fl_fedper_lora__personal
Psychiatry and Mental health,25,175,0.9128000000000001,5.072234,42,c3_lora_abstracts/fl_fedper_lora__personal
"Public Health, Environmental and Occupational Health",59,321,0.8302972701832199,3.8491325,42,c3_lora_abstracts/fl_fedper_lora__personal
Pulmonary and Respiratory Medicine,124,369,0.8688368738526094,2.9752817,42,c3_lora_abstracts/fl_fedper_lora__personal
"Radiology, Nuclear Medicine and Imaging",88,217,0.8795297444490993,2.7196763,42,c3_lora_abstracts/fl_fedper_lora__personal
Rehabilitation,27,50,0.9381481481481482,2.6153808,42,c3_lora_abstracts/fl_fedper_lora__personal
"Renewable Energy, Sustainability and the Environment",42,131,0.7243729552889858,2.03387,42,c3_lora_abstracts/fl_fedper_lora__personal
Reproductive Medicine,24,63,0.8548280423280424,2.6247046,42,c3_lora_abstracts/fl_fedper_lora__personal
Rheumatology,39,106,0.8800193517174649,2.8958445,42,c3_lora_abstracts/fl_fedper_lora__personal
Signal Processing,44,45,0.8126262626262626,1.6693997,42,c3_lora_abstracts/fl_fedper_lora__personal
Social Psychology,46,120,0.875,2.8744297,42,c3_lora_abstracts/fl_fedper_lora__personal
Sociology and Political Science,80,295,0.9011016949152543,3.6811976,42,c3_lora_abstracts/fl_fedper_lora__personal
Strategy and Management,31,68,0.8413187855787477,2.4254894,42,c3_lora_abstracts/fl_fedper_lora__personal
Surgery,127,499,0.8377858078361448,3.2729995,42,c3_lora_abstracts/fl_fedper_lora__personal
Water Science and Technology,44,88,0.7723398760330579,1.9613501,42,c3_lora_abstracts/fl_fedper_lora__personal
Aerospace Engineering,32,167,0.8027694610778443,3.268034,42,c3_lora_abstracts/local_lora__personal
Artificial Intelligence,367,313,0.8760566200346475,1.6710596,42,c3_lora_abstracts/local_lora__personal
Atmospheric Science,21,69,0.9033816425120773,3.7291334,42,c3_lora_abstracts/local_lora__personal
"Atomic and Molecular Physics, and Optics",29,107,0.7077022236545278,2.0743403,42,c3_lora_abstracts/local_lora__personal
Automotive Engineering,24,54,0.7202932098765432,1.8555901,42,c3_lora_abstracts/local_lora__personal
Biomaterials,48,77,0.7685335497835498,1.9202018,42,c3_lora_abstracts/local_lora__personal
Biomedical Engineering,148,396,0.8018956456456456,2.3968031,42,c3_lora_abstracts/local_lora__personal
Building and Construction,43,94,0.849208312716477,2.4021046,42,c3_lora_abstracts/local_lora__personal
Cancer Research,471,275,0.8667477320980506,1.4473715,42,c3_lora_abstracts/local_lora__personal
Cardiology and Cardiovascular Medicine,56,221,0.8663542340012929,3.737054,42,c3_lora_abstracts/local_lora__personal
Cell Biology,60,110,0.8304545454545454,2.163828,42,c3_lora_abstracts/local_lora__personal
Cellular and Molecular Neuroscience,39,96,0.8014155982905983,2.0390687,42,c3_lora_abstracts/local_lora__personal
Civil and Structural Engineering,55,233,0.9234100663285212,4.028996,42,c3_lora_abstracts/local_lora__personal
Clinical Psychology,34,146,0.7864625302175665,2.9264836,42,c3_lora_abstracts/local_lora__personal
Cognitive Neuroscience,25,185,0.8091891891891891,4.8642063,42,c3_lora_abstracts/local_lora__personal
Complementary and alternative medicine,38,74,0.9046941678520626,2.515362,42,c3_lora_abstracts/local_lora__personal
Computational Mechanics,30,99,0.8175084175084176,2.8849604,42,c3_lora_abstracts/local_lora__personal
Computational Theory and Mathematics,42,116,0.8562192118226601,2.8508031,42,c3_lora_abstracts/local_lora__personal
Computer Graphics and Computer-Aided Design,43,29,0.7181234963913392,1.410063,42,c3_lora_abstracts/local_lora__personal
Computer Networks and Communications,144,153,0.8746368917937545,1.8146802,42,c3_lora_abstracts/local_lora__personal
Computer Vision and Pattern Recognition,167,206,0.8051421428986687,1.8170675,42,c3_lora_abstracts/local_lora__personal
Control and Systems Engineering,65,150,0.8432307692307691,2.5669627,42,c3_lora_abstracts/local_lora__personal
Ecology,20,147,0.7275510204081632,3.3319795,42,c3_lora_abstracts/local_lora__personal
Economics and Econometrics,146,188,0.899992713494608,1.9796171,42,c3_lora_abstracts/local_lora__personal
Education,87,119,0.9417560127499277,2.1906152,42,c3_lora_abstracts/local_lora__personal
Electrical and Electronic Engineering,159,388,0.7921691629384685,2.2053685,42,c3_lora_abstracts/local_lora__personal
"Electronic, Optical and Magnetic Materials",36,85,0.6228758169934641,1.466846,42,c3_lora_abstracts/local_lora__personal
"Endocrinology, Diabetes and Metabolism",23,130,0.8379598662207358,4.3390884,42,c3_lora_abstracts/local_lora__personal
Environmental Engineering,32,89,0.7800210674157303,2.4752026,42,c3_lora_abstracts/local_lora__personal
Epidemiology,104,381,0.8656117504542702,3.4268029,42,c3_lora_abstracts/local_lora__personal
Experimental and Cognitive Psychology,30,73,0.8575342465753425,2.522547,42,c3_lora_abstracts/local_lora__personal
Finance,21,58,0.8522167487684729,2.7281454,42,c3_lora_abstracts/local_lora__personal
Food Science,25,107,0.8063551401869158,2.7485142,42,c3_lora_abstracts/local_lora__personal
General Health Professions,23,176,0.8173171936758894,4.6153665,42,c3_lora_abstracts/local_lora__personal
Genetics,76,302,0.8341538863715581,3.230791,42,c3_lora_abstracts/local_lora__personal
Global and Planetary Change,30,112,0.7677083333333333,2.8162782,42,c3_lora_abstracts/local_lora__personal
Health Information Management,33,27,0.9326599326599327,1.7239683,42,c3_lora_abstracts/local_lora__personal
"Health, Toxicology and Mutagenesis",25,85,0.8296470588235295,2.9204314,42,c3_lora_abstracts/local_lora__personal
Hematology,28,86,0.9426910299003323,3.4839354,42,c3_lora_abstracts/local_lora__personal
Hepatology,23,77,0.8594014680971204,2.8889637,42,c3_lora_abstracts/local_lora__personal
Immunology,101,212,0.8358864188305624,2.30615,42,c3_lora_abstracts/local_lora__personal
Industrial and Manufacturing Engineering,146,124,0.9035019885108263,1.6850574,42,c3_lora_abstracts/local_lora__personal
Infectious Diseases,31,182,0.8028181495923433,3.8931735,42,c3_lora_abstracts/local_lora__personal
Information Systems,148,133,0.8659825238772607,1.6627245,42,c3_lora_abstracts/local_lora__personal
Inorganic Chemistry,64,91,0.8390281593406594,2.0327992,42,c3_lora_abstracts/local_lora__personal
Management Information Systems,22,51,0.8279857397504456,2.3454812,42,c3_lora_abstracts/local_lora__personal
Management Science and Operations Research,164,139,0.8856158975258817,1.6335436,42,c3_lora_abstracts/local_lora__personal
Management of Technology and Innovation,22,26,0.9064685314685315,1.9637059,42,c3_lora_abstracts/local_lora__personal
Marketing,20,32,0.7992187500000001,1.998285,42,c3_lora_abstracts/local_lora__personal
Materials Chemistry,138,429,0.7358197358197358,2.149701,42,c3_lora_abstracts/local_lora__personal
Mechanical Engineering,75,295,0.7734463276836158,2.763406,42,c3_lora_abstracts/local_lora__personal
Mechanics of Materials,33,194,0.8166979069040925,3.8903754,42,c3_lora_abstracts/local_lora__personal
Molecular Biology,594,981,0.8444682983418967,2.0597746,42,c3_lora_abstracts/local_lora__personal
Neurology,106,253,0.8457565814005519,2.543006,42,c3_lora_abstracts/local_lora__personal
Nuclear and High Energy Physics,30,69,0.8429951690821256,2.479174,42,c3_lora_abstracts/local_lora__personal
Nutrition and Dietetics,21,87,0.8407224958949097,2.9477563,42,c3_lora_abstracts/local_lora__personal
Obstetrics and Gynecology,26,84,0.805631868131868,2.9174714,42,c3_lora_abstracts/local_lora__personal
Ocean Engineering,21,84,0.7616213151927438,2.7340698,42,c3_lora_abstracts/local_lora__personal
Oncology,132,339,0.8384061857513185,2.5417829,42,c3_lora_abstracts/local_lora__personal
Organic Chemistry,75,171,0.7483430799220272,2.0926225,42,c3_lora_abstracts/local_lora__personal
Orthopedics and Sports Medicine,24,46,0.8922101449275363,2.4381065,42,c3_lora_abstracts/local_lora__personal
Pathology and Forensic Medicine,77,192,0.8920792748917749,2.759149,42,c3_lora_abstracts/local_lora__personal
Pharmacology,61,187,0.8572367844306128,3.0329175,42,c3_lora_abstracts/local_lora__personal
Physiology,91,231,0.8831406688549545,2.6391098,42,c3_lora_abstracts/local_lora__personal
Plant Science,100,274,0.7708211678832116,2.3646283,42,c3_lora_abstracts/local_lora__personal
Pollution,33,84,0.8556998556998556,2.7264,42,c3_lora_abstracts/local_lora__personal
Polymers and Plastics,28,72,0.738343253968254,2.231599,42,c3_lora_abstracts/local_lora__personal
Psychiatry and Mental health,25,175,0.9108571428571429,5.533033,42,c3_lora_abstracts/local_lora__personal
"Public Health, Environmental and Occupational Health",59,321,0.8137969269760811,3.5130243,42,c3_lora_abstracts/local_lora__personal
Pulmonary and Respiratory Medicine,124,369,0.8602587638779614,2.9636972,42,c3_lora_abstracts/local_lora__personal
"Radiology, Nuclear Medicine and Imaging",88,217,0.8919669040636782,2.828083,42,c3_lora_abstracts/local_lora__personal
Rehabilitation,27,50,0.9266666666666666,2.5611072,42,c3_lora_abstracts/local_lora__personal
"Renewable Energy, Sustainability and the Environment",42,131,0.7172846237731734,1.9900126,42,c3_lora_abstracts/local_lora__personal
Reproductive Medicine,24,63,0.8475529100529101,2.703153,42,c3_lora_abstracts/local_lora__personal
Rheumatology,39,106,0.9059022738268021,3.1168597,42,c3_lora_abstracts/local_lora__personal
Signal Processing,44,45,0.7916666666666666,1.6378915,42,c3_lora_abstracts/local_lora__personal
Social Psychology,46,120,0.8576992753623189,2.8300524,42,c3_lora_abstracts/local_lora__personal
Sociology and Political Science,80,295,0.9016101694915255,3.6430256,42,c3_lora_abstracts/local_lora__personal
Strategy and Management,31,68,0.8429791271347248,2.4564974,42,c3_lora_abstracts/local_lora__personal
Surgery,127,499,0.8446735991668377,3.321081,42,c3_lora_abstracts/local_lora__personal
Water Science and Technology,44,88,0.7602014462809917,1.9967105,42,c3_lora_abstracts/local_lora__personal
Aerospace Engineering,32,167,0.8080089820359282,3.419418,42,c3_lora_abstracts_modernbert-large/central_lora
Artificial Intelligence,367,313,0.8605609770960468,1.6392659,42,c3_lora_abstracts_modernbert-large/central_lora
Atmospheric Science,21,69,0.9385783298826776,3.7997906,42,c3_lora_abstracts_modernbert-large/central_lora
"Atomic and Molecular Physics, and Optics",29,107,0.7201095713825331,2.3593657,42,c3_lora_abstracts_modernbert-large/central_lora
Automotive Engineering,24,54,0.8221450617283951,2.2356377,42,c3_lora_abstracts_modernbert-large/central_lora
Biomaterials,48,77,0.7605519480519481,1.795439,42,c3_lora_abstracts_modernbert-large/central_lora
Biomedical Engineering,148,396,0.7758155883155883,2.361023,42,c3_lora_abstracts_modernbert-large/central_lora
Building and Construction,43,94,0.842899554675903,2.3221405,42,c3_lora_abstracts_modernbert-large/central_lora
Cancer Research,471,275,0.847257286238178,1.4105294,42,c3_lora_abstracts_modernbert-large/central_lora
Cardiology and Cardiovascular Medicine,56,221,0.8427601809954751,3.5186958,42,c3_lora_abstracts_modernbert-large/central_lora
Cell Biology,60,110,0.8293939393939394,2.113044,42,c3_lora_abstracts_modernbert-large/central_lora
Cellular and Molecular Neuroscience,39,96,0.8400106837606838,2.2127995,42,c3_lora_abstracts_modernbert-large/central_lora
Civil and Structural Engineering,55,233,0.8876706984003122,3.6419284,42,c3_lora_abstracts_modernbert-large/central_lora
Clinical Psychology,34,146,0.8004633360193393,3.081895,42,c3_lora_abstracts_modernbert-large/central_lora
Cognitive Neuroscience,25,185,0.8407567567567568,4.9618697,42,c3_lora_abstracts_modernbert-large/central_lora
Complementary and alternative medicine,38,74,0.8549075391180654,2.3075068,42,c3_lora_abstracts_modernbert-large/central_lora
Computational Mechanics,30,99,0.7447811447811448,2.2893972,42,c3_lora_abstracts_modernbert-large/central_lora
Computational Theory and Mathematics,42,116,0.8414408866995073,2.5559435,42,c3_lora_abstracts_modernbert-large/central_lora
Computer Graphics and Computer-Aided Design,43,29,0.6676022453889335,1.3462585,42,c3_lora_abstracts_modernbert-large/central_lora
Computer Networks and Communications,144,153,0.8767701525054467,1.8141477,42,c3_lora_abstracts_modernbert-large/central_lora
Computer Vision and Pattern Recognition,167,206,0.7958694261961514,1.7818365,42,c3_lora_abstracts_modernbert-large/central_lora
Control and Systems Engineering,65,150,0.8368205128205127,2.5362895,42,c3_lora_abstracts_modernbert-large/central_lora
Ecology,20,147,0.8316326530612245,4.852406,42,c3_lora_abstracts_modernbert-large/central_lora
Economics and Econometrics,146,188,0.9144564266977558,2.0366547,42,c3_lora_abstracts_modernbert-large/central_lora
Education,87,119,0.9192987539843525,2.158627,42,c3_lora_abstracts_modernbert-large/central_lora
Electrical and Electronic Engineering,159,388,0.7857177591908189,2.2234836,42,c3_lora_abstracts_modernbert-large/central_lora
"Electronic, Optical and Magnetic Materials",36,85,0.6480392156862745,1.6487132,42,c3_lora_abstracts_modernbert-large/central_lora
"Endocrinology, Diabetes and Metabolism",23,130,0.8929765886287626,4.2528286,42,c3_lora_abstracts_modernbert-large/central_lora
Environmental Engineering,32,89,0.778441011235955,2.551568,42,c3_lora_abstracts_modernbert-large/central_lora
Epidemiology,104,381,0.8636684837472239,3.3426478,42,c3_lora_abstracts_modernbert-large/central_lora
Experimental and Cognitive Psychology,30,73,0.8773972602739725,2.6380165,42,c3_lora_abstracts_modernbert-large/central_lora
Finance,21,58,0.849343185550082,2.7007794,42,c3_lora_abstracts_modernbert-large/central_lora
Food Science,25,107,0.8349532710280374,3.4507108,42,c3_lora_abstracts_modernbert-large/central_lora
General Health Professions,23,176,0.8651185770750988,5.6101813,42,c3_lora_abstracts_modernbert-large/central_lora
Genetics,76,302,0.8528232833739979,3.1636512,42,c3_lora_abstracts_modernbert-large/central_lora
Global and Planetary Change,30,112,0.8266369047619048,3.1085262,42,c3_lora_abstracts_modernbert-large/central_lora
Health Information Management,33,27,0.89337822671156,1.6689488,42,c3_lora_abstracts_modernbert-large/central_lora
"Health, Toxicology and Mutagenesis",25,85,0.8371764705882353,2.7890568,42,c3_lora_abstracts_modernbert-large/central_lora
Hematology,28,86,0.908637873754153,3.116915,42,c3_lora_abstracts_modernbert-large/central_lora
Hepatology,23,77,0.8605307735742518,3.2014878,42,c3_lora_abstracts_modernbert-large/central_lora
Immunology,101,212,0.8263590509994395,2.3286355,42,c3_lora_abstracts_modernbert-large/central_lora
Industrial and Manufacturing Engineering,146,124,0.913527397260274,1.7180641,42,c3_lora_abstracts_modernbert-large/central_lora
Infectious Diseases,31,182,0.8528890464374336,4.6058908,42,c3_lora_abstracts_modernbert-large/central_lora
Information Systems,148,133,0.8753048160942898,1.6811736,42,c3_lora_abstracts_modernbert-large/central_lora
Inorganic Chemistry,64,91,0.8628090659340659,2.1275632,42,c3_lora_abstracts_modernbert-large/central_lora
Management Information Systems,22,51,0.8003565062388591,2.3108668,42,c3_lora_abstracts_modernbert-large/central_lora
Management Science and Operations Research,164,139,0.861905597473241,1.5886784,42,c3_lora_abstracts_modernbert-large/central_lora
Management of Technology and Innovation,22,26,0.840034965034965,1.8128891,42,c3_lora_abstracts_modernbert-large/central_lora
Marketing,20,32,0.6875,1.554508,42,c3_lora_abstracts_modernbert-large/central_lora
Materials Chemistry,138,429,0.7478970305057262,2.2568288,42,c3_lora_abstracts_modernbert-large/central_lora
Mechanical Engineering,75,295,0.7496271186440677,2.6779644,42,c3_lora_abstracts_modernbert-large/central_lora
Mechanics of Materials,33,194,0.8313808184942206,3.2291315,42,c3_lora_abstracts_modernbert-large/central_lora
Molecular Biology,594,981,0.833450028658999,2.0145364,42,c3_lora_abstracts_modernbert-large/central_lora
Neurology,106,253,0.8506413602804086,2.5435104,42,c3_lora_abstracts_modernbert-large/central_lora
Nuclear and High Energy Physics,30,69,0.8379227053140097,2.7238293,42,c3_lora_abstracts_modernbert-large/central_lora
Nutrition and Dietetics,21,87,0.8442802408319648,2.9970663,42,c3_lora_abstracts_modernbert-large/central_lora
Obstetrics and Gynecology,26,84,0.8472985347985349,3.1711075,42,c3_lora_abstracts_modernbert-large/central_lora
Ocean Engineering,21,84,0.7658730158730159,2.645742,42,c3_lora_abstracts_modernbert-large/central_lora
Oncology,132,339,0.8317578439259855,2.4269733,42,c3_lora_abstracts_modernbert-large/central_lora
Organic Chemistry,75,171,0.6879922027290448,1.8382094,42,c3_lora_abstracts_modernbert-large/central_lora
Orthopedics and Sports Medicine,24,46,0.9107789855072465,2.4654937,42,c3_lora_abstracts_modernbert-large/central_lora
Pathology and Forensic Medicine,77,192,0.8899485930735931,2.7588692,42,c3_lora_abstracts_modernbert-large/central_lora
Pharmacology,61,187,0.8763478565792935,3.1295617,42,c3_lora_abstracts_modernbert-large/central_lora
Physiology,91,231,0.900147471576043,2.758096,42,c3_lora_abstracts_modernbert-large/central_lora
Plant Science,100,274,0.7704014598540145,2.1950433,42,c3_lora_abstracts_modernbert-large/central_lora
Pollution,33,84,0.8169191919191919,2.372393,42,c3_lora_abstracts_modernbert-large/central_lora
Polymers and Plastics,28,72,0.7356150793650793,2.1676955,42,c3_lora_abstracts_modernbert-large/central_lora
Psychiatry and Mental health,25,175,0.8870857142857143,4.650852,42,c3_lora_abstracts_modernbert-large/central_lora
"Public Health, Environmental and Occupational Health",59,321,0.8739637784465917,4.4635925,42,c3_lora_abstracts_modernbert-large/central_lora
Pulmonary and Respiratory Medicine,124,369,0.8899925692805315,3.0928037,42,c3_lora_abstracts_modernbert-large/central_lora
"Radiology, Nuclear Medicine and Imaging",88,217,0.8859708839547549,2.7206995,42,c3_lora_abstracts_modernbert-large/central_lora
Rehabilitation,27,50,0.9418518518518518,2.613084,42,c3_lora_abstracts_modernbert-large/central_lora
"Renewable Energy, Sustainability and the Environment",42,131,0.7545438022537259,2.259182,42,c3_lora_abstracts_modernbert-large/central_lora
Reproductive Medicine,24,63,0.8657407407407408,2.547131,42,c3_lora_abstracts_modernbert-large/central_lora
Rheumatology,39,106,0.8803821964199323,2.8701637,42,c3_lora_abstracts_modernbert-large/central_lora
Signal Processing,44,45,0.8335858585858587,1.7172396,42,c3_lora_abstracts_modernbert-large/central_lora
Social Psychology,46,120,0.9004528985507246,2.8576102,42,c3_lora_abstracts_modernbert-large/central_lora
Sociology and Political Science,80,295,0.903771186440678,3.5840654,42,c3_lora_abstracts_modernbert-large/central_lora
Strategy and Management,31,68,0.8522296015180265,2.4372637,42,c3_lora_abstracts_modernbert-large/central_lora
Surgery,127,499,0.8587805532324492,3.4449265,42,c3_lora_abstracts_modernbert-large/central_lora
Water Science and Technology,44,88,0.7676911157024793,1.9391053,42,c3_lora_abstracts_modernbert-large/central_lora
Aerospace Engineering,32,167,0.768619011976048,3.488211,42,c3_lora_abstracts_modernbert-large/fl_fedavg_lora
Artificial Intelligence,367,313,0.8481688154538569,1.6071757,42,c3_lora_abstracts_modernbert-large/fl_fedavg_lora
Atmospheric Science,21,69,0.9254658385093169,3.6932104,42,c3_lora_abstracts_modernbert-large/fl_fedavg_lora
"Atomic and Molecular Physics, and Optics",29,107,0.7168868836609733,2.1863902,42,c3_lora_abstracts_modernbert-large/fl_fedavg_lora
Automotive Engineering,24,54,0.8113425925925926,2.0460668,42,c3_lora_abstracts_modernbert-large/fl_fedavg_lora
Biomaterials,48,77,0.6861471861471861,1.6100439,42,c3_lora_abstracts_modernbert-large/fl_fedavg_lora
Biomedical Engineering,148,396,0.7530883155883155,2.2523925,42,c3_lora_abstracts_modernbert-large/fl_fedavg_lora
Building and Construction,43,94,0.8290450272142503,2.286832,42,c3_lora_abstracts_modernbert-large/fl_fedavg_lora
Cancer Research,471,275,0.810052113491604,1.3667105,42,c3_lora_abstracts_modernbert-large/fl_fedavg_lora
Cardiology and Cardiovascular Medicine,56,221,0.834801228183581,3.469425,42,c3_lora_abstracts_modernbert-large/fl_fedavg_lora
Cell Biology,60,110,0.7693939393939394,1.9593679,42,c3_lora_abstracts_modernbert-large/fl_fedavg_lora
Cellular and Molecular Neuroscience,39,96,0.7831196581196581,2.0560737,42,c3_lora_abstracts_modernbert-large/fl_fedavg_lora
Civil and Structural Engineering,55,233,0.8635193133047211,3.4509943,42,c3_lora_abstracts_modernbert-large/fl_fedavg_lora
Clinical Psychology,34,146,0.8032836422240129,2.9142492,42,c3_lora_abstracts_modernbert-large/fl_fedavg_lora
Cognitive Neuroscience,25,185,0.8022702702702703,4.143581,42,c3_lora_abstracts_modernbert-large/fl_fedavg_lora
Complementary and alternative medicine,38,74,0.8830014224751067,2.4322524,42,c3_lora_abstracts_modernbert-large/fl_fedavg_lora
Computational Mechanics,30,99,0.730976430976431,2.4365504,42,c3_lora_abstracts_modernbert-large/fl_fedavg_lora
Computational Theory and Mathematics,42,116,0.7956691297208539,2.4437282,42,c3_lora_abstracts_modernbert-large/fl_fedavg_lora
Computer Graphics and Computer-Aided Design,43,29,0.6912590216519648,1.3844252,42,c3_lora_abstracts_modernbert-large/fl_fedavg_lora
Computer Networks and Communications,144,153,0.8606345315904139,1.7616239,42,c3_lora_abstracts_modernbert-large/fl_fedavg_lora
Computer Vision and Pattern Recognition,167,206,0.7745915935120051,1.7018647,42,c3_lora_abstracts_modernbert-large/fl_fedavg_lora
Control and Systems Engineering,65,150,0.8012820512820512,2.2458458,42,c3_lora_abstracts_modernbert-large/fl_fedavg_lora
Ecology,20,147,0.8068027210884353,4.5233974,42,c3_lora_abstracts_modernbert-large/fl_fedavg_lora
Economics and Econometrics,146,188,0.8764026522879627,1.8931872,42,c3_lora_abstracts_modernbert-large/fl_fedavg_lora
Education,87,119,0.9042789529604945,2.1363118,42,c3_lora_abstracts_modernbert-large/fl_fedavg_lora
Electrical and Electronic Engineering,159,388,0.7595798482785451,2.098209,42,c3_lora_abstracts_modernbert-large/fl_fedavg_lora
"Electronic, Optical and Magnetic Materials",36,85,0.6127450980392157,1.3496352,42,c3_lora_abstracts_modernbert-large/fl_fedavg_lora
"Endocrinology, Diabetes and Metabolism",23,130,0.8438127090301002,3.5018802,42,c3_lora_abstracts_modernbert-large/fl_fedavg_lora
Environmental Engineering,32,89,0.7285814606741573,2.5547755,42,c3_lora_abstracts_modernbert-large/fl_fedavg_lora
Epidemiology,104,381,0.8436048859277205,3.2357435,42,c3_lora_abstracts_modernbert-large/fl_fedavg_lora
Experimental and Cognitive Psychology,30,73,0.836986301369863,2.4971652,42,c3_lora_abstracts_modernbert-large/fl_fedavg_lora
Finance,21,58,0.8292282430213463,2.6943207,42,c3_lora_abstracts_modernbert-large/fl_fedavg_lora
Food Science,25,107,0.8239252336448599,3.417248,42,c3_lora_abstracts_modernbert-large/fl_fedavg_lora
General Health Professions,23,176,0.8262104743083004,5.200364,42,c3_lora_abstracts_modernbert-large/fl_fedavg_lora
Genetics,76,302,0.8268560474032762,2.8147757,42,c3_lora_abstracts_modernbert-large/fl_fedavg_lora
Global and Planetary Change,30,112,0.8147321428571429,3.0700662,42,c3_lora_abstracts_modernbert-large/fl_fedavg_lora
Health Information Management,33,27,0.861952861952862,1.609155,42,c3_lora_abstracts_modernbert-large/fl_fedavg_lora
"Health, Toxicology and Mutagenesis",25,85,0.8331764705882353,2.77148,42,c3_lora_abstracts_modernbert-large/fl_fedavg_lora
Hematology,28,86,0.9011627906976744,3.0254416,42,c3_lora_abstracts_modernbert-large/fl_fedavg_lora
Hepatology,23,77,0.8546019198193111,2.9117174,42,c3_lora_abstracts_modernbert-large/fl_fedavg_lora
Immunology,101,212,0.7924294787969363,2.1334283,42,c3_lora_abstracts_modernbert-large/fl_fedavg_lora
Industrial and Manufacturing Engineering,146,124,0.8951612903225806,1.6728841,42,c3_lora_abstracts_modernbert-large/fl_fedavg_lora
Infectious Diseases,31,182,0.8159340659340659,3.9489167,42,c3_lora_abstracts_modernbert-large/fl_fedavg_lora
Information Systems,148,133,0.8504877057508636,1.6416144,42,c3_lora_abstracts_modernbert-large/fl_fedavg_lora
Inorganic Chemistry,64,91,0.833447802197802,1.9072725,42,c3_lora_abstracts_modernbert-large/fl_fedavg_lora
Management Information Systems,22,51,0.8186274509803921,2.4190571,42,c3_lora_abstracts_modernbert-large/fl_fedavg_lora
Management Science and Operations Research,164,139,0.7744341112475872,1.4430741,42,c3_lora_abstracts_modernbert-large/fl_fedavg_lora
Management of Technology and Innovation,22,26,0.8164335664335665,1.7962371,42,c3_lora_abstracts_modernbert-large/fl_fedavg_lora
Marketing,20,32,0.74453125,1.7880567,42,c3_lora_abstracts_modernbert-large/fl_fedavg_lora
Materials Chemistry,138,429,0.6829161176987264,1.6915804,42,c3_lora_abstracts_modernbert-large/fl_fedavg_lora
Mechanical Engineering,75,295,0.7414689265536722,2.4652057,42,c3_lora_abstracts_modernbert-large/fl_fedavg_lora
Mechanics of Materials,33,194,0.7759293970634177,2.78997,42,c3_lora_abstracts_modernbert-large/fl_fedavg_lora
Molecular Biology,594,981,0.8114829916562842,1.9071712,42,c3_lora_abstracts_modernbert-large/fl_fedavg_lora
Neurology,106,253,0.835259900067119,2.4441326,42,c3_lora_abstracts_modernbert-large/fl_fedavg_lora
Nuclear and High Energy Physics,30,69,0.832367149758454,2.5811937,42,c3_lora_abstracts_modernbert-large/fl_fedavg_lora
Nutrition and Dietetics,21,87,0.8653530377668308,3.567841,42,c3_lora_abstracts_modernbert-large/fl_fedavg_lora
Obstetrics and Gynecology,26,84,0.801510989010989,2.8922994,42,c3_lora_abstracts_modernbert-large/fl_fedavg_lora
Ocean Engineering,21,84,0.7329931972789115,2.5438616,42,c3_lora_abstracts_modernbert-large/fl_fedavg_lora
Oncology,132,339,0.8144386341288996,2.2826107,42,c3_lora_abstracts_modernbert-large/fl_fedavg_lora
Organic Chemistry,75,171,0.6686159844054581,1.5897024,42,c3_lora_abstracts_modernbert-large/fl_fedavg_lora
Orthopedics and Sports Medicine,24,46,0.9252717391304348,2.49983,42,c3_lora_abstracts_modernbert-large/fl_fedavg_lora
Pathology and Forensic Medicine,77,192,0.8662743506493507,2.6197264,42,c3_lora_abstracts_modernbert-large/fl_fedavg_lora
Pharmacology,61,187,0.8510563688962919,2.9639823,42,c3_lora_abstracts_modernbert-large/fl_fedavg_lora
Physiology,91,231,0.8753865182436611,2.611766,42,c3_lora_abstracts_modernbert-large/fl_fedavg_lora
Plant Science,100,274,0.7363138686131387,1.9717423,42,c3_lora_abstracts_modernbert-large/fl_fedavg_lora
Pollution,33,84,0.7761544011544012,2.2947893,42,c3_lora_abstracts_modernbert-large/fl_fedavg_lora
Polymers and Plastics,28,72,0.7609126984126984,2.1482139,42,c3_lora_abstracts_modernbert-large/fl_fedavg_lora
Psychiatry and Mental health,25,175,0.8490285714285715,4.22105,42,c3_lora_abstracts_modernbert-large/fl_fedavg_lora
"Public Health, Environmental and Occupational Health",59,321,0.8258355773800095,3.9348252,42,c3_lora_abstracts_modernbert-large/fl_fedavg_lora
Pulmonary and Respiratory Medicine,124,369,0.8719184369263049,2.9452016,42,c3_lora_abstracts_modernbert-large/fl_fedavg_lora
"Radiology, Nuclear Medicine and Imaging",88,217,0.876466275659824,2.661179,42,c3_lora_abstracts_modernbert-large/fl_fedavg_lora
Rehabilitation,27,50,0.9188888888888889,2.553707,42,c3_lora_abstracts_modernbert-large/fl_fedavg_lora
"Renewable Energy, Sustainability and the Environment",42,131,0.6949291166848419,1.8426656,42,c3_lora_abstracts_modernbert-large/fl_fedavg_lora
Reproductive Medicine,24,63,0.8485449735449736,2.576844,42,c3_lora_abstracts_modernbert-large/fl_fedavg_lora
Rheumatology,39,106,0.8760280599903242,2.9134195,42,c3_lora_abstracts_modernbert-large/fl_fedavg_lora
Signal Processing,44,45,0.8186868686868687,1.6405125,42,c3_lora_abstracts_modernbert-large/fl_fedavg_lora
Social Psychology,46,120,0.8673007246376812,2.8597567,42,c3_lora_abstracts_modernbert-large/fl_fedavg_lora
Sociology and Political Science,80,295,0.8868008474576272,3.303012,42,c3_lora_abstracts_modernbert-large/fl_fedavg_lora
Strategy and Management,31,68,0.8116698292220114,2.2842393,42,c3_lora_abstracts_modernbert-large/fl_fedavg_lora
Surgery,127,499,0.83915863222508,3.3074856,42,c3_lora_abstracts_modernbert-large/fl_fedavg_lora
Water Science and Technology,44,88,0.753099173553719,1.8861265,42,c3_lora_abstracts_modernbert-large/fl_fedavg_lora
Aerospace Engineering,32,167,0.8186751497005988,3.49653,42,c3_lora_abstracts_modernbert-large/fl_fedavg_lora_ft__personal
Artificial Intelligence,367,313,0.8761044998302443,1.6688795,42,c3_lora_abstracts_modernbert-large/fl_fedavg_lora_ft__personal
Atmospheric Science,21,69,0.9268461007591442,3.7265234,42,c3_lora_abstracts_modernbert-large/fl_fedavg_lora_ft__personal
"Atomic and Molecular Physics, and Optics",29,107,0.7591040928134064,2.3500817,42,c3_lora_abstracts_modernbert-large/fl_fedavg_lora_ft__personal
Automotive Engineering,24,54,0.7997685185185186,2.1872108,42,c3_lora_abstracts_modernbert-large/fl_fedavg_lora_ft__personal
Biomaterials,48,77,0.7623106060606061,1.872069,42,c3_lora_abstracts_modernbert-large/fl_fedavg_lora_ft__personal
Biomedical Engineering,148,396,0.8196236008736009,2.4538524,42,c3_lora_abstracts_modernbert-large/fl_fedavg_lora_ft__personal
Building and Construction,43,94,0.8609599208312716,2.496398,42,c3_lora_abstracts_modernbert-large/fl_fedavg_lora_ft__personal
Cancer Research,471,275,0.865273113298591,1.4443189,42,c3_lora_abstracts_modernbert-large/fl_fedavg_lora_ft__personal
Cardiology and Cardiovascular Medicine,56,221,0.8599709114414996,3.707799,42,c3_lora_abstracts_modernbert-large/fl_fedavg_lora_ft__personal
Cell Biology,60,110,0.8425757575757576,2.2225158,42,c3_lora_abstracts_modernbert-large/fl_fedavg_lora_ft__personal
Cellular and Molecular Neuroscience,39,96,0.8581730769230769,2.3863966,42,c3_lora_abstracts_modernbert-large/fl_fedavg_lora_ft__personal
Civil and Structural Engineering,55,233,0.9250097541943035,4.0647006,42,c3_lora_abstracts_modernbert-large/fl_fedavg_lora_ft__personal
Clinical Psychology,34,146,0.8102336825141015,3.3038344,42,c3_lora_abstracts_modernbert-large/fl_fedavg_lora_ft__personal
Cognitive Neuroscience,25,185,0.8184864864864866,4.8353906,42,c3_lora_abstracts_modernbert-large/fl_fedavg_lora_ft__personal
Complementary and alternative medicine,38,74,0.9057610241820768,2.538985,42,c3_lora_abstracts_modernbert-large/fl_fedavg_lora_ft__personal
Computational Mechanics,30,99,0.8333333333333334,2.8655987,42,c3_lora_abstracts_modernbert-large/fl_fedavg_lora_ft__personal
Computational Theory and Mathematics,42,116,0.8751026272577997,2.854062,42,c3_lora_abstracts_modernbert-large/fl_fedavg_lora_ft__personal
Computer Graphics and Computer-Aided Design,43,29,0.7249398556535686,1.4107654,42,c3_lora_abstracts_modernbert-large/fl_fedavg_lora_ft__personal
Computer Networks and Communications,144,153,0.8696895424836601,1.7953794,42,c3_lora_abstracts_modernbert-large/fl_fedavg_lora_ft__personal
Computer Vision and Pattern Recognition,167,206,0.8156938550084297,1.8213096,42,c3_lora_abstracts_modernbert-large/fl_fedavg_lora_ft__personal
Control and Systems Engineering,65,150,0.8591282051282052,2.5628662,42,c3_lora_abstracts_modernbert-large/fl_fedavg_lora_ft__personal
Ecology,20,147,0.8173469387755102,4.340344,42,c3_lora_abstracts_modernbert-large/fl_fedavg_lora_ft__personal
Economics and Econometrics,146,188,0.9288837073739435,2.0892162,42,c3_lora_abstracts_modernbert-large/fl_fedavg_lora_ft__personal
Education,87,119,0.9455713319810682,2.2003412,42,c3_lora_abstracts_modernbert-large/fl_fedavg_lora_ft__personal
Electrical and Electronic Engineering,159,388,0.7961323996628412,2.3589232,42,c3_lora_abstracts_modernbert-large/fl_fedavg_lora_ft__personal
"Electronic, Optical and Magnetic Materials",36,85,0.6209150326797386,1.6934866,42,c3_lora_abstracts_modernbert-large/fl_fedavg_lora_ft__personal
"Endocrinology, Diabetes and Metabolism",23,130,0.8749163879598663,4.1623497,42,c3_lora_abstracts_modernbert-large/fl_fedavg_lora_ft__personal
Environmental Engineering,32,89,0.8054775280898876,2.5456185,42,c3_lora_abstracts_modernbert-large/fl_fedavg_lora_ft__personal
Epidemiology,104,381,0.8739526549565919,3.4253526,42,c3_lora_abstracts_modernbert-large/fl_fedavg_lora_ft__personal
Experimental and Cognitive Psychology,30,73,0.8668949771689497,2.5717182,42,c3_lora_abstracts_modernbert-large/fl_fedavg_lora_ft__personal
Finance,21,58,0.874384236453202,2.739554,42,c3_lora_abstracts_modernbert-large/fl_fedavg_lora_ft__personal
Food Science,25,107,0.8773831775700934,3.862986,42,c3_lora_abstracts_modernbert-large/fl_fedavg_lora_ft__personal
General Health Professions,23,176,0.8389328063241107,5.3275766,42,c3_lora_abstracts_modernbert-large/fl_fedavg_lora_ft__personal
Genetics,76,302,0.8519083304287207,3.3985617,42,c3_lora_abstracts_modernbert-large/fl_fedavg_lora_ft__personal
Global and Planetary Change,30,112,0.7802083333333334,2.8816137,42,c3_lora_abstracts_modernbert-large/fl_fedavg_lora_ft__personal
Health Information Management,33,27,0.9079685746352414,1.6812762,42,c3_lora_abstracts_modernbert-large/fl_fedavg_lora_ft__personal
"Health, Toxicology and Mutagenesis",25,85,0.8360000000000001,2.9571292,42,c3_lora_abstracts_modernbert-large/fl_fedavg_lora_ft__personal
Hematology,28,86,0.9333471760797343,3.497071,42,c3_lora_abstracts_modernbert-large/fl_fedavg_lora_ft__personal
Hepatology,23,77,0.8430265386787126,3.1552887,42,c3_lora_abstracts_modernbert-large/fl_fedavg_lora_ft__personal
Immunology,101,212,0.8481225481038669,2.4218166,42,c3_lora_abstracts_modernbert-large/fl_fedavg_lora_ft__personal
Industrial and Manufacturing Engineering,146,124,0.9236632788334069,1.7397388,42,c3_lora_abstracts_modernbert-large/fl_fedavg_lora_ft__personal
Infectious Diseases,31,182,0.8374689826302729,4.2476726,42,c3_lora_abstracts_modernbert-large/fl_fedavg_lora_ft__personal
Information Systems,148,133,0.8835094492989229,1.6984354,42,c3_lora_abstracts_modernbert-large/fl_fedavg_lora_ft__personal
Inorganic Chemistry,64,91,0.8731971153846154,2.1028636,42,c3_lora_abstracts_modernbert-large/fl_fedavg_lora_ft__personal
Management Information Systems,22,51,0.7959001782531194,2.3670537,42,c3_lora_abstracts_modernbert-large/fl_fedavg_lora_ft__personal
Management Science and Operations Research,164,139,0.8877653974381471,1.6365371,42,c3_lora_abstracts_modernbert-large/fl_fedavg_lora_ft__personal
Management of Technology and Innovation,22,26,0.9082167832167832,1.9912394,42,c3_lora_abstracts_modernbert-large/fl_fedavg_lora_ft__personal
Marketing,20,32,0.7921875,2.0442975,42,c3_lora_abstracts_modernbert-large/fl_fedavg_lora_ft__personal
Materials Chemistry,138,429,0.7340208101077665,2.212237,42,c3_lora_abstracts_modernbert-large/fl_fedavg_lora_ft__personal
Mechanical Engineering,75,295,0.804677966101695,2.8717332,42,c3_lora_abstracts_modernbert-large/fl_fedavg_lora_ft__personal
Mechanics of Materials,33,194,0.8429397063417682,4.178709,42,c3_lora_abstracts_modernbert-large/fl_fedavg_lora_ft__personal
Molecular Biology,594,981,0.8559584976506485,2.0837884,42,c3_lora_abstracts_modernbert-large/fl_fedavg_lora_ft__personal
Neurology,106,253,0.8592922663882467,2.5752056,42,c3_lora_abstracts_modernbert-large/fl_fedavg_lora_ft__personal
Nuclear and High Energy Physics,30,69,0.8311594202898551,2.5674896,42,c3_lora_abstracts_modernbert-large/fl_fedavg_lora_ft__personal
Nutrition and Dietetics,21,87,0.8461959496442255,3.5177348,42,c3_lora_abstracts_modernbert-large/fl_fedavg_lora_ft__personal
Obstetrics and Gynecology,26,84,0.8363095238095237,2.9522426,42,c3_lora_abstracts_modernbert-large/fl_fedavg_lora_ft__personal
Ocean Engineering,21,84,0.7964852607709749,2.7945433,42,c3_lora_abstracts_modernbert-large/fl_fedavg_lora_ft__personal
Oncology,132,339,0.8263497809957987,2.497521,42,c3_lora_abstracts_modernbert-large/fl_fedavg_lora_ft__personal
Organic Chemistry,75,171,0.7431578947368421,2.0184102,42,c3_lora_abstracts_modernbert-large/fl_fedavg_lora_ft__personal
Orthopedics and Sports Medicine,24,46,0.9429347826086957,2.6253445,42,c3_lora_abstracts_modernbert-large/fl_fedavg_lora_ft__personal
Pathology and Forensic Medicine,77,192,0.9070278679653679,2.742495,42,c3_lora_abstracts_modernbert-large/fl_fedavg_lora_ft__personal
Pharmacology,61,187,0.8686771280792497,3.2055573,42,c3_lora_abstracts_modernbert-large/fl_fedavg_lora_ft__personal
Physiology,91,231,0.9179154179154179,2.91191,42,c3_lora_abstracts_modernbert-large/fl_fedavg_lora_ft__personal
Plant Science,100,274,0.823485401459854,2.4536746,42,c3_lora_abstracts_modernbert-large/fl_fedavg_lora_ft__personal
Pollution,33,84,0.8722943722943723,2.8913069,42,c3_lora_abstracts_modernbert-large/fl_fedavg_lora_ft__personal
Polymers and Plastics,28,72,0.716765873015873,2.2423854,42,c3_lora_abstracts_modernbert-large/fl_fedavg_lora_ft__personal
Psychiatry and Mental health,25,175,0.9289142857142857,5.5553675,42,c3_lora_abstracts_modernbert-large/fl_fedavg_lora_ft__personal
"Public Health, Environmental and Occupational Health",59,321,0.8738581762500659,4.249776,42,c3_lora_abstracts_modernbert-large/fl_fedavg_lora_ft__personal
Pulmonary and Respiratory Medicine,124,369,0.8989203601713438,3.2364337,42,c3_lora_abstracts_modernbert-large/fl_fedavg_lora_ft__personal
"Radiology, Nuclear Medicine and Imaging",88,217,0.9083577712609971,2.871835,42,c3_lora_abstracts_modernbert-large/fl_fedavg_lora_ft__personal
Rehabilitation,27,50,0.9314814814814816,2.5754688,42,c3_lora_abstracts_modernbert-large/fl_fedavg_lora_ft__personal
"Renewable Energy, Sustainability and the Environment",42,131,0.7357324609233006,2.1218812,42,c3_lora_abstracts_modernbert-large/fl_fedavg_lora_ft__personal
Reproductive Medicine,24,63,0.8386243386243386,2.653009,42,c3_lora_abstracts_modernbert-large/fl_fedavg_lora_ft__personal
Rheumatology,39,106,0.9000967585873246,3.0485983,42,c3_lora_abstracts_modernbert-large/fl_fedavg_lora_ft__personal
Signal Processing,44,45,0.8204545454545454,1.7021363,42,c3_lora_abstracts_modernbert-large/fl_fedavg_lora_ft__personal
Social Psychology,46,120,0.8995471014492753,2.9849198,42,c3_lora_abstracts_modernbert-large/fl_fedavg_lora_ft__personal
Sociology and Political Science,80,295,0.9201906779661018,3.773516,42,c3_lora_abstracts_modernbert-large/fl_fedavg_lora_ft__personal
Strategy and Management,31,68,0.8527039848197343,2.4510736,42,c3_lora_abstracts_modernbert-large/fl_fedavg_lora_ft__personal
Surgery,127,499,0.8549540024931753,3.4361594,42,c3_lora_abstracts_modernbert-large/fl_fedavg_lora_ft__personal
Water Science and Technology,44,88,0.7731146694214875,1.968562,42,c3_lora_abstracts_modernbert-large/fl_fedavg_lora_ft__personal
Aerospace Engineering,32,167,0.8212013473053893,3.4142745,42,c3_lora_abstracts_modernbert-large/local_lora__personal
Artificial Intelligence,367,313,0.8770577430334897,1.6714792,42,c3_lora_abstracts_modernbert-large/local_lora__personal
Atmospheric Science,21,69,0.9095928226363009,3.7450461,42,c3_lora_abstracts_modernbert-large/local_lora__personal
"Atomic and Molecular Physics, and Optics",29,107,0.7210763776990009,2.0545683,42,c3_lora_abstracts_modernbert-large/local_lora__personal
Automotive Engineering,24,54,0.7646604938271605,2.1067522,42,c3_lora_abstracts_modernbert-large/local_lora__personal
Biomaterials,48,77,0.7665043290043291,1.9386839,42,c3_lora_abstracts_modernbert-large/local_lora__personal
Biomedical Engineering,148,396,0.807219150969151,2.5123045,42,c3_lora_abstracts_modernbert-large/local_lora__personal
Building and Construction,43,94,0.8540326571004453,2.397867,42,c3_lora_abstracts_modernbert-large/local_lora__personal
Cancer Research,471,275,0.8635514379463423,1.4447349,42,c3_lora_abstracts_modernbert-large/local_lora__personal
Cardiology and Cardiovascular Medicine,56,221,0.8846961861667745,3.7892427,42,c3_lora_abstracts_modernbert-large/local_lora__personal
Cell Biology,60,110,0.8397727272727272,2.2025418,42,c3_lora_abstracts_modernbert-large/local_lora__personal
Cellular and Molecular Neuroscience,39,96,0.8058226495726495,2.0797298,42,c3_lora_abstracts_modernbert-large/local_lora__personal
Civil and Structural Engineering,55,233,0.9255559890753023,3.9711306,42,c3_lora_abstracts_modernbert-large/local_lora__personal
Clinical Psychology,34,146,0.8159750201450443,3.2312086,42,c3_lora_abstracts_modernbert-large/local_lora__personal
Cognitive Neuroscience,25,185,0.7650810810810811,4.542336,42,c3_lora_abstracts_modernbert-large/local_lora__personal
Complementary and alternative medicine,38,74,0.9004267425320057,2.5120142,42,c3_lora_abstracts_modernbert-large/local_lora__personal
Computational Mechanics,30,99,0.8612794612794612,3.055175,42,c3_lora_abstracts_modernbert-large/local_lora__personal
Computational Theory and Mathematics,42,116,0.8744868637110016,2.9090898,42,c3_lora_abstracts_modernbert-large/local_lora__personal
Computer Graphics and Computer-Aided Design,43,29,0.7309542902967122,1.413959,42,c3_lora_abstracts_modernbert-large/local_lora__personal
Computer Networks and Communications,144,153,0.886505991285403,1.8375158,42,c3_lora_abstracts_modernbert-large/local_lora__personal
Computer Vision and Pattern Recognition,167,206,0.8063194000348817,1.8162725,42,c3_lora_abstracts_modernbert-large/local_lora__personal
Control and Systems Engineering,65,150,0.855025641025641,2.5437558,42,c3_lora_abstracts_modernbert-large/local_lora__personal
Ecology,20,147,0.7872448979591836,3.642949,42,c3_lora_abstracts_modernbert-large/local_lora__personal
Economics and Econometrics,146,188,0.9145292917516759,2.0310805,42,c3_lora_abstracts_modernbert-large/local_lora__personal
Education,87,119,0.938520235680479,2.1764438,42,c3_lora_abstracts_modernbert-large/local_lora__personal
Electrical and Electronic Engineering,159,388,0.7945438630616612,2.308836,42,c3_lora_abstracts_modernbert-large/local_lora__personal
"Electronic, Optical and Magnetic Materials",36,85,0.6281045751633987,1.511055,42,c3_lora_abstracts_modernbert-large/local_lora__personal
"Endocrinology, Diabetes and Metabolism",23,130,0.8479933110367893,3.9936404,42,c3_lora_abstracts_modernbert-large/local_lora__personal
Environmental Engineering,32,89,0.7842345505617977,2.4532077,42,c3_lora_abstracts_modernbert-large/local_lora__personal
Epidemiology,104,381,0.8601226529376136,3.4257843,42,c3_lora_abstracts_modernbert-large/local_lora__personal
Experimental and Cognitive Psychology,30,73,0.8431506849315069,2.4700477,42,c3_lora_abstracts_modernbert-large/local_lora__personal
Finance,21,58,0.8407224958949098,2.6488957,42,c3_lora_abstracts_modernbert-large/local_lora__personal
Food Science,25,107,0.8441121495327103,2.9342642,42,c3_lora_abstracts_modernbert-large/local_lora__personal
General Health Professions,23,176,0.7717391304347826,4.3987026,42,c3_lora_abstracts_modernbert-large/local_lora__personal
Genetics,76,302,0.8375304984315093,3.1893287,42,c3_lora_abstracts_modernbert-large/local_lora__personal
Global and Planetary Change,30,112,0.7898809523809524,2.8369842,42,c3_lora_abstracts_modernbert-large/local_lora__personal
Health Information Management,33,27,0.9225589225589226,1.707337,42,c3_lora_abstracts_modernbert-large/local_lora__personal
"Health, Toxicology and Mutagenesis",25,85,0.8232941176470588,2.82145,42,c3_lora_abstracts_modernbert-large/local_lora__personal
Hematology,28,86,0.9433139534883721,3.5438828,42,c3_lora_abstracts_modernbert-large/local_lora__personal
Hepatology,23,77,0.8664596273291927,3.0922592,42,c3_lora_abstracts_modernbert-large/local_lora__personal
Immunology,101,212,0.8471417896506631,2.3568723,42,c3_lora_abstracts_modernbert-large/local_lora__personal
Industrial and Manufacturing Engineering,146,124,0.8906595227574016,1.6779897,42,c3_lora_abstracts_modernbert-large/local_lora__personal
Infectious Diseases,31,182,0.7834987593052108,3.7040186,42,c3_lora_abstracts_modernbert-large/local_lora__personal
Information Systems,148,133,0.8766002844950214,1.6783924,42,c3_lora_abstracts_modernbert-large/local_lora__personal
Inorganic Chemistry,64,91,0.861092032967033,2.111983,42,c3_lora_abstracts_modernbert-large/local_lora__personal
Management Information Systems,22,51,0.8342245989304813,2.372252,42,c3_lora_abstracts_modernbert-large/local_lora__personal
Management Science and Operations Research,164,139,0.8847385506229163,1.6459008,42,c3_lora_abstracts_modernbert-large/local_lora__personal
Management of Technology and Innovation,22,26,0.9178321678321679,1.9950206,42,c3_lora_abstracts_modernbert-large/local_lora__personal
Marketing,20,32,0.7375,1.8627183,42,c3_lora_abstracts_modernbert-large/local_lora__personal
Materials Chemistry,138,429,0.7416979156109591,2.116051,42,c3_lora_abstracts_modernbert-large/local_lora__personal
Mechanical Engineering,75,295,0.8262146892655368,3.082075,42,c3_lora_abstracts_modernbert-large/local_lora__personal
Mechanics of Materials,33,194,0.8498906591690096,4.1258388,42,c3_lora_abstracts_modernbert-large/local_lora__personal
Molecular Biology,594,981,0.8480875695452658,2.0629835,42,c3_lora_abstracts_modernbert-large/local_lora__personal
Neurology,106,253,0.8481989708404802,2.5729973,42,c3_lora_abstracts_modernbert-large/local_lora__personal
Nuclear and High Energy Physics,30,69,0.8603864734299517,2.7054298,42,c3_lora_abstracts_modernbert-large/local_lora__personal
Nutrition and Dietetics,21,87,0.8470169677066228,3.0811708,42,c3_lora_abstracts_modernbert-large/local_lora__personal
Obstetrics and Gynecology,26,84,0.8129578754578755,2.867779,42,c3_lora_abstracts_modernbert-large/local_lora__personal
Ocean Engineering,21,84,0.7636054421768708,2.6329112,42,c3_lora_abstracts_modernbert-large/local_lora__personal
Oncology,132,339,0.8283945651202287,2.5154343,42,c3_lora_abstracts_modernbert-large/local_lora__personal
Organic Chemistry,75,171,0.7420272904483431,2.0258627,42,c3_lora_abstracts_modernbert-large/local_lora__personal
Orthopedics and Sports Medicine,24,46,0.904891304347826,2.4467092,42,c3_lora_abstracts_modernbert-large/local_lora__personal
Pathology and Forensic Medicine,77,192,0.9017518939393939,2.8001492,42,c3_lora_abstracts_modernbert-large/local_lora__personal
Pharmacology,61,187,0.8628035416849303,3.0165737,42,c3_lora_abstracts_modernbert-large/local_lora__personal
Physiology,91,231,0.9102326245183389,2.8307116,42,c3_lora_abstracts_modernbert-large/local_lora__personal
Plant Science,100,274,0.7953832116788322,2.500227,42,c3_lora_abstracts_modernbert-large/local_lora__personal
Pollution,33,84,0.9038600288600288,2.923332,42,c3_lora_abstracts_modernbert-large/local_lora__personal
Polymers and Plastics,28,72,0.6795634920634921,2.0379536,42,c3_lora_abstracts_modernbert-large/local_lora__personal
Psychiatry and Mental health,25,175,0.9203428571428571,5.0789204,42,c3_lora_abstracts_modernbert-large/local_lora__personal
"Public Health, Environmental and Occupational Health",59,321,0.814536142351761,3.6913044,42,c3_lora_abstracts_modernbert-large/local_lora__personal
Pulmonary and Respiratory Medicine,124,369,0.8769013899816418,3.0610704,42,c3_lora_abstracts_modernbert-large/local_lora__personal
"Radiology, Nuclear Medicine and Imaging",88,217,0.8869396732299958,2.8037498,42,c3_lora_abstracts_modernbert-large/local_lora__personal
Rehabilitation,27,50,0.9103703703703703,2.508725,42,c3_lora_abstracts_modernbert-large/local_lora__personal
"Renewable Energy, Sustainability and the Environment",42,131,0.7120138131588513,2.040752,42,c3_lora_abstracts_modernbert-large/local_lora__personal
Reproductive Medicine,24,63,0.8402777777777778,2.7896676,42,c3_lora_abstracts_modernbert-large/local_lora__personal
Rheumatology,39,106,0.9032414126753749,2.965092,42,c3_lora_abstracts_modernbert-large/local_lora__personal
Signal Processing,44,45,0.8111111111111111,1.6798246,42,c3_lora_abstracts_modernbert-large/local_lora__personal
Social Psychology,46,120,0.8671195652173913,2.8588278,42,c3_lora_abstracts_modernbert-large/local_lora__personal
Sociology and Political Science,80,295,0.9011864406779662,3.6390672,42,c3_lora_abstracts_modernbert-large/local_lora__personal
Strategy and Management,31,68,0.8465370018975332,2.4243479,42,c3_lora_abstracts_modernbert-large/local_lora__personal
Surgery,127,499,0.8553484922601108,3.3296013,42,c3_lora_abstracts_modernbert-large/local_lora__personal
Water Science and Technology,44,88,0.7488378099173554,1.9378703,42,c3_lora_abstracts_modernbert-large/local_lora__personal
Aerospace Engineering,32,167,0.8207335329341318,3.4906728,42,c3_lora_abstracts_qwen3-1.7b/central_lora
Artificial Intelligence,367,313,0.8670813347145929,1.6518705,42,c3_lora_abstracts_qwen3-1.7b/central_lora
Atmospheric Science,21,69,0.9268461007591442,3.7834642,42,c3_lora_abstracts_qwen3-1.7b/central_lora
"Atomic and Molecular Physics, and Optics",29,107,0.720431840154689,2.699761,42,c3_lora_abstracts_qwen3-1.7b/central_lora
Automotive Engineering,24,54,0.7762345679012346,2.0490203,42,c3_lora_abstracts_qwen3-1.7b/central_lora
Biomaterials,48,77,0.8011363636363636,2.043046,42,c3_lora_abstracts_qwen3-1.7b/central_lora
Biomedical Engineering,148,396,0.780524843024843,2.426718,42,c3_lora_abstracts_qwen3-1.7b/central_lora
Building and Construction,43,94,0.8831024245423058,2.4079065,42,c3_lora_abstracts_qwen3-1.7b/central_lora
Cancer Research,471,275,0.8595908125844431,1.4260383,42,c3_lora_abstracts_qwen3-1.7b/central_lora
Cardiology and Cardiovascular Medicine,56,221,0.8550420168067226,3.5777028,42,c3_lora_abstracts_qwen3-1.7b/central_lora
Cell Biology,60,110,0.8261363636363637,2.2194397,42,c3_lora_abstracts_qwen3-1.7b/central_lora
Cellular and Molecular Neuroscience,39,96,0.8639155982905983,2.5310566,42,c3_lora_abstracts_qwen3-1.7b/central_lora
Civil and Structural Engineering,55,233,0.9266484588373,4.1565547,42,c3_lora_abstracts_qwen3-1.7b/central_lora
Clinical Psychology,34,146,0.7956285253827557,3.1374915,42,c3_lora_abstracts_qwen3-1.7b/central_lora
Cognitive Neuroscience,25,185,0.8749189189189189,5.836249,42,c3_lora_abstracts_qwen3-1.7b/central_lora
Complementary and alternative medicine,38,74,0.8730440967283072,2.3179543,42,c3_lora_abstracts_qwen3-1.7b/central_lora
Computational Mechanics,30,99,0.7597643097643098,2.35723,42,c3_lora_abstracts_qwen3-1.7b/central_lora
Computational Theory and Mathematics,42,116,0.8741789819376026,2.6476028,42,c3_lora_abstracts_qwen3-1.7b/central_lora
Computer Graphics and Computer-Aided Design,43,29,0.7870890136327184,1.4660009,42,c3_lora_abstracts_qwen3-1.7b/central_lora
Computer Networks and Communications,144,153,0.8949028685548293,1.8624903,42,c3_lora_abstracts_qwen3-1.7b/central_lora
Computer Vision and Pattern Recognition,167,206,0.8062757979187258,1.804589,42,c3_lora_abstracts_qwen3-1.7b/central_lora
Control and Systems Engineering,65,150,0.8258461538461539,2.5215197,42,c3_lora_abstracts_qwen3-1.7b/central_lora
Ecology,20,147,0.8144557823129251,4.5480003,42,c3_lora_abstracts_qwen3-1.7b/central_lora
Economics and Econometrics,146,188,0.9154401049256776,2.0465689,42,c3_lora_abstracts_qwen3-1.7b/central_lora
Education,87,119,0.9290060851926978,2.1565387,42,c3_lora_abstracts_qwen3-1.7b/central_lora
Electrical and Electronic Engineering,159,388,0.7987016144718926,2.263221,42,c3_lora_abstracts_qwen3-1.7b/central_lora
"Electronic, Optical and Magnetic Materials",36,85,0.6838235294117647,1.9527427,42,c3_lora_abstracts_qwen3-1.7b/central_lora
"Endocrinology, Diabetes and Metabolism",23,130,0.9081939799331104,4.864189,42,c3_lora_abstracts_qwen3-1.7b/central_lora
Environmental Engineering,32,89,0.8214536516853932,2.7601836,42,c3_lora_abstracts_qwen3-1.7b/central_lora
Epidemiology,104,381,0.8718074904098526,3.5073228,42,c3_lora_abstracts_qwen3-1.7b/central_lora
Experimental and Cognitive Psychology,30,73,0.8778538812785388,2.5542955,42,c3_lora_abstracts_qwen3-1.7b/central_lora
Finance,21,58,0.8604269293924466,2.9196777,42,c3_lora_abstracts_qwen3-1.7b/central_lora
Food Science,25,107,0.8130841121495328,3.363677,42,c3_lora_abstracts_qwen3-1.7b/central_lora
General Health Professions,23,176,0.8824110671936759,5.8816867,42,c3_lora_abstracts_qwen3-1.7b/central_lora
Genetics,76,302,0.8623431509236669,3.1917229,42,c3_lora_abstracts_qwen3-1.7b/central_lora
Global and Planetary Change,30,112,0.8367559523809525,3.4111872,42,c3_lora_abstracts_qwen3-1.7b/central_lora
Health Information Management,33,27,0.9090909090909092,1.6949441,42,c3_lora_abstracts_qwen3-1.7b/central_lora
"Health, Toxicology and Mutagenesis",25,85,0.8588235294117647,2.932847,42,c3_lora_abstracts_qwen3-1.7b/central_lora
Hematology,28,86,0.9294019933554818,3.295662,42,c3_lora_abstracts_qwen3-1.7b/central_lora
Hepatology,23,77,0.8771880293619425,3.285836,42,c3_lora_abstracts_qwen3-1.7b/central_lora
Immunology,101,212,0.8555015878946386,2.4340792,42,c3_lora_abstracts_qwen3-1.7b/central_lora
Industrial and Manufacturing Engineering,146,124,0.8994697304463102,1.6862963,42,c3_lora_abstracts_qwen3-1.7b/central_lora
Infectious Diseases,31,182,0.8439383197447713,4.4385505,42,c3_lora_abstracts_qwen3-1.7b/central_lora
Information Systems,148,133,0.8737045315992685,1.681008,42,c3_lora_abstracts_qwen3-1.7b/central_lora
Inorganic Chemistry,64,91,0.8875343406593407,2.1671531,42,c3_lora_abstracts_qwen3-1.7b/central_lora
Management Information Systems,22,51,0.8244206773618539,2.3983998,42,c3_lora_abstracts_qwen3-1.7b/central_lora
Management Science and Operations Research,164,139,0.8481093174241094,1.5557419,42,c3_lora_abstracts_qwen3-1.7b/central_lora
Management of Technology and Innovation,22,26,0.8933566433566433,1.9461211,42,c3_lora_abstracts_qwen3-1.7b/central_lora
Marketing,20,32,0.7328125,1.6458305,42,c3_lora_abstracts_qwen3-1.7b/central_lora
Materials Chemistry,138,429,0.7842387081517517,2.3997564,42,c3_lora_abstracts_qwen3-1.7b/central_lora
Mechanical Engineering,75,295,0.8057175141242938,3.1756563,42,c3_lora_abstracts_qwen3-1.7b/central_lora
Mechanics of Materials,33,194,0.8128709778194314,3.4084234,42,c3_lora_abstracts_qwen3-1.7b/central_lora
Molecular Biology,594,981,0.8618138572267012,2.1163538,42,c3_lora_abstracts_qwen3-1.7b/central_lora
Neurology,106,253,0.8580058169885898,2.5952823,42,c3_lora_abstracts_qwen3-1.7b/central_lora
Nuclear and High Energy Physics,30,69,0.8707729468599035,2.6628938,42,c3_lora_abstracts_qwen3-1.7b/central_lora
Nutrition and Dietetics,21,87,0.8910782703886153,3.783874,42,c3_lora_abstracts_qwen3-1.7b/central_lora
Obstetrics and Gynecology,26,84,0.8610347985347985,3.1598053,42,c3_lora_abstracts_qwen3-1.7b/central_lora
Ocean Engineering,21,84,0.7919501133786848,2.703532,42,c3_lora_abstracts_qwen3-1.7b/central_lora
Oncology,132,339,0.8481272906051669,2.5360186,42,c3_lora_abstracts_qwen3-1.7b/central_lora
Organic Chemistry,75,171,0.7438986354775827,2.0780606,42,c3_lora_abstracts_qwen3-1.7b/central_lora
Orthopedics and Sports Medicine,24,46,0.9284420289855072,2.6049979,42,c3_lora_abstracts_qwen3-1.7b/central_lora
Pathology and Forensic Medicine,77,192,0.8988771645021645,2.6599417,42,c3_lora_abstracts_qwen3-1.7b/central_lora
Pharmacology,61,187,0.8956342596651178,3.2425864,42,c3_lora_abstracts_qwen3-1.7b/central_lora
Physiology,91,231,0.9066647638076208,2.8528621,42,c3_lora_abstracts_qwen3-1.7b/central_lora
Plant Science,100,274,0.796478102189781,2.3307471,42,c3_lora_abstracts_qwen3-1.7b/central_lora
Pollution,33,84,0.8201659451659452,2.6183882,42,c3_lora_abstracts_qwen3-1.7b/central_lora
Polymers and Plastics,28,72,0.798611111111111,2.3743749,42,c3_lora_abstracts_qwen3-1.7b/central_lora
Psychiatry and Mental health,25,175,0.9043428571428571,5.0852137,42,c3_lora_abstracts_qwen3-1.7b/central_lora
"Public Health, Environmental and Occupational Health",59,321,0.916099054860341,4.7475185,42,c3_lora_abstracts_qwen3-1.7b/central_lora
Pulmonary and Respiratory Medicine,124,369,0.900952880496547,3.171981,42,c3_lora_abstracts_qwen3-1.7b/central_lora
"Radiology, Nuclear Medicine and Imaging",88,217,0.9000314201927105,2.7860272,42,c3_lora_abstracts_qwen3-1.7b/central_lora
Rehabilitation,27,50,0.9374074074074074,2.6377208,42,c3_lora_abstracts_qwen3-1.7b/central_lora
"Renewable Energy, Sustainability and the Environment",42,131,0.75,2.2875068,42,c3_lora_abstracts_qwen3-1.7b/central_lora
Reproductive Medicine,24,63,0.8974867724867724,2.6961493,42,c3_lora_abstracts_qwen3-1.7b/central_lora
Rheumatology,39,106,0.8840106434446058,2.9638915,42,c3_lora_abstracts_qwen3-1.7b/central_lora
Signal Processing,44,45,0.8568181818181818,1.7825856,42,c3_lora_abstracts_qwen3-1.7b/central_lora
Social Psychology,46,120,0.9153985507246377,2.994814,42,c3_lora_abstracts_qwen3-1.7b/central_lora
Sociology and Political Science,80,295,0.9176271186440679,3.6146276,42,c3_lora_abstracts_qwen3-1.7b/central_lora
Strategy and Management,31,68,0.8648007590132828,2.4283848,42,c3_lora_abstracts_qwen3-1.7b/central_lora
Surgery,127,499,0.8784734823978666,3.5059752,42,c3_lora_abstracts_qwen3-1.7b/central_lora
Water Science and Technology,44,88,0.7760847107438016,2.0653803,42,c3_lora_abstracts_qwen3-1.7b/central_lora
Aerospace Engineering,32,167,0.8260666167664671,3.1087787,42,c3_lora_abstracts_qwen3-1.7b/fl_fedavg_lora
Artificial Intelligence,367,313,0.8442644357583724,1.5945467,42,c3_lora_abstracts_qwen3-1.7b/fl_fedavg_lora
Atmospheric Science,21,69,0.9240855762594893,3.7904208,42,c3_lora_abstracts_qwen3-1.7b/fl_fedavg_lora
"Atomic and Molecular Physics, and Optics",29,107,0.7586206896551725,2.7749617,42,c3_lora_abstracts_qwen3-1.7b/fl_fedavg_lora
Automotive Engineering,24,54,0.7947530864197532,1.9772235,42,c3_lora_abstracts_qwen3-1.7b/fl_fedavg_lora
Biomaterials,48,77,0.6976461038961039,1.6923978,42,c3_lora_abstracts_qwen3-1.7b/fl_fedavg_lora
Biomedical Engineering,148,396,0.7560315997815997,2.323914,42,c3_lora_abstracts_qwen3-1.7b/fl_fedavg_lora
Building and Construction,43,94,0.849208312716477,2.3178895,42,c3_lora_abstracts_qwen3-1.7b/fl_fedavg_lora
Cancer Research,471,275,0.7995444894807953,1.3412163,42,c3_lora_abstracts_qwen3-1.7b/fl_fedavg_lora
Cardiology and Cardiovascular Medicine,56,221,0.8298723335488042,3.44565,42,c3_lora_abstracts_qwen3-1.7b/fl_fedavg_lora
Cell Biology,60,110,0.7730303030303031,2.0120654,42,c3_lora_abstracts_qwen3-1.7b/fl_fedavg_lora
Cellular and Molecular Neuroscience,39,96,0.8258547008547009,2.217306,42,c3_lora_abstracts_qwen3-1.7b/fl_fedavg_lora
Civil and Structural Engineering,55,233,0.8819352321498244,3.5251796,42,c3_lora_abstracts_qwen3-1.7b/fl_fedavg_lora
Clinical Psychology,34,146,0.7808219178082192,2.9842896,42,c3_lora_abstracts_qwen3-1.7b/fl_fedavg_lora
Cognitive Neuroscience,25,185,0.8433513513513513,5.005564,42,c3_lora_abstracts_qwen3-1.7b/fl_fedavg_lora
Complementary and alternative medicine,38,74,0.8785561877667141,2.3944588,42,c3_lora_abstracts_qwen3-1.7b/fl_fedavg_lora
Computational Mechanics,30,99,0.7638047138047138,2.1950498,42,c3_lora_abstracts_qwen3-1.7b/fl_fedavg_lora
Computational Theory and Mathematics,42,116,0.8207101806239737,2.3729758,42,c3_lora_abstracts_qwen3-1.7b/fl_fedavg_lora
Computer Graphics and Computer-Aided Design,43,29,0.755813953488372,1.4353995,42,c3_lora_abstracts_qwen3-1.7b/fl_fedavg_lora
Computer Networks and Communications,144,153,0.8631989832970224,1.7661269,42,c3_lora_abstracts_qwen3-1.7b/fl_fedavg_lora
Computer Vision and Pattern Recognition,167,206,0.7890093599209349,1.740272,42,c3_lora_abstracts_qwen3-1.7b/fl_fedavg_lora
Control and Systems Engineering,65,150,0.8293333333333334,2.518819,42,c3_lora_abstracts_qwen3-1.7b/fl_fedavg_lora
Ecology,20,147,0.8270408163265307,4.573258,42,c3_lora_abstracts_qwen3-1.7b/fl_fedavg_lora
Economics and Econometrics,146,188,0.8829240746138152,1.8961695,42,c3_lora_abstracts_qwen3-1.7b/fl_fedavg_lora
Education,87,119,0.9234521394764803,2.1394393,42,c3_lora_abstracts_qwen3-1.7b/fl_fedavg_lora
Electrical and Electronic Engineering,159,388,0.7842994229397653,2.1793182,42,c3_lora_abstracts_qwen3-1.7b/fl_fedavg_lora
"Electronic, Optical and Magnetic Materials",36,85,0.6834967320261438,1.8609139,42,c3_lora_abstracts_qwen3-1.7b/fl_fedavg_lora
"Endocrinology, Diabetes and Metabolism",23,130,0.8603678929765886,3.8918066,42,c3_lora_abstracts_qwen3-1.7b/fl_fedavg_lora
Environmental Engineering,32,89,0.7945926966292135,2.7437599,42,c3_lora_abstracts_qwen3-1.7b/fl_fedavg_lora
Epidemiology,104,381,0.847920452251161,3.2306807,42,c3_lora_abstracts_qwen3-1.7b/fl_fedavg_lora
Experimental and Cognitive Psychology,30,73,0.8541095890410959,2.5602129,42,c3_lora_abstracts_qwen3-1.7b/fl_fedavg_lora
Finance,21,58,0.8091133004926108,2.8075805,42,c3_lora_abstracts_qwen3-1.7b/fl_fedavg_lora
Food Science,25,107,0.8054205607476635,3.4498315,42,c3_lora_abstracts_qwen3-1.7b/fl_fedavg_lora
General Health Professions,23,176,0.8478260869565216,5.5647774,42,c3_lora_abstracts_qwen3-1.7b/fl_fedavg_lora
Genetics,76,302,0.8170311955385152,2.7121027,42,c3_lora_abstracts_qwen3-1.7b/fl_fedavg_lora
Global and Planetary Change,30,112,0.8205357142857144,3.20584,42,c3_lora_abstracts_qwen3-1.7b/fl_fedavg_lora
Health Information Management,33,27,0.8726150392817059,1.6369112,42,c3_lora_abstracts_qwen3-1.7b/fl_fedavg_lora
"Health, Toxicology and Mutagenesis",25,85,0.8576470588235294,2.8983605,42,c3_lora_abstracts_qwen3-1.7b/fl_fedavg_lora
Hematology,28,86,0.9372923588039866,3.3571725,42,c3_lora_abstracts_qwen3-1.7b/fl_fedavg_lora
Hepatology,23,77,0.8636363636363636,2.9971051,42,c3_lora_abstracts_qwen3-1.7b/fl_fedavg_lora
Immunology,101,212,0.8237203437324865,2.260856,42,c3_lora_abstracts_qwen3-1.7b/fl_fedavg_lora
Industrial and Manufacturing Engineering,146,124,0.9058771542200618,1.6862922,42,c3_lora_abstracts_qwen3-1.7b/fl_fedavg_lora
Infectious Diseases,31,182,0.8021091811414393,3.9187322,42,c3_lora_abstracts_qwen3-1.7b/fl_fedavg_lora
Information Systems,148,133,0.8698181263970737,1.6736244,42,c3_lora_abstracts_qwen3-1.7b/fl_fedavg_lora
Inorganic Chemistry,64,91,0.8501888736263735,1.9630035,42,c3_lora_abstracts_qwen3-1.7b/fl_fedavg_lora
Management Information Systems,22,51,0.8262032085561497,2.3339741,42,c3_lora_abstracts_qwen3-1.7b/fl_fedavg_lora
Management Science and Operations Research,164,139,0.7580277241621336,1.409135,42,c3_lora_abstracts_qwen3-1.7b/fl_fedavg_lora
Management of Technology and Innovation,22,26,0.8793706293706294,1.9428091,42,c3_lora_abstracts_qwen3-1.7b/fl_fedavg_lora
Marketing,20,32,0.7484375,1.763232,42,c3_lora_abstracts_qwen3-1.7b/fl_fedavg_lora
Materials Chemistry,138,429,0.6940474983953244,1.801041,42,c3_lora_abstracts_qwen3-1.7b/fl_fedavg_lora
Mechanical Engineering,75,295,0.7841129943502825,2.822516,42,c3_lora_abstracts_qwen3-1.7b/fl_fedavg_lora
Mechanics of Materials,33,194,0.7882692908466105,2.9146745,42,c3_lora_abstracts_qwen3-1.7b/fl_fedavg_lora
Molecular Biology,594,981,0.8253019491551602,1.9313105,42,c3_lora_abstracts_qwen3-1.7b/fl_fedavg_lora
Neurology,106,253,0.8423633380565292,2.4802425,42,c3_lora_abstracts_qwen3-1.7b/fl_fedavg_lora
Nuclear and High Energy Physics,30,69,0.8388888888888888,2.696393,42,c3_lora_abstracts_qwen3-1.7b/fl_fedavg_lora
Nutrition and Dietetics,21,87,0.8782156540777231,3.506419,42,c3_lora_abstracts_qwen3-1.7b/fl_fedavg_lora
Obstetrics and Gynecology,26,84,0.8342490842490844,2.9970891,42,c3_lora_abstracts_qwen3-1.7b/fl_fedavg_lora
Ocean Engineering,21,84,0.7919501133786848,2.7613828,42,c3_lora_abstracts_qwen3-1.7b/fl_fedavg_lora
Oncology,132,339,0.823209975864843,2.3244257,42,c3_lora_abstracts_qwen3-1.7b/fl_fedavg_lora
Organic Chemistry,75,171,0.7093567251461987,1.7359682,42,c3_lora_abstracts_qwen3-1.7b/fl_fedavg_lora
Orthopedics and Sports Medicine,24,46,0.8894927536231884,2.4291735,42,c3_lora_abstracts_qwen3-1.7b/fl_fedavg_lora
Pathology and Forensic Medicine,77,192,0.8789908008658008,2.6469333,42,c3_lora_abstracts_qwen3-1.7b/fl_fedavg_lora
Pharmacology,61,187,0.863285701762076,2.9774892,42,c3_lora_abstracts_qwen3-1.7b/fl_fedavg_lora
Physiology,91,231,0.8758384472670188,2.6314516,42,c3_lora_abstracts_qwen3-1.7b/fl_fedavg_lora
Plant Science,100,274,0.7524817518248176,2.1021473,42,c3_lora_abstracts_qwen3-1.7b/fl_fedavg_lora
Pollution,33,84,0.7573953823953824,2.0804453,42,c3_lora_abstracts_qwen3-1.7b/fl_fedavg_lora
Polymers and Plastics,28,72,0.8551587301587302,2.650673,42,c3_lora_abstracts_qwen3-1.7b/fl_fedavg_lora
Psychiatry and Mental health,25,175,0.901257142857143,4.450132,42,c3_lora_abstracts_qwen3-1.7b/fl_fedavg_lora
"Public Health, Environmental and Occupational Health",59,321,0.8677596494007075,4.1566396,42,c3_lora_abstracts_qwen3-1.7b/fl_fedavg_lora
Pulmonary and Respiratory Medicine,124,369,0.8716889588250721,2.9485142,42,c3_lora_abstracts_qwen3-1.7b/fl_fedavg_lora
"Radiology, Nuclear Medicine and Imaging",88,217,0.8830383326351069,2.6568613,42,c3_lora_abstracts_qwen3-1.7b/fl_fedavg_lora
Rehabilitation,27,50,0.9407407407407407,2.633152,42,c3_lora_abstracts_qwen3-1.7b/fl_fedavg_lora
"Renewable Energy, Sustainability and the Environment",42,131,0.715467102871683,2.0035963,42,c3_lora_abstracts_qwen3-1.7b/fl_fedavg_lora
Reproductive Medicine,24,63,0.9120370370370371,2.9528806,42,c3_lora_abstracts_qwen3-1.7b/fl_fedavg_lora
Rheumatology,39,106,0.8765118529269473,2.8700259,42,c3_lora_abstracts_qwen3-1.7b/fl_fedavg_lora
Signal Processing,44,45,0.8550505050505051,1.7085066,42,c3_lora_abstracts_qwen3-1.7b/fl_fedavg_lora
Social Psychology,46,120,0.8807065217391303,2.9379032,42,c3_lora_abstracts_qwen3-1.7b/fl_fedavg_lora
Sociology and Political Science,80,295,0.8829872881355932,3.3726716,42,c3_lora_abstracts_qwen3-1.7b/fl_fedavg_lora
Strategy and Management,31,68,0.8538899430740038,2.451856,42,c3_lora_abstracts_qwen3-1.7b/fl_fedavg_lora
Surgery,127,499,0.8525870638915627,3.416687,42,c3_lora_abstracts_qwen3-1.7b/fl_fedavg_lora
Water Science and Technology,44,88,0.7511621900826446,1.8881834,42,c3_lora_abstracts_qwen3-1.7b/fl_fedavg_lora
Aerospace Engineering,32,167,0.855819610778443,3.5704303,42,c3_lora_abstracts_qwen3-1.7b/fl_fedavg_lora_ft__personal
Artificial Intelligence,367,313,0.8817369048759042,1.6782632,42,c3_lora_abstracts_qwen3-1.7b/fl_fedavg_lora_ft__personal
Atmospheric Science,21,69,0.914423740510697,3.8048666,42,c3_lora_abstracts_qwen3-1.7b/fl_fedavg_lora_ft__personal
"Atomic and Molecular Physics, and Optics",29,107,0.793747985820174,2.9423168,42,c3_lora_abstracts_qwen3-1.7b/fl_fedavg_lora_ft__personal
Automotive Engineering,24,54,0.7692901234567902,2.080587,42,c3_lora_abstracts_qwen3-1.7b/fl_fedavg_lora_ft__personal
Biomaterials,48,77,0.8041125541125541,2.0074065,42,c3_lora_abstracts_qwen3-1.7b/fl_fedavg_lora_ft__personal
Biomedical Engineering,148,396,0.8215175402675403,2.5501359,42,c3_lora_abstracts_qwen3-1.7b/fl_fedavg_lora_ft__personal
Building and Construction,43,94,0.8698664027709055,2.4857001,42,c3_lora_abstracts_qwen3-1.7b/fl_fedavg_lora_ft__personal
Cancer Research,471,275,0.8762902914495272,1.4550263,42,c3_lora_abstracts_qwen3-1.7b/fl_fedavg_lora_ft__personal
Cardiology and Cardiovascular Medicine,56,221,0.8555672268907564,3.703019,42,c3_lora_abstracts_qwen3-1.7b/fl_fedavg_lora_ft__personal
Cell Biology,60,110,0.8347727272727272,2.2777138,42,c3_lora_abstracts_qwen3-1.7b/fl_fedavg_lora_ft__personal
Cellular and Molecular Neuroscience,39,96,0.8846153846153846,2.5582495,42,c3_lora_abstracts_qwen3-1.7b/fl_fedavg_lora_ft__personal
Civil and Structural Engineering,55,233,0.9371439719079204,4.191073,42,c3_lora_abstracts_qwen3-1.7b/fl_fedavg_lora_ft__personal
Clinical Psychology,34,146,0.7765914585012087,3.1511052,42,c3_lora_abstracts_qwen3-1.7b/fl_fedavg_lora_ft__personal
Cognitive Neuroscience,25,185,0.8732972972972972,5.7020454,42,c3_lora_abstracts_qwen3-1.7b/fl_fedavg_lora_ft__personal
Complementary and alternative medicine,38,74,0.9119843527738264,2.4977148,42,c3_lora_abstracts_qwen3-1.7b/fl_fedavg_lora_ft__personal
Computational Mechanics,30,99,0.8240740740740741,2.8728802,42,c3_lora_abstracts_qwen3-1.7b/fl_fedavg_lora_ft__personal
Computational Theory and Mathematics,42,116,0.9029146141215106,2.9400911,42,c3_lora_abstracts_qwen3-1.7b/fl_fedavg_lora_ft__personal
Computer Graphics and Computer-Aided Design,43,29,0.7914995990376905,1.4748285,42,c3_lora_abstracts_qwen3-1.7b/fl_fedavg_lora_ft__personal
Computer Networks and Communications,144,153,0.882716049382716,1.8315482,42,c3_lora_abstracts_qwen3-1.7b/fl_fedavg_lora_ft__personal
Computer Vision and Pattern Recognition,167,206,0.8249229695947911,1.8324326,42,c3_lora_abstracts_qwen3-1.7b/fl_fedavg_lora_ft__personal
Control and Systems Engineering,65,150,0.8811282051282051,2.788022,42,c3_lora_abstracts_qwen3-1.7b/fl_fedavg_lora_ft__personal
Ecology,20,147,0.817517006802721,4.6983914,42,c3_lora_abstracts_qwen3-1.7b/fl_fedavg_lora_ft__personal
Economics and Econometrics,146,188,0.9228905566890119,2.0850143,42,c3_lora_abstracts_qwen3-1.7b/fl_fedavg_lora_ft__personal
Education,87,119,0.9591422776006956,2.239431,42,c3_lora_abstracts_qwen3-1.7b/fl_fedavg_lora_ft__personal
Electrical and Electronic Engineering,159,388,0.8383664008299293,2.5150816,42,c3_lora_abstracts_qwen3-1.7b/fl_fedavg_lora_ft__personal
"Electronic, Optical and Magnetic Materials",36,85,0.6825163398692811,1.8797977,42,c3_lora_abstracts_qwen3-1.7b/fl_fedavg_lora_ft__personal
"Endocrinology, Diabetes and Metabolism",23,130,0.8777591973244148,4.595865,42,c3_lora_abstracts_qwen3-1.7b/fl_fedavg_lora_ft__personal
Environmental Engineering,32,89,0.8054775280898877,2.6756153,42,c3_lora_abstracts_qwen3-1.7b/fl_fedavg_lora_ft__personal
Epidemiology,104,381,0.8798707853825964,3.4826481,42,c3_lora_abstracts_qwen3-1.7b/fl_fedavg_lora_ft__personal
Experimental and Cognitive Psychology,30,73,0.9027397260273973,2.7764251,42,c3_lora_abstracts_qwen3-1.7b/fl_fedavg_lora_ft__personal
Finance,21,58,0.8308702791461412,2.8548462,42,c3_lora_abstracts_qwen3-1.7b/fl_fedavg_lora_ft__personal
Food Science,25,107,0.8532710280373832,3.3934271,42,c3_lora_abstracts_qwen3-1.7b/fl_fedavg_lora_ft__personal
General Health Professions,23,176,0.8580780632411067,5.7833734,42,c3_lora_abstracts_qwen3-1.7b/fl_fedavg_lora_ft__personal
Genetics,76,302,0.8724294179156501,3.3655407,42,c3_lora_abstracts_qwen3-1.7b/fl_fedavg_lora_ft__personal
Global and Planetary Change,30,112,0.8516369047619047,3.2912369,42,c3_lora_abstracts_qwen3-1.7b/fl_fedavg_lora_ft__personal
Health Information Management,33,27,0.899551066217733,1.6819538,42,c3_lora_abstracts_qwen3-1.7b/fl_fedavg_lora_ft__personal
"Health, Toxicology and Mutagenesis",25,85,0.8868235294117647,3.2364519,42,c3_lora_abstracts_qwen3-1.7b/fl_fedavg_lora_ft__personal
Hematology,28,86,0.9426910299003322,3.4974542,42,c3_lora_abstracts_qwen3-1.7b/fl_fedavg_lora_ft__personal
Hepatology,23,77,0.8785996612083569,3.3784127,42,c3_lora_abstracts_qwen3-1.7b/fl_fedavg_lora_ft__personal
Immunology,101,212,0.8652624696431908,2.5115464,42,c3_lora_abstracts_qwen3-1.7b/fl_fedavg_lora_ft__personal
Industrial and Manufacturing Engineering,146,124,0.922779496243924,1.7255334,42,c3_lora_abstracts_qwen3-1.7b/fl_fedavg_lora_ft__personal
Infectious Diseases,31,182,0.8629918468628146,4.426443,42,c3_lora_abstracts_qwen3-1.7b/fl_fedavg_lora_ft__personal
Information Systems,148,133,0.8857701686649055,1.7073504,42,c3_lora_abstracts_qwen3-1.7b/fl_fedavg_lora_ft__personal
Inorganic Chemistry,64,91,0.915521978021978,2.2304032,42,c3_lora_abstracts_qwen3-1.7b/fl_fedavg_lora_ft__personal
Management Information Systems,22,51,0.8319964349376114,2.3875375,42,c3_lora_abstracts_qwen3-1.7b/fl_fedavg_lora_ft__personal
Management Science and Operations Research,164,139,0.8926127390770311,1.6582464,42,c3_lora_abstracts_qwen3-1.7b/fl_fedavg_lora_ft__personal
Management of Technology and Innovation,22,26,0.9466783216783217,2.044251,42,c3_lora_abstracts_qwen3-1.7b/fl_fedavg_lora_ft__personal
Marketing,20,32,0.78125,2.0495207,42,c3_lora_abstracts_qwen3-1.7b/fl_fedavg_lora_ft__personal
Materials Chemistry,138,429,0.7719249349684132,2.3660116,42,c3_lora_abstracts_qwen3-1.7b/fl_fedavg_lora_ft__personal
Mechanical Engineering,75,295,0.8632090395480226,3.3993037,42,c3_lora_abstracts_qwen3-1.7b/fl_fedavg_lora_ft__personal
Mechanics of Materials,33,194,0.8559825054670416,4.570923,42,c3_lora_abstracts_qwen3-1.7b/fl_fedavg_lora_ft__personal
Molecular Biology,594,981,0.8658578650933391,2.1213372,42,c3_lora_abstracts_qwen3-1.7b/fl_fedavg_lora_ft__personal
Neurology,106,253,0.8815347900663734,2.6741621,42,c3_lora_abstracts_qwen3-1.7b/fl_fedavg_lora_ft__personal
Nuclear and High Energy Physics,30,69,0.861352657004831,2.7635295,42,c3_lora_abstracts_qwen3-1.7b/fl_fedavg_lora_ft__personal
Nutrition and Dietetics,21,87,0.8746579091406677,3.5409915,42,c3_lora_abstracts_qwen3-1.7b/fl_fedavg_lora_ft__personal
Obstetrics and Gynecology,26,84,0.8246336996336996,3.0691528,42,c3_lora_abstracts_qwen3-1.7b/fl_fedavg_lora_ft__personal
Ocean Engineering,21,84,0.8132086167800453,2.907192,42,c3_lora_abstracts_qwen3-1.7b/fl_fedavg_lora_ft__personal
Oncology,132,339,0.8454567801912934,2.6041818,42,c3_lora_abstracts_qwen3-1.7b/fl_fedavg_lora_ft__personal
Organic Chemistry,75,171,0.7669395711500975,2.105305,42,c3_lora_abstracts_qwen3-1.7b/fl_fedavg_lora_ft__personal
Orthopedics and Sports Medicine,24,46,0.9266304347826086,2.644904,42,c3_lora_abstracts_qwen3-1.7b/fl_fedavg_lora_ft__personal
Pathology and Forensic Medicine,77,192,0.9140286796536795,2.7849545,42,c3_lora_abstracts_qwen3-1.7b/fl_fedavg_lora_ft__personal
Pharmacology,61,187,0.8816954501621811,3.288189,42,c3_lora_abstracts_qwen3-1.7b/fl_fedavg_lora_ft__personal
Physiology,91,231,0.9253127824556395,2.9645708,42,c3_lora_abstracts_qwen3-1.7b/fl_fedavg_lora_ft__personal
Plant Science,100,274,0.8436313868613139,2.686644,42,c3_lora_abstracts_qwen3-1.7b/fl_fedavg_lora_ft__personal
Pollution,33,84,0.8421717171717171,2.7644825,42,c3_lora_abstracts_qwen3-1.7b/fl_fedavg_lora_ft__personal
Polymers and Plastics,28,72,0.8239087301587301,2.6137655,42,c3_lora_abstracts_qwen3-1.7b/fl_fedavg_lora_ft__personal
Psychiatry and Mental health,25,175,0.9420571428571428,5.643965,42,c3_lora_abstracts_qwen3-1.7b/fl_fedavg_lora_ft__personal
"Public Health, Environmental and Occupational Health",59,321,0.9053276308147209,4.54033,42,c3_lora_abstracts_qwen3-1.7b/fl_fedavg_lora_ft__personal
Pulmonary and Respiratory Medicine,124,369,0.904198356499694,3.2219732,42,c3_lora_abstracts_qwen3-1.7b/fl_fedavg_lora_ft__personal
"Radiology, Nuclear Medicine and Imaging",88,217,0.9220517385839966,2.953927,42,c3_lora_abstracts_qwen3-1.7b/fl_fedavg_lora_ft__personal
Rehabilitation,27,50,0.9307407407407408,2.564702,42,c3_lora_abstracts_qwen3-1.7b/fl_fedavg_lora_ft__personal
"Renewable Energy, Sustainability and the Environment",42,131,0.7758087968011633,2.4065933,42,c3_lora_abstracts_qwen3-1.7b/fl_fedavg_lora_ft__personal
Reproductive Medicine,24,63,0.9209656084656085,3.086936,42,c3_lora_abstracts_qwen3-1.7b/fl_fedavg_lora_ft__personal
Rheumatology,39,106,0.8948959845186261,3.014627,42,c3_lora_abstracts_qwen3-1.7b/fl_fedavg_lora_ft__personal
Signal Processing,44,45,0.8621212121212122,1.7720717,42,c3_lora_abstracts_qwen3-1.7b/fl_fedavg_lora_ft__personal
Social Psychology,46,120,0.8944746376811594,2.9176047,42,c3_lora_abstracts_qwen3-1.7b/fl_fedavg_lora_ft__personal
Sociology and Political Science,80,295,0.925063559322034,3.7692277,42,c3_lora_abstracts_qwen3-1.7b/fl_fedavg_lora_ft__personal
Strategy and Management,31,68,0.8738140417457305,2.524823,42,c3_lora_abstracts_qwen3-1.7b/fl_fedavg_lora_ft__personal
Surgery,127,499,0.878323576286431,3.5687063,42,c3_lora_abstracts_qwen3-1.7b/fl_fedavg_lora_ft__personal
Water Science and Technology,44,88,0.7851239669421488,2.0887592,42,c3_lora_abstracts_qwen3-1.7b/fl_fedavg_lora_ft__personal
Aerospace Engineering,32,167,0.8745321856287426,3.789244,42,c3_lora_abstracts_qwen3-1.7b/local_lora__personal
Artificial Intelligence,367,313,0.8855107033106703,1.6838894,42,c3_lora_abstracts_qwen3-1.7b/local_lora__personal
Atmospheric Science,21,69,0.9044168391994478,3.7665288,42,c3_lora_abstracts_qwen3-1.7b/local_lora__personal
"Atomic and Molecular Physics, and Optics",29,107,0.7613599742184983,2.6457846,42,c3_lora_abstracts_qwen3-1.7b/local_lora__personal
Automotive Engineering,24,54,0.7939814814814815,2.308327,42,c3_lora_abstracts_qwen3-1.7b/local_lora__personal
Biomaterials,48,77,0.757034632034632,1.8483423,42,c3_lora_abstracts_qwen3-1.7b/local_lora__personal
Biomedical Engineering,148,396,0.8007865820365819,2.4853184,42,c3_lora_abstracts_qwen3-1.7b/local_lora__personal
Building and Construction,43,94,0.8593518060366155,2.40116,42,c3_lora_abstracts_qwen3-1.7b/local_lora__personal
Cancer Research,471,275,0.8725342597954063,1.4458414,42,c3_lora_abstracts_qwen3-1.7b/local_lora__personal
Cardiology and Cardiovascular Medicine,56,221,0.856819650937298,3.6924872,42,c3_lora_abstracts_qwen3-1.7b/local_lora__personal
Cell Biology,60,110,0.8320454545454544,2.1875217,42,c3_lora_abstracts_qwen3-1.7b/local_lora__personal
Cellular and Molecular Neuroscience,39,96,0.858573717948718,2.4693913,42,c3_lora_abstracts_qwen3-1.7b/local_lora__personal
Civil and Structural Engineering,55,233,0.9365197034724931,4.2759905,42,c3_lora_abstracts_qwen3-1.7b/local_lora__personal
Clinical Psychology,34,146,0.8176873489121675,3.6604927,42,c3_lora_abstracts_qwen3-1.7b/local_lora__personal
Cognitive Neuroscience,25,185,0.837081081081081,5.2623477,42,c3_lora_abstracts_qwen3-1.7b/local_lora__personal
Complementary and alternative medicine,38,74,0.9125177809388336,2.5125215,42,c3_lora_abstracts_qwen3-1.7b/local_lora__personal
Computational Mechanics,30,99,0.8468013468013469,3.1173353,42,c3_lora_abstracts_qwen3-1.7b/local_lora__personal
Computational Theory and Mathematics,42,116,0.9230295566502463,3.0569484,42,c3_lora_abstracts_qwen3-1.7b/local_lora__personal
Computer Graphics and Computer-Aided Design,43,29,0.7862870890136328,1.4721923,42,c3_lora_abstracts_qwen3-1.7b/local_lora__personal
Computer Networks and Communications,144,153,0.9035039941902687,1.8725104,42,c3_lora_abstracts_qwen3-1.7b/local_lora__personal
Computer Vision and Pattern Recognition,167,206,0.8283384686936806,1.8330406,42,c3_lora_abstracts_qwen3-1.7b/local_lora__personal
Control and Systems Engineering,65,150,0.8823589743589745,2.7329264,42,c3_lora_abstracts_qwen3-1.7b/local_lora__personal
Ecology,20,147,0.7806122448979591,3.7955344,42,c3_lora_abstracts_qwen3-1.7b/local_lora__personal
Economics and Econometrics,146,188,0.9223076362576509,2.079952,42,c3_lora_abstracts_qwen3-1.7b/local_lora__personal
Education,87,119,0.9605428378247851,2.2397375,42,c3_lora_abstracts_qwen3-1.7b/local_lora__personal
Electrical and Electronic Engineering,159,388,0.8292647344874537,2.4099476,42,c3_lora_abstracts_qwen3-1.7b/local_lora__personal
"Electronic, Optical and Magnetic Materials",36,85,0.6949346405228759,1.8337096,42,c3_lora_abstracts_qwen3-1.7b/local_lora__personal
"Endocrinology, Diabetes and Metabolism",23,130,0.9137123745819398,4.5700774,42,c3_lora_abstracts_qwen3-1.7b/local_lora__personal
Environmental Engineering,32,89,0.8102176966292134,2.6444213,42,c3_lora_abstracts_qwen3-1.7b/local_lora__personal
Epidemiology,104,381,0.852046739349889,3.3316662,42,c3_lora_abstracts_qwen3-1.7b/local_lora__personal
Experimental and Cognitive Psychology,30,73,0.8538812785388128,2.600889,42,c3_lora_abstracts_qwen3-1.7b/local_lora__personal
Finance,21,58,0.8686371100164203,2.915056,42,c3_lora_abstracts_qwen3-1.7b/local_lora__personal
Food Science,25,107,0.8110280373831776,2.9513018,42,c3_lora_abstracts_qwen3-1.7b/local_lora__personal
General Health Professions,23,176,0.8649950592885375,5.213196,42,c3_lora_abstracts_qwen3-1.7b/local_lora__personal
Genetics,76,302,0.8821889159986058,3.414153,42,c3_lora_abstracts_qwen3-1.7b/local_lora__personal
Global and Planetary Change,30,112,0.838095238095238,3.3516526,42,c3_lora_abstracts_qwen3-1.7b/local_lora__personal
Health Information Management,33,27,0.9225589225589226,1.718535,42,c3_lora_abstracts_qwen3-1.7b/local_lora__personal
"Health, Toxicology and Mutagenesis",25,85,0.8494117647058823,2.9394996,42,c3_lora_abstracts_qwen3-1.7b/local_lora__personal
Hematology,28,86,0.9460132890365449,3.5896428,42,c3_lora_abstracts_qwen3-1.7b/local_lora__personal
Hepatology,23,77,0.9153020892151327,3.4176183,42,c3_lora_abstracts_qwen3-1.7b/local_lora__personal
Immunology,101,212,0.8746497291238557,2.4922721,42,c3_lora_abstracts_qwen3-1.7b/local_lora__personal
Industrial and Manufacturing Engineering,146,124,0.9250165709235528,1.7372552,42,c3_lora_abstracts_qwen3-1.7b/local_lora__personal
Infectious Diseases,31,182,0.8690180786954981,4.4160056,42,c3_lora_abstracts_qwen3-1.7b/local_lora__personal
Information Systems,148,133,0.8840174761227393,1.6998417,42,c3_lora_abstracts_qwen3-1.7b/local_lora__personal
Inorganic Chemistry,64,91,0.8728537087912088,2.0891697,42,c3_lora_abstracts_qwen3-1.7b/local_lora__personal
Management Information Systems,22,51,0.8364527629233511,2.4471233,42,c3_lora_abstracts_qwen3-1.7b/local_lora__personal
Management Science and Operations Research,164,139,0.9064748201438849,1.695679,42,c3_lora_abstracts_qwen3-1.7b/local_lora__personal
Management of Technology and Innovation,22,26,0.9283216783216783,2.0016453,42,c3_lora_abstracts_qwen3-1.7b/local_lora__personal
Marketing,20,32,0.7828125,2.010233,42,c3_lora_abstracts_qwen3-1.7b/local_lora__personal
Materials Chemistry,138,429,0.7792642140468228,2.4748757,42,c3_lora_abstracts_qwen3-1.7b/local_lora__personal
Mechanical Engineering,75,295,0.8419661016949151,3.206563,42,c3_lora_abstracts_qwen3-1.7b/local_lora__personal
Mechanics of Materials,33,194,0.8482505467041549,4.2848263,42,c3_lora_abstracts_qwen3-1.7b/local_lora__personal
Molecular Biology,594,981,0.8687838287736351,2.1239824,42,c3_lora_abstracts_qwen3-1.7b/local_lora__personal
Neurology,106,253,0.8666940114848236,2.6091185,42,c3_lora_abstracts_qwen3-1.7b/local_lora__personal
Nuclear and High Energy Physics,30,69,0.8541062801932366,2.7454681,42,c3_lora_abstracts_qwen3-1.7b/local_lora__personal
Nutrition and Dietetics,21,87,0.8680897646414888,3.4428668,42,c3_lora_abstracts_qwen3-1.7b/local_lora__personal
Obstetrics and Gynecology,26,84,0.8498168498168498,2.9787836,42,c3_lora_abstracts_qwen3-1.7b/local_lora__personal
Ocean Engineering,21,84,0.8129251700680272,2.6538973,42,c3_lora_abstracts_qwen3-1.7b/local_lora__personal
Oncology,132,339,0.8423058013765978,2.5975268,42,c3_lora_abstracts_qwen3-1.7b/local_lora__personal
Organic Chemistry,75,171,0.7550097465886939,2.0648901,42,c3_lora_abstracts_qwen3-1.7b/local_lora__personal
Orthopedics and Sports Medicine,24,46,0.9221014492753623,2.5474997,42,c3_lora_abstracts_qwen3-1.7b/local_lora__personal
Pathology and Forensic Medicine,77,192,0.9097334956709957,2.7618155,42,c3_lora_abstracts_qwen3-1.7b/local_lora__personal
Pharmacology,61,187,0.8667046550363812,3.1637337,42,c3_lora_abstracts_qwen3-1.7b/local_lora__personal
Physiology,91,231,0.912658769801627,2.8798573,42,c3_lora_abstracts_qwen3-1.7b/local_lora__personal
Plant Science,100,274,0.8246350364963504,2.6238513,42,c3_lora_abstracts_qwen3-1.7b/local_lora__personal
Pollution,33,84,0.8825757575757576,2.9147027,42,c3_lora_abstracts_qwen3-1.7b/local_lora__personal
Polymers and Plastics,28,72,0.7646329365079366,2.3923755,42,c3_lora_abstracts_qwen3-1.7b/local_lora__personal
Psychiatry and Mental health,25,175,0.9365714285714286,5.847847,42,c3_lora_abstracts_qwen3-1.7b/local_lora__personal
"Public Health, Environmental and Occupational Health",59,321,0.8758118168857912,4.3261094,42,c3_lora_abstracts_qwen3-1.7b/local_lora__personal
Pulmonary and Respiratory Medicine,124,369,0.8970736078328525,3.1394444,42,c3_lora_abstracts_qwen3-1.7b/local_lora__personal
"Radiology, Nuclear Medicine and Imaging",88,217,0.902073732718894,2.8457885,42,c3_lora_abstracts_qwen3-1.7b/local_lora__personal
Rehabilitation,27,50,0.9274074074074075,2.6012738,42,c3_lora_abstracts_qwen3-1.7b/local_lora__personal
"Renewable Energy, Sustainability and the Environment",42,131,0.7816248636859324,2.3822374,42,c3_lora_abstracts_qwen3-1.7b/local_lora__personal
Reproductive Medicine,24,63,0.9113756613756614,2.8662682,42,c3_lora_abstracts_qwen3-1.7b/local_lora__personal
Rheumatology,39,106,0.8922351233671988,2.973409,42,c3_lora_abstracts_qwen3-1.7b/local_lora__personal
Signal Processing,44,45,0.8479797979797981,1.755068,42,c3_lora_abstracts_qwen3-1.7b/local_lora__personal
Social Psychology,46,120,0.8809782608695652,2.8583145,42,c3_lora_abstracts_qwen3-1.7b/local_lora__personal
Sociology and Political Science,80,295,0.9342161016949153,3.9233737,42,c3_lora_abstracts_qwen3-1.7b/local_lora__personal
Strategy and Management,31,68,0.853415559772296,2.40594,42,c3_lora_abstracts_qwen3-1.7b/local_lora__personal
Surgery,127,499,0.8609107979739007,3.4728727,42,c3_lora_abstracts_qwen3-1.7b/local_lora__personal
Water Science and Technology,44,88,0.7866735537190084,2.0539641,42,c3_lora_abstracts_qwen3-1.7b/local_lora__personal
Aerospace Engineering,31,163,0.5,1.0,43,topic_only/logreg
Artificial Intelligence,335,323,0.5,1.0,43,topic_only/logreg
Atmospheric Science,21,84,0.5,1.0,43,topic_only/logreg
Automotive Engineering,21,57,0.5,1.0,43,topic_only/logreg
Biochemistry,23,64,0.506453804347826,1.0097072,43,topic_only/logreg
Biomaterials,36,86,0.5,1.0,43,topic_only/logreg
Biomedical Engineering,152,334,0.5,1.0,43,topic_only/logreg
Building and Construction,55,89,0.5,1.0,43,topic_only/logreg
Business and International Management,54,20,0.5,1.0,43,topic_only/logreg
Cancer Research,506,282,0.5,1.0,43,topic_only/logreg
Cardiology and Cardiovascular Medicine,75,224,0.5,1.0,43,topic_only/logreg
Cell Biology,53,101,0.5,1.0,43,topic_only/logreg
Cellular and Molecular Neuroscience,36,113,0.5,1.0,43,topic_only/logreg
Civil and Structural Engineering,59,241,0.5,1.0,43,topic_only/logreg
Clinical Psychology,40,163,0.5,1.0,43,topic_only/logreg
Cognitive Neuroscience,39,183,0.5,1.0,43,topic_only/logreg
Complementary and alternative medicine,52,79,0.5,1.0,43,topic_only/logreg
Computational Mechanics,24,121,0.5,1.0,43,topic_only/logreg
Computational Theory and Mathematics,35,101,0.5,1.0,43,topic_only/logreg
Computer Graphics and Computer-Aided Design,42,26,0.5,1.0,43,topic_only/logreg
Computer Networks and Communications,168,152,0.5,1.0,43,topic_only/logreg
Computer Vision and Pattern Recognition,165,196,0.5,1.0,43,topic_only/logreg
Control and Systems Engineering,76,147,0.5,1.0,43,topic_only/logreg
Economics and Econometrics,111,206,0.5,1.0,43,topic_only/logreg
Education,95,101,0.5,1.0,43,topic_only/logreg
Electrical and Electronic Engineering,154,429,0.5,1.0,43,topic_only/logreg
"Electronic, Optical and Magnetic Materials",30,105,0.5,1.0,43,topic_only/logreg
"Endocrinology, Diabetes and Metabolism",34,123,0.5,1.0,43,topic_only/logreg
Environmental Engineering,29,80,0.5,1.0,43,topic_only/logreg
Epidemiology,93,388,0.5,1.0,43,topic_only/logreg
Experimental and Cognitive Psychology,24,81,0.5,1.0,43,topic_only/logreg
Food Science,23,91,0.5,1.0,43,topic_only/logreg
General Health Professions,21,177,0.5,1.0,43,topic_only/logreg
Genetics,99,281,0.45697185376900673,0.94214875,43,topic_only/logreg
Global and Planetary Change,46,107,0.5,1.0,43,topic_only/logreg
Health Information Management,32,25,0.5,1.0,43,topic_only/logreg
"Health, Toxicology and Mutagenesis",28,91,0.5,1.0,43,topic_only/logreg
Hematology,22,78,0.5,1.0,43,topic_only/logreg
Immunology,113,214,0.5,1.0,43,topic_only/logreg
Industrial and Manufacturing Engineering,140,119,0.6172268907563025,1.1213831,43,topic_only/logreg
Infectious Diseases,29,180,0.5,1.0,43,topic_only/logreg
Information Systems,164,147,0.5,1.0,43,topic_only/logreg
Inorganic Chemistry,67,89,0.5,1.0,43,topic_only/logreg
Management Information Systems,24,40,0.5,1.0,43,topic_only/logreg
Management Science and Operations Research,162,133,0.5,1.0,43,topic_only/logreg
"Management, Monitoring, Policy and Law",21,44,0.5,1.0,43,topic_only/logreg
Marketing,21,31,0.5,1.0,43,topic_only/logreg
Materials Chemistry,140,349,0.5,1.0,43,topic_only/logreg
Mechanical Engineering,82,298,0.5,1.0,43,topic_only/logreg
Mechanics of Materials,29,179,0.5,1.0,43,topic_only/logreg
Media Technology,34,31,0.5,1.0,43,topic_only/logreg
Molecular Biology,564,991,0.5,1.0,43,topic_only/logreg
Nephrology,28,68,0.5,1.0,43,topic_only/logreg
Neurology,109,237,0.6145240583749468,1.220927,43,topic_only/logreg
Obstetrics and Gynecology,23,71,0.5,1.0,43,topic_only/logreg
Ocean Engineering,31,87,0.5,1.0,43,topic_only/logreg
Oncology,135,327,0.5,1.0,43,topic_only/logreg
Organic Chemistry,61,179,0.5,1.0,43,topic_only/logreg
Organizational Behavior and Human Resource Management,22,43,0.5,1.0,43,topic_only/logreg
Orthopedics and Sports Medicine,25,61,0.5,1.0,43,topic_only/logreg
Pathology and Forensic Medicine,77,164,0.5,1.0,43,topic_only/logreg
"Pediatrics, Perinatology and Child Health",24,110,0.5,1.0,43,topic_only/logreg
Pharmacology,56,185,0.5748069498069499,1.1622944,43,topic_only/logreg
Physiology,89,264,0.537240381341505,1.1104659,43,topic_only/logreg
Plant Science,110,290,0.5,1.0,43,topic_only/logreg
Pollution,29,90,0.5,1.0,43,topic_only/logreg
Polymers and Plastics,26,54,0.5,1.0,43,topic_only/logreg
Psychiatry and Mental health,29,182,0.5,1.0,43,topic_only/logreg
"Public Health, Environmental and Occupational Health",41,312,0.5,1.0,43,topic_only/logreg
Pulmonary and Respiratory Medicine,118,394,0.5,1.0,43,topic_only/logreg
"Radiology, Nuclear Medicine and Imaging",84,219,0.5,1.0,43,topic_only/logreg
"Renewable Energy, Sustainability and the Environment",59,125,0.5,1.0,43,topic_only/logreg
Rheumatology,37,118,0.5,1.0,43,topic_only/logreg
Signal Processing,37,59,0.5,1.0,43,topic_only/logreg
Social Psychology,40,123,0.5,1.0,43,topic_only/logreg
Sociology and Political Science,96,289,0.5,1.0,43,topic_only/logreg
Statistical and Nonlinear Physics,20,84,0.5,1.0,43,topic_only/logreg
Statistics and Probability,20,86,0.5,1.0,43,topic_only/logreg
Strategy and Management,31,59,0.5,1.0,43,topic_only/logreg
Surgery,131,487,0.5,1.0,43,topic_only/logreg
Water Science and Technology,35,77,0.5,1.0,43,topic_only/logreg
Aerospace Engineering,31,163,0.5,1.0,43,topic_only/xgb
Artificial Intelligence,335,323,0.5,1.0,43,topic_only/xgb
Atmospheric Science,21,84,0.5,1.0,43,topic_only/xgb
Automotive Engineering,21,57,0.5,1.0,43,topic_only/xgb
Biochemistry,23,64,0.506453804347826,1.0097072,43,topic_only/xgb
Biomaterials,36,86,0.5,1.0,43,topic_only/xgb
Biomedical Engineering,152,334,0.5,1.0,43,topic_only/xgb
Building and Construction,55,89,0.5,1.0,43,topic_only/xgb
Business and International Management,54,20,0.5,1.0,43,topic_only/xgb
Cancer Research,506,282,0.5,1.0,43,topic_only/xgb
Cardiology and Cardiovascular Medicine,75,224,0.5,1.0,43,topic_only/xgb
Cell Biology,53,101,0.5,1.0,43,topic_only/xgb
Cellular and Molecular Neuroscience,36,113,0.5,1.0,43,topic_only/xgb
Civil and Structural Engineering,59,241,0.5,1.0,43,topic_only/xgb
Clinical Psychology,40,163,0.5,1.0,43,topic_only/xgb
Cognitive Neuroscience,39,183,0.5,1.0,43,topic_only/xgb
Complementary and alternative medicine,52,79,0.5,1.0,43,topic_only/xgb
Computational Mechanics,24,121,0.5,1.0,43,topic_only/xgb
Computational Theory and Mathematics,35,101,0.5,1.0,43,topic_only/xgb
Computer Graphics and Computer-Aided Design,42,26,0.5,1.0,43,topic_only/xgb
Computer Networks and Communications,168,152,0.5,1.0,43,topic_only/xgb
Computer Vision and Pattern Recognition,165,196,0.5,1.0,43,topic_only/xgb
Control and Systems Engineering,76,147,0.5,1.0,43,topic_only/xgb
Economics and Econometrics,111,206,0.5,1.0,43,topic_only/xgb
Education,95,101,0.5,1.0,43,topic_only/xgb
Electrical and Electronic Engineering,154,429,0.5,1.0,43,topic_only/xgb
"Electronic, Optical and Magnetic Materials",30,105,0.5,1.0,43,topic_only/xgb
"Endocrinology, Diabetes and Metabolism",34,123,0.5,1.0,43,topic_only/xgb
Environmental Engineering,29,80,0.5,1.0,43,topic_only/xgb
Epidemiology,93,388,0.5,1.0,43,topic_only/xgb
Experimental and Cognitive Psychology,24,81,0.5,1.0,43,topic_only/xgb
Food Science,23,91,0.5,1.0,43,topic_only/xgb
General Health Professions,21,177,0.5,1.0,43,topic_only/xgb
Genetics,99,281,0.5430281462309933,1.077135,43,topic_only/xgb
Global and Planetary Change,46,107,0.5,1.0,43,topic_only/xgb
Health Information Management,32,25,0.5,1.0,43,topic_only/xgb
"Health, Toxicology and Mutagenesis",28,91,0.5,1.0,43,topic_only/xgb
Hematology,22,78,0.5,1.0,43,topic_only/xgb
Immunology,113,214,0.5,1.0,43,topic_only/xgb
Industrial and Manufacturing Engineering,140,119,0.6172268907563025,1.1213831,43,topic_only/xgb
Infectious Diseases,29,180,0.5,1.0,43,topic_only/xgb
Information Systems,164,147,0.5,1.0,43,topic_only/xgb
Inorganic Chemistry,67,89,0.5,1.0,43,topic_only/xgb
Management Information Systems,24,40,0.5,1.0,43,topic_only/xgb
Management Science and Operations Research,162,133,0.5,1.0,43,topic_only/xgb
"Management, Monitoring, Policy and Law",21,44,0.5,1.0,43,topic_only/xgb
Marketing,21,31,0.5,1.0,43,topic_only/xgb
Materials Chemistry,140,349,0.5,1.0,43,topic_only/xgb
Mechanical Engineering,82,298,0.5,1.0,43,topic_only/xgb
Mechanics of Materials,29,179,0.5,1.0,43,topic_only/xgb
Media Technology,34,31,0.5,1.0,43,topic_only/xgb
Molecular Biology,564,991,0.5,1.0,43,topic_only/xgb
Nephrology,28,68,0.5,1.0,43,topic_only/xgb
Neurology,109,237,0.6145240583749468,1.220927,43,topic_only/xgb
Obstetrics and Gynecology,23,71,0.5,1.0,43,topic_only/xgb
Ocean Engineering,31,87,0.5,1.0,43,topic_only/xgb
Oncology,135,327,0.5,1.0,43,topic_only/xgb
Organic Chemistry,61,179,0.5,1.0,43,topic_only/xgb
Organizational Behavior and Human Resource Management,22,43,0.5,1.0,43,topic_only/xgb
Orthopedics and Sports Medicine,25,61,0.5,1.0,43,topic_only/xgb
Pathology and Forensic Medicine,77,164,0.5,1.0,43,topic_only/xgb
"Pediatrics, Perinatology and Child Health",24,110,0.5,1.0,43,topic_only/xgb
Pharmacology,56,185,0.5748069498069499,1.1622944,43,topic_only/xgb
Physiology,89,264,0.537240381341505,1.1104659,43,topic_only/xgb
Plant Science,110,290,0.5,1.0,43,topic_only/xgb
Pollution,29,90,0.5,1.0,43,topic_only/xgb
Polymers and Plastics,26,54,0.5,1.0,43,topic_only/xgb
Psychiatry and Mental health,29,182,0.5,1.0,43,topic_only/xgb
"Public Health, Environmental and Occupational Health",41,312,0.5,1.0,43,topic_only/xgb
Pulmonary and Respiratory Medicine,118,394,0.5,1.0,43,topic_only/xgb
"Radiology, Nuclear Medicine and Imaging",84,219,0.5,1.0,43,topic_only/xgb
"Renewable Energy, Sustainability and the Environment",59,125,0.5,1.0,43,topic_only/xgb
Rheumatology,37,118,0.5,1.0,43,topic_only/xgb
Signal Processing,37,59,0.5,1.0,43,topic_only/xgb
Social Psychology,40,123,0.5,1.0,43,topic_only/xgb
Sociology and Political Science,96,289,0.5,1.0,43,topic_only/xgb
Statistical and Nonlinear Physics,20,84,0.5,1.0,43,topic_only/xgb
Statistics and Probability,20,86,0.5,1.0,43,topic_only/xgb
Strategy and Management,31,59,0.5,1.0,43,topic_only/xgb
Surgery,131,487,0.5,1.0,43,topic_only/xgb
Water Science and Technology,35,77,0.5,1.0,43,topic_only/xgb
Aerospace Engineering,31,163,0.6833564219275678,2.5137982,43,tabular/central_xgb
Artificial Intelligence,335,323,0.7317129522665311,1.4038601,43,tabular/central_xgb
Atmospheric Science,21,84,0.7851473922902494,2.8022063,43,tabular/central_xgb
Automotive Engineering,21,57,0.6090225563909775,1.8878955,43,tabular/central_xgb
Biochemistry,23,64,0.6209239130434783,1.5106331,43,tabular/central_xgb
Biomaterials,36,86,0.6379198966408269,1.7008133,43,tabular/central_xgb
Biomedical Engineering,152,334,0.691055389221557,1.7542578,43,tabular/central_xgb
Building and Construction,55,89,0.7601634320735444,1.7717521,43,tabular/central_xgb
Business and International Management,54,20,0.5055555555555555,1.0485554,43,tabular/central_xgb
Cancer Research,506,282,0.6694068343004513,1.1472447,43,tabular/central_xgb
Cardiology and Cardiovascular Medicine,75,224,0.5598809523809524,1.3379905,43,tabular/central_xgb
Cell Biology,53,101,0.6841023725014012,1.3722908,43,tabular/central_xgb
Cellular and Molecular Neuroscience,36,113,0.668141592920354,1.5494221,43,tabular/central_xgb
Civil and Structural Engineering,59,241,0.5890006329559041,1.4156637,43,tabular/central_xgb
Clinical Psychology,40,163,0.6542944785276072,2.0329888,43,tabular/central_xgb
Cognitive Neuroscience,39,183,0.7395264116575592,2.0771258,43,tabular/central_xgb
Complementary and alternative medicine,52,79,0.7418451801363194,1.756657,43,tabular/central_xgb
Computational Mechanics,24,121,0.5643939393939394,1.3643117,43,tabular/central_xgb
Computational Theory and Mathematics,35,101,0.5516265912305516,1.242206,43,tabular/central_xgb
Computer Graphics and Computer-Aided Design,42,26,0.5448717948717949,1.0338598,43,tabular/central_xgb
Computer Networks and Communications,168,152,0.7380364974937343,1.4165834,43,tabular/central_xgb
Computer Vision and Pattern Recognition,165,196,0.6582560296846011,1.1888499,43,tabular/central_xgb
Control and Systems Engineering,76,147,0.6567311134980308,1.6448752,43,tabular/central_xgb
Economics and Econometrics,111,206,0.764431907635791,1.7207072,43,tabular/central_xgb
Education,95,101,0.8820218863991662,1.7924837,43,tabular/central_xgb
Electrical and Electronic Engineering,154,429,0.7090333908515727,1.736212,43,tabular/central_xgb
"Electronic, Optical and Magnetic Materials",30,105,0.6038095238095238,1.6394725,43,tabular/central_xgb
"Endocrinology, Diabetes and Metabolism",34,123,0.7092300334768054,2.4270942,43,tabular/central_xgb
Environmental Engineering,29,80,0.7581896551724138,2.3821898,43,tabular/central_xgb
Epidemiology,93,388,0.7222314599268375,2.1536186,43,tabular/central_xgb
Experimental and Cognitive Psychology,24,81,0.7587448559670782,2.3767948,43,tabular/central_xgb
Food Science,23,91,0.6450071667462971,1.812733,43,tabular/central_xgb
General Health Professions,21,177,0.7559860102232984,3.8039684,43,tabular/central_xgb
Genetics,99,281,0.6942736978324168,1.6596127,43,tabular/central_xgb
Global and Planetary Change,46,107,0.7930719219829337,2.3717659,43,tabular/central_xgb
Health Information Management,32,25,0.61625,1.1961808,43,tabular/central_xgb
"Health, Toxicology and Mutagenesis",28,91,0.6491365777080063,1.8853549,43,tabular/central_xgb
Hematology,22,78,0.7476689976689976,2.559732,43,tabular/central_xgb
Immunology,113,214,0.6449011661566455,1.2829156,43,tabular/central_xgb
Industrial and Manufacturing Engineering,140,119,0.8148259303721489,1.4751525,43,tabular/central_xgb
Infectious Diseases,29,180,0.5706896551724139,1.9075961,43,tabular/central_xgb
Information Systems,164,147,0.7015513522482163,1.283407,43,tabular/central_xgb
Inorganic Chemistry,67,89,0.721952037564984,1.4690616,43,tabular/central_xgb
Management Information Systems,24,40,0.684375,1.3239391,43,tabular/central_xgb
Management Science and Operations Research,162,133,0.529657477025898,1.0766493,43,tabular/central_xgb
"Management, Monitoring, Policy and Law",21,44,0.7792207792207793,1.7723008,43,tabular/central_xgb
Marketing,21,31,0.6589861751152073,1.4899144,43,tabular/central_xgb
Materials Chemistry,140,349,0.6241915677445764,1.535946,43,tabular/central_xgb
Mechanical Engineering,82,298,0.620130135865117,1.4692037,43,tabular/central_xgb
Mechanics of Materials,29,179,0.6366788672702755,2.0885086,43,tabular/central_xgb
Media Technology,34,31,0.6797912713472486,1.3209912,43,tabular/central_xgb
Molecular Biology,564,991,0.6609190158232605,1.426598,43,tabular/central_xgb
Nephrology,28,68,0.5772058823529411,1.2213597,43,tabular/central_xgb
Neurology,109,237,0.6857120737041769,1.5018233,43,tabular/central_xgb
Obstetrics and Gynecology,23,71,0.6674831598285365,2.0115798,43,tabular/central_xgb
Ocean Engineering,31,87,0.5810159436410826,1.4971215,43,tabular/central_xgb
Oncology,135,327,0.6767017782308302,1.500014,43,tabular/central_xgb
Organic Chemistry,61,179,0.5305430900265593,1.1523312,43,tabular/central_xgb
Organizational Behavior and Human Resource Management,22,43,0.7019027484143763,1.8616439,43,tabular/central_xgb
Orthopedics and Sports Medicine,25,61,0.6032786885245902,1.5751489,43,tabular/central_xgb
Pathology and Forensic Medicine,77,164,0.6761957554640481,1.4841974,43,tabular/central_xgb
"Pediatrics, Perinatology and Child Health",24,110,0.6196969696969696,2.5873303,43,tabular/central_xgb
Pharmacology,56,185,0.675096525096525,1.7183694,43,tabular/central_xgb
Physiology,89,264,0.648280558392918,1.4639624,43,tabular/central_xgb
Plant Science,110,290,0.6873040752351097,1.8056816,43,tabular/central_xgb
Pollution,29,90,0.6505747126436782,1.8350774,43,tabular/central_xgb
Polymers and Plastics,26,54,0.5462962962962963,1.2574228,43,tabular/central_xgb
Psychiatry and Mental health,29,182,0.6625615763546797,1.7173768,43,tabular/central_xgb
"Public Health, Environmental and Occupational Health",41,312,0.6792526579111945,2.33663,43,tabular/central_xgb
Pulmonary and Respiratory Medicine,118,394,0.7356749548309386,2.2081003,43,tabular/central_xgb
"Radiology, Nuclear Medicine and Imaging",84,219,0.7485866492715808,1.9835308,43,tabular/central_xgb
"Renewable Energy, Sustainability and the Environment",59,125,0.6276610169491526,1.4991473,43,tabular/central_xgb
Rheumatology,37,118,0.6919377004122766,1.6570301,43,tabular/central_xgb
Signal Processing,37,59,0.6596426935409986,1.2793415,43,tabular/central_xgb
Social Psychology,40,123,0.8235772357723578,2.292754,43,tabular/central_xgb
Sociology and Political Science,96,289,0.791774798154556,2.2348766,43,tabular/central_xgb
Statistical and Nonlinear Physics,20,84,0.7232142857142857,1.9839063,43,tabular/central_xgb
Statistics and Probability,20,86,0.622093023255814,1.5158236,43,tabular/central_xgb
Strategy and Management,31,59,0.7337342810278842,1.7702965,43,tabular/central_xgb
Surgery,131,487,0.7121494741132028,2.102479,43,tabular/central_xgb
Water Science and Technology,35,77,0.7688311688311689,2.165036,43,tabular/central_xgb
Aerospace Engineering,31,163,0.68493963981793,2.272669,43,tabular/central_mlp
Artificial Intelligence,335,323,0.7371748070791553,1.4067148,43,tabular/central_mlp
Atmospheric Science,21,84,0.8537414965986394,3.205856,43,tabular/central_mlp
Automotive Engineering,21,57,0.6140350877192983,1.9189117,43,tabular/central_mlp
Biochemistry,23,64,0.5991847826086956,1.3285457,43,tabular/central_mlp
Biomaterials,36,86,0.5791343669250646,1.4714051,43,tabular/central_mlp
Biomedical Engineering,152,334,0.6889477623699968,1.7297691,43,tabular/central_mlp
Building and Construction,55,89,0.7565883554647599,1.6999172,43,tabular/central_mlp
Business and International Management,54,20,0.48611111111111116,0.99872243,43,tabular/central_mlp
Cancer Research,506,282,0.6853712892103271,1.1979791,43,tabular/central_mlp
Cardiology and Cardiovascular Medicine,75,224,0.5961309523809524,1.4335252,43,tabular/central_mlp
Cell Biology,53,101,0.644685223239305,1.3823459,43,tabular/central_mlp
Cellular and Molecular Neuroscience,36,113,0.6708456243854474,1.63001,43,tabular/central_mlp
Civil and Structural Engineering,59,241,0.559322033898305,1.4013238,43,tabular/central_mlp
Clinical Psychology,40,163,0.6291411042944786,1.7548902,43,tabular/central_mlp
Cognitive Neuroscience,39,183,0.7137452711223203,2.0908413,43,tabular/central_mlp
Complementary and alternative medicine,52,79,0.7812804284323271,1.8770647,43,tabular/central_mlp
Computational Mechanics,24,121,0.6026170798898072,1.4398596,43,tabular/central_mlp
Computational Theory and Mathematics,35,101,0.5371994342291372,1.1490892,43,tabular/central_mlp
Computer Graphics and Computer-Aided Design,42,26,0.5787545787545787,1.080045,43,tabular/central_mlp
Computer Networks and Communications,168,152,0.7506265664160401,1.4400089,43,tabular/central_mlp
Computer Vision and Pattern Recognition,165,196,0.6733147804576376,1.2501825,43,tabular/central_mlp
Control and Systems Engineering,76,147,0.6824203365556749,1.6174345,43,tabular/central_mlp
Economics and Econometrics,111,206,0.7587684772150792,1.6822858,43,tabular/central_mlp
Education,95,101,0.8926003126628452,1.7916217,43,tabular/central_mlp
Electrical and Electronic Engineering,154,429,0.6987330850967215,1.705041,43,tabular/central_mlp
"Electronic, Optical and Magnetic Materials",30,105,0.6034920634920634,1.5451347,43,tabular/central_mlp
"Endocrinology, Diabetes and Metabolism",34,123,0.7272835963653753,2.289226,43,tabular/central_mlp
Environmental Engineering,29,80,0.793103448275862,2.4612272,43,tabular/central_mlp
Epidemiology,93,388,0.7215386320807006,1.9305478,43,tabular/central_mlp
Experimental and Cognitive Psychology,24,81,0.7916666666666666,2.5952985,43,tabular/central_mlp
Food Science,23,91,0.6674629718107978,1.7746048,43,tabular/central_mlp
General Health Professions,21,177,0.7387678235135862,3.3845413,43,tabular/central_mlp
Genetics,99,281,0.7244688881699559,1.7579392,43,tabular/central_mlp
Global and Planetary Change,46,107,0.7724502234863877,2.3798542,43,tabular/central_mlp
Health Information Management,32,25,0.65625,1.2237247,43,tabular/central_mlp
"Health, Toxicology and Mutagenesis",28,91,0.6622841444270016,1.9809633,43,tabular/central_mlp
Hematology,22,78,0.7307692307692308,2.1363516,43,tabular/central_mlp
Immunology,113,214,0.6679348275576875,1.4351261,43,tabular/central_mlp
Industrial and Manufacturing Engineering,140,119,0.7698679471788715,1.4068937,43,tabular/central_mlp
Infectious Diseases,29,180,0.6494252873563219,2.1310983,43,tabular/central_mlp
Information Systems,164,147,0.7186825949892152,1.3276744,43,tabular/central_mlp
Inorganic Chemistry,67,89,0.7372128123427805,1.622332,43,tabular/central_mlp
Management Information Systems,24,40,0.6937500000000001,1.3659943,43,tabular/central_mlp
Management Science and Operations Research,162,133,0.5321405365265015,1.0813292,43,tabular/central_mlp
"Management, Monitoring, Policy and Law",21,44,0.8279220779220778,1.8751336,43,tabular/central_mlp
Marketing,21,31,0.619047619047619,1.3579054,43,tabular/central_mlp
Materials Chemistry,140,349,0.6297584936553418,1.5007081,43,tabular/central_mlp
Mechanical Engineering,82,298,0.6210713701096743,1.47453,43,tabular/central_mlp
Mechanics of Materials,29,179,0.6284916201117319,1.8849115,43,tabular/central_mlp
Media Technology,34,31,0.6778937381404175,1.2612683,43,tabular/central_mlp
Molecular Biology,564,991,0.6477606973398888,1.347464,43,tabular/central_mlp
Nephrology,28,68,0.5871848739495797,1.1834322,43,tabular/central_mlp
Neurology,109,237,0.6649247087059188,1.4502466,43,tabular/central_mlp
Obstetrics and Gynecology,23,71,0.7036129822412738,2.085014,43,tabular/central_mlp
Ocean Engineering,31,87,0.5977011494252874,1.3653853,43,tabular/central_mlp
Oncology,135,327,0.6584664174878241,1.3891182,43,tabular/central_mlp
Organic Chemistry,61,179,0.5220716182800623,1.2019764,43,tabular/central_mlp
Organizational Behavior and Human Resource Management,22,43,0.7008456659619451,1.7498596,43,tabular/central_mlp
Orthopedics and Sports Medicine,25,61,0.5724590163934427,1.4126313,43,tabular/central_mlp
Pathology and Forensic Medicine,77,164,0.6459455178967374,1.4141049,43,tabular/central_mlp
"Pediatrics, Perinatology and Child Health",24,110,0.6715909090909091,2.5480695,43,tabular/central_mlp
Pharmacology,56,185,0.6670849420849421,1.4404026,43,tabular/central_mlp
Physiology,89,264,0.6014640789921688,1.3420401,43,tabular/central_mlp
Plant Science,110,290,0.6660501567398119,1.7239388,43,tabular/central_mlp
Pollution,29,90,0.6651340996168582,1.9777764,43,tabular/central_mlp
Polymers and Plastics,26,54,0.7065527065527065,1.5659298,43,tabular/central_mlp
Psychiatry and Mental health,29,182,0.6699507389162562,1.8691964,43,tabular/central_mlp
"Public Health, Environmental and Occupational Health",41,312,0.6817933083176985,2.436241,43,tabular/central_mlp
Pulmonary and Respiratory Medicine,118,394,0.7319323754624453,2.2166195,43,tabular/central_mlp
"Radiology, Nuclear Medicine and Imaging",84,219,0.7409219395520765,1.9026983,43,tabular/central_mlp
"Renewable Energy, Sustainability and the Environment",59,125,0.6287457627118644,1.5023332,43,tabular/central_mlp
Rheumatology,37,118,0.6354786990380211,1.4067445,43,tabular/central_mlp
Signal Processing,37,59,0.6907924874026569,1.2999365,43,tabular/central_mlp
Social Psychology,40,123,0.8620934959349593,2.5607934,43,tabular/central_mlp
Sociology and Political Science,96,289,0.7791955017301038,2.2170434,43,tabular/central_mlp
Statistical and Nonlinear Physics,20,84,0.6943452380952381,1.9500387,43,tabular/central_mlp
Statistics and Probability,20,86,0.6284883720930232,1.7929995,43,tabular/central_mlp
Strategy and Management,31,59,0.7055768179332969,1.7680844,43,tabular/central_mlp
Surgery,131,487,0.7247049234290013,2.1307747,43,tabular/central_mlp
Water Science and Technology,35,77,0.72430426716141,1.9757226,43,tabular/central_mlp
Aerospace Engineering,31,163,0.7122501484266772,2.4721694,43,tabular/fl_fedavg
Artificial Intelligence,335,323,0.7261956471512407,1.3635621,43,tabular/fl_fedavg
Atmospheric Science,21,84,0.8248299319727891,3.3636475,43,tabular/fl_fedavg
Automotive Engineering,21,57,0.6240601503759399,1.643835,43,tabular/fl_fedavg
Biochemistry,23,64,0.591711956521739,1.1907964,43,tabular/fl_fedavg
Biomaterials,36,86,0.6036821705426356,1.5697814,43,tabular/fl_fedavg
Biomedical Engineering,152,334,0.6866727072171447,1.6529425,43,tabular/fl_fedavg
Building and Construction,55,89,0.7573033707865168,1.7625273,43,tabular/fl_fedavg
Business and International Management,54,20,0.5,1.0618726,43,tabular/fl_fedavg
Cancer Research,506,282,0.653148039133238,1.1710254,43,tabular/fl_fedavg
Cardiology and Cardiovascular Medicine,75,224,0.554404761904762,1.2072802,43,tabular/fl_fedavg
Cell Biology,53,101,0.6551466467401457,1.4347563,43,tabular/fl_fedavg
Cellular and Molecular Neuroscience,36,113,0.7100540806293019,1.7742449,43,tabular/fl_fedavg
Civil and Structural Engineering,59,241,0.6273647935860468,1.5518632,43,tabular/fl_fedavg
Clinical Psychology,40,163,0.5521472392638036,1.5220541,43,tabular/fl_fedavg
Cognitive Neuroscience,39,183,0.7264957264957265,2.0344117,43,tabular/fl_fedavg
Complementary and alternative medicine,52,79,0.7590068159688412,1.8052465,43,tabular/fl_fedavg
Computational Mechanics,24,121,0.6456611570247934,1.609905,43,tabular/fl_fedavg
Computational Theory and Mathematics,35,101,0.5250353606789251,1.0827658,43,tabular/fl_fedavg
Computer Graphics and Computer-Aided Design,42,26,0.554945054945055,1.0460404,43,tabular/fl_fedavg
Computer Networks and Communications,168,152,0.7370379072681704,1.4285085,43,tabular/fl_fedavg
Computer Vision and Pattern Recognition,165,196,0.6553184910327767,1.2072128,43,tabular/fl_fedavg
Control and Systems Engineering,76,147,0.6421410669530971,1.6150049,43,tabular/fl_fedavg
Economics and Econometrics,111,206,0.7073821394209744,1.5148441,43,tabular/fl_fedavg
Education,95,101,0.8623241271495571,1.7600931,43,tabular/fl_fedavg
Electrical and Electronic Engineering,154,429,0.6494793085702177,1.6338973,43,tabular/fl_fedavg
"Electronic, Optical and Magnetic Materials",30,105,0.5504761904761906,1.4333603,43,tabular/fl_fedavg
"Endocrinology, Diabetes and Metabolism",34,123,0.6939263510282161,1.8191066,43,tabular/fl_fedavg
Environmental Engineering,29,80,0.7676724137931034,2.2739162,43,tabular/fl_fedavg
Epidemiology,93,388,0.6932712559583194,1.7405516,43,tabular/fl_fedavg
Experimental and Cognitive Psychology,24,81,0.7824074074074074,2.4929001,43,tabular/fl_fedavg
Food Science,23,91,0.6182513139034878,1.4828044,43,tabular/fl_fedavg
General Health Professions,21,177,0.7220877051385526,3.010419,43,tabular/fl_fedavg
Genetics,99,281,0.6844782343002984,1.6229585,43,tabular/fl_fedavg
Global and Planetary Change,46,107,0.7370987403494514,2.1211843,43,tabular/fl_fedavg
Health Information Management,32,25,0.61,1.1330454,43,tabular/fl_fedavg
"Health, Toxicology and Mutagenesis",28,91,0.6707221350078494,1.8896946,43,tabular/fl_fedavg
Hematology,22,78,0.7575757575757576,2.1392,43,tabular/fl_fedavg
Immunology,113,214,0.6562319080307667,1.3714993,43,tabular/fl_fedavg
Industrial and Manufacturing Engineering,140,119,0.772328931572629,1.4228477,43,tabular/fl_fedavg
Infectious Diseases,29,180,0.5938697318007662,1.6290576,43,tabular/fl_fedavg
Information Systems,164,147,0.6998921519827442,1.3090332,43,tabular/fl_fedavg
Inorganic Chemistry,67,89,0.6151266141204093,1.4316316,43,tabular/fl_fedavg
Management Information Systems,24,40,0.65625,1.3122976,43,tabular/fl_fedavg
Management Science and Operations Research,162,133,0.5216281444351619,1.0886788,43,tabular/fl_fedavg
"Management, Monitoring, Policy and Law",21,44,0.7792207792207793,2.0727499,43,tabular/fl_fedavg
Marketing,21,31,0.5468509984639016,1.1285684,43,tabular/fl_fedavg
Materials Chemistry,140,349,0.5579001227998363,1.2502933,43,tabular/fl_fedavg
Mechanical Engineering,82,298,0.5719225732525781,1.3019724,43,tabular/fl_fedavg
Mechanics of Materials,29,179,0.6324407628587941,2.0749497,43,tabular/fl_fedavg
Media Technology,34,31,0.607685009487666,1.2741132,43,tabular/fl_fedavg
Molecular Biology,564,991,0.6382540381160945,1.3237945,43,tabular/fl_fedavg
Nephrology,28,68,0.585609243697479,1.2866584,43,tabular/fl_fedavg
Neurology,109,237,0.6601246467696357,1.3764185,43,tabular/fl_fedavg
Obstetrics and Gynecology,23,71,0.6301285976729946,1.529382,43,tabular/fl_fedavg
Ocean Engineering,31,87,0.5676677790137189,1.4819984,43,tabular/fl_fedavg
Oncology,135,327,0.6509230943481709,1.3810849,43,tabular/fl_fedavg
Organic Chemistry,61,179,0.48145434563604717,1.062167,43,tabular/fl_fedavg
Organizational Behavior and Human Resource Management,22,43,0.7135306553911205,1.7971511,43,tabular/fl_fedavg
Orthopedics and Sports Medicine,25,61,0.6229508196721312,1.6847506,43,tabular/fl_fedavg
Pathology and Forensic Medicine,77,164,0.634938232499208,1.3458904,43,tabular/fl_fedavg
"Pediatrics, Perinatology and Child Health",24,110,0.6763257575757576,2.50596,43,tabular/fl_fedavg
Pharmacology,56,185,0.6972007722007721,1.7890906,43,tabular/fl_fedavg
Physiology,89,264,0.6023791283622744,1.2734996,43,tabular/fl_fedavg
Plant Science,110,290,0.6181191222570532,1.4909143,43,tabular/fl_fedavg
Pollution,29,90,0.6360153256704981,1.7095076,43,tabular/fl_fedavg
Polymers and Plastics,26,54,0.5968660968660969,1.2966588,43,tabular/fl_fedavg
Psychiatry and Mental health,29,182,0.6337627889352028,1.714072,43,tabular/fl_fedavg
"Public Health, Environmental and Occupational Health",41,312,0.6582238899312071,2.022743,43,tabular/fl_fedavg
Pulmonary and Respiratory Medicine,118,394,0.7167254581433365,1.9361317,43,tabular/fl_fedavg
"Radiology, Nuclear Medicine and Imaging",84,219,0.7158077843009351,1.7555027,43,tabular/fl_fedavg
"Renewable Energy, Sustainability and the Environment",59,125,0.6581694915254238,1.59934,43,tabular/fl_fedavg
Rheumatology,37,118,0.6326156665139716,1.4098929,43,tabular/fl_fedavg
Signal Processing,37,59,0.6816307833256986,1.2569244,43,tabular/fl_fedavg
Social Psychology,40,123,0.8040650406504065,2.1148047,43,tabular/fl_fedavg
Sociology and Political Science,96,289,0.7592272202998847,2.1616454,43,tabular/fl_fedavg
Statistical and Nonlinear Physics,20,84,0.6220238095238095,2.1243453,43,tabular/fl_fedavg
Statistics and Probability,20,86,0.6790697674418605,1.8998513,43,tabular/fl_fedavg
Strategy and Management,31,59,0.6418808091853472,1.5152912,43,tabular/fl_fedavg
Surgery,131,487,0.6843895480978729,1.74608,43,tabular/fl_fedavg
Water Science and Technology,35,77,0.6541743970315399,1.7218006,43,tabular/fl_fedavg
Aerospace Engineering,31,163,0.8388086285375025,3.1063373,43,c3_lora_abstracts/central_lora
Artificial Intelligence,335,323,0.8819971350676956,1.7540393,43,c3_lora_abstracts/central_lora
Atmospheric Science,21,84,0.8809523809523809,4.0485563,43,c3_lora_abstracts/central_lora
Automotive Engineering,21,57,0.8596491228070176,2.8848715,43,c3_lora_abstracts/central_lora
Biochemistry,23,64,0.7286005434782609,2.074259,43,c3_lora_abstracts/central_lora
Biomaterials,36,86,0.7177002583979328,1.8176892,43,c3_lora_abstracts/central_lora
Biomedical Engineering,152,334,0.8214229435865111,2.2924426,43,c3_lora_abstracts/central_lora
Building and Construction,55,89,0.8558733401430031,2.1573825,43,c3_lora_abstracts/central_lora
Business and International Management,54,20,0.7106481481481481,1.2098976,43,c3_lora_abstracts/central_lora
Cancer Research,506,282,0.8547185546491745,1.4005567,43,c3_lora_abstracts/central_lora
Cardiology and Cardiovascular Medicine,75,224,0.8298511904761905,2.7985494,43,c3_lora_abstracts/central_lora
Cell Biology,53,101,0.8290678124416214,2.117226,43,c3_lora_abstracts/central_lora
Cellular and Molecular Neuroscience,36,113,0.7635201573254671,2.0905974,43,c3_lora_abstracts/central_lora
Civil and Structural Engineering,59,241,0.8760812996694564,3.6756172,43,c3_lora_abstracts/central_lora
Clinical Psychology,40,163,0.8105061349693251,3.171186,43,c3_lora_abstracts/central_lora
Cognitive Neuroscience,39,183,0.7730138713745272,3.313875,43,c3_lora_abstracts/central_lora
Complementary and alternative medicine,52,79,0.8616114897760467,2.0566614,43,c3_lora_abstracts/central_lora
Computational Mechanics,24,121,0.7561983471074379,3.0956483,43,c3_lora_abstracts/central_lora
Computational Theory and Mathematics,35,101,0.7994342291371994,2.3792953,43,c3_lora_abstracts/central_lora
Computer Graphics and Computer-Aided Design,42,26,0.7902930402930403,1.4310597,43,c3_lora_abstracts/central_lora
Computer Networks and Communications,168,152,0.8554002192982455,1.6473956,43,c3_lora_abstracts/central_lora
Computer Vision and Pattern Recognition,165,196,0.8094465058750773,1.7773376,43,c3_lora_abstracts/central_lora
Control and Systems Engineering,76,147,0.8152524167561762,2.0827694,43,c3_lora_abstracts/central_lora
Economics and Econometrics,111,206,0.9193781159800577,2.4491694,43,c3_lora_abstracts/central_lora
Education,95,101,0.9169880145909327,1.8909358,43,c3_lora_abstracts/central_lora
Electrical and Electronic Engineering,154,429,0.7939409075772712,2.43863,43,c3_lora_abstracts/central_lora
"Electronic, Optical and Magnetic Materials",30,105,0.6465079365079365,1.854957,43,c3_lora_abstracts/central_lora
"Endocrinology, Diabetes and Metabolism",34,123,0.8778096604495457,3.4417806,43,c3_lora_abstracts/central_lora
Environmental Engineering,29,80,0.8967672413793104,2.8349643,43,c3_lora_abstracts/central_lora
Epidemiology,93,388,0.8534114843143776,3.4378474,43,c3_lora_abstracts/central_lora
Experimental and Cognitive Psychology,24,81,0.8143004115226338,2.7852294,43,c3_lora_abstracts/central_lora
Food Science,23,91,0.7871476349737219,2.8398209,43,c3_lora_abstracts/central_lora
General Health Professions,21,177,0.9074522464352972,6.7238054,43,c3_lora_abstracts/central_lora
Genetics,99,281,0.8474783421402637,2.5775547,43,c3_lora_abstracts/central_lora
Global and Planetary Change,46,107,0.8186712718407152,2.528538,43,c3_lora_abstracts/central_lora
Health Information Management,32,25,0.8837499999999999,1.6160561,43,c3_lora_abstracts/central_lora
"Health, Toxicology and Mutagenesis",28,91,0.7629513343799058,2.4386396,43,c3_lora_abstracts/central_lora
Hematology,22,78,0.8857808857808858,2.8484974,43,c3_lora_abstracts/central_lora
Immunology,113,214,0.8398395500785707,2.2235065,43,c3_lora_abstracts/central_lora
Industrial and Manufacturing Engineering,140,119,0.9056122448979592,1.6852314,43,c3_lora_abstracts/central_lora
Infectious Diseases,29,180,0.7302681992337164,2.754426,43,c3_lora_abstracts/central_lora
Information Systems,164,147,0.8561265969802556,1.668095,43,c3_lora_abstracts/central_lora
Inorganic Chemistry,67,89,0.8781653530102298,2.0531468,43,c3_lora_abstracts/central_lora
Management Information Systems,24,40,0.8890625000000001,2.2880766,43,c3_lora_abstracts/central_lora
Management Science and Operations Research,162,133,0.8742690058479532,1.5912073,43,c3_lora_abstracts/central_lora
"Management, Monitoring, Policy and Law",21,44,0.8338744588744589,2.30735,43,c3_lora_abstracts/central_lora
Marketing,21,31,0.7749615975422427,1.8461454,43,c3_lora_abstracts/central_lora
Materials Chemistry,140,349,0.7554748260335653,2.0082939,43,c3_lora_abstracts/central_lora
Mechanical Engineering,82,298,0.7617040432149288,2.4620476,43,c3_lora_abstracts/central_lora
Mechanics of Materials,29,179,0.7406087459063764,2.6642969,43,c3_lora_abstracts/central_lora
Media Technology,34,31,0.8111954459203036,1.6391227,43,c3_lora_abstracts/central_lora
Molecular Biology,564,991,0.841274484545305,2.1016557,43,c3_lora_abstracts/central_lora
Nephrology,28,68,0.8789390756302521,2.7502124,43,c3_lora_abstracts/central_lora
Neurology,109,237,0.8871404792319901,2.584949,43,c3_lora_abstracts/central_lora
Obstetrics and Gynecology,23,71,0.797611757501531,2.6035542,43,c3_lora_abstracts/central_lora
Ocean Engineering,31,87,0.7701149425287356,2.4023135,43,c3_lora_abstracts/central_lora
Oncology,135,327,0.8315890814361762,2.397501,43,c3_lora_abstracts/central_lora
Organic Chemistry,61,179,0.7040021980034802,2.1493776,43,c3_lora_abstracts/central_lora
Organizational Behavior and Human Resource Management,22,43,0.8456659619450317,2.1891026,43,c3_lora_abstracts/central_lora
Orthopedics and Sports Medicine,25,61,0.779672131147541,2.235984,43,c3_lora_abstracts/central_lora
Pathology and Forensic Medicine,77,164,0.9044583465315172,2.6341798,43,c3_lora_abstracts/central_lora
"Pediatrics, Perinatology and Child Health",24,110,0.8469696969696968,3.6468666,43,c3_lora_abstracts/central_lora
Pharmacology,56,185,0.8138030888030887,2.6361852,43,c3_lora_abstracts/central_lora
Physiology,89,264,0.8105635001702417,2.4308429,43,c3_lora_abstracts/central_lora
Plant Science,110,290,0.7857836990595611,2.2676768,43,c3_lora_abstracts/central_lora
Pollution,29,90,0.6988505747126437,2.0955758,43,c3_lora_abstracts/central_lora
Polymers and Plastics,26,54,0.74002849002849,1.8730264,43,c3_lora_abstracts/central_lora
Psychiatry and Mental health,29,182,0.8708791208791209,5.049668,43,c3_lora_abstracts/central_lora
"Public Health, Environmental and Occupational Health",41,312,0.7969824890556598,4.0076246,43,c3_lora_abstracts/central_lora
Pulmonary and Respiratory Medicine,118,394,0.8485545900369957,3.0746639,43,c3_lora_abstracts/central_lora
"Radiology, Nuclear Medicine and Imaging",84,219,0.8546694933681235,2.763513,43,c3_lora_abstracts/central_lora
"Renewable Energy, Sustainability and the Environment",59,125,0.6759322033898305,1.527951,43,c3_lora_abstracts/central_lora
Rheumatology,37,118,0.8436784241868989,2.85599,43,c3_lora_abstracts/central_lora
Signal Processing,37,59,0.8330279431974348,2.0833406,43,c3_lora_abstracts/central_lora
Social Psychology,40,123,0.8947154471544716,3.119233,43,c3_lora_abstracts/central_lora
Sociology and Political Science,96,289,0.8830377739331028,2.9658813,43,c3_lora_abstracts/central_lora
Statistical and Nonlinear Physics,20,84,0.7583333333333333,2.8452134,43,c3_lora_abstracts/central_lora
Statistics and Probability,20,86,0.8534883720930233,3.2861364,43,c3_lora_abstracts/central_lora
Strategy and Management,31,59,0.8261344997266266,2.1354837,43,c3_lora_abstracts/central_lora
Surgery,131,487,0.8582848723294199,3.1769629,43,c3_lora_abstracts/central_lora
Water Science and Technology,35,77,0.8228200371057515,2.3037477,43,c3_lora_abstracts/central_lora
Aerospace Engineering,31,163,0.8308925390856916,3.272336,43,c3_lora_abstracts/fl_fedavg_lora
Artificial Intelligence,335,323,0.8638094357931705,1.7077398,43,c3_lora_abstracts/fl_fedavg_lora
Atmospheric Science,21,84,0.8560090702947846,3.9134088,43,c3_lora_abstracts/fl_fedavg_lora
Automotive Engineering,21,57,0.8299916457811195,2.5239809,43,c3_lora_abstracts/fl_fedavg_lora
Biochemistry,23,64,0.6491168478260869,1.689668,43,c3_lora_abstracts/fl_fedavg_lora
Biomaterials,36,86,0.6327519379844961,1.4074852,43,c3_lora_abstracts/fl_fedavg_lora
Biomedical Engineering,152,334,0.7694216829498897,2.1010594,43,c3_lora_abstracts/fl_fedavg_lora
Building and Construction,55,89,0.8323799795709907,2.0863216,43,c3_lora_abstracts/fl_fedavg_lora
Business and International Management,54,20,0.7768518518518519,1.2542292,43,c3_lora_abstracts/fl_fedavg_lora
Cancer Research,506,282,0.8223481344434167,1.3445796,43,c3_lora_abstracts/fl_fedavg_lora
Cardiology and Cardiovascular Medicine,75,224,0.7873511904761904,2.57939,43,c3_lora_abstracts/fl_fedavg_lora
Cell Biology,53,101,0.8127218382215579,2.046835,43,c3_lora_abstracts/fl_fedavg_lora
Cellular and Molecular Neuroscience,36,113,0.7212389380530974,1.9229761,43,c3_lora_abstracts/fl_fedavg_lora
Civil and Structural Engineering,59,241,0.8592376397777621,3.4120288,43,c3_lora_abstracts/fl_fedavg_lora
Clinical Psychology,40,163,0.7993865030674846,2.9676244,43,c3_lora_abstracts/fl_fedavg_lora
Cognitive Neuroscience,39,183,0.7893372565503712,3.329651,43,c3_lora_abstracts/fl_fedavg_lora
Complementary and alternative medicine,52,79,0.8449367088607596,2.0415251,43,c3_lora_abstracts/fl_fedavg_lora
Computational Mechanics,24,121,0.772038567493113,3.4112773,43,c3_lora_abstracts/fl_fedavg_lora
Computational Theory and Mathematics,35,101,0.7554455445544555,2.1702473,43,c3_lora_abstracts/fl_fedavg_lora
Computer Graphics and Computer-Aided Design,42,26,0.7976190476190476,1.4254867,43,c3_lora_abstracts/fl_fedavg_lora
Computer Networks and Communications,168,152,0.857436560150376,1.6497079,43,c3_lora_abstracts/fl_fedavg_lora
Computer Vision and Pattern Recognition,165,196,0.8246753246753247,1.7930446,43,c3_lora_abstracts/fl_fedavg_lora
Control and Systems Engineering,76,147,0.815968492660222,2.0854049,43,c3_lora_abstracts/fl_fedavg_lora
Economics and Econometrics,111,206,0.8856161987229948,2.1794217,43,c3_lora_abstracts/fl_fedavg_lora
Education,95,101,0.91735278791037,1.89338,43,c3_lora_abstracts/fl_fedavg_lora
Electrical and Electronic Engineering,154,429,0.782664305391578,2.4361928,43,c3_lora_abstracts/fl_fedavg_lora
"Electronic, Optical and Magnetic Materials",30,105,0.6203174603174604,1.7749168,43,c3_lora_abstracts/fl_fedavg_lora
"Endocrinology, Diabetes and Metabolism",34,123,0.8451697752271641,3.2113063,43,c3_lora_abstracts/fl_fedavg_lora
Environmental Engineering,29,80,0.8999999999999999,2.9862463,43,c3_lora_abstracts/fl_fedavg_lora
Epidemiology,93,388,0.835869083250194,3.2833107,43,c3_lora_abstracts/fl_fedavg_lora
Experimental and Cognitive Psychology,24,81,0.7960390946502058,2.7905884,43,c3_lora_abstracts/fl_fedavg_lora
Food Science,23,91,0.7376970855231726,2.5878332,43,c3_lora_abstracts/fl_fedavg_lora
General Health Professions,21,177,0.8880817863868711,6.721131,43,c3_lora_abstracts/fl_fedavg_lora
Genetics,99,281,0.8021855566339552,2.3248594,43,c3_lora_abstracts/fl_fedavg_lora
Global and Planetary Change,46,107,0.8027224705404308,2.4949121,43,c3_lora_abstracts/fl_fedavg_lora
Health Information Management,32,25,0.841875,1.536058,43,c3_lora_abstracts/fl_fedavg_lora
"Health, Toxicology and Mutagenesis",28,91,0.7762951334379905,2.4403567,43,c3_lora_abstracts/fl_fedavg_lora
Hematology,22,78,0.8881118881118881,2.9153068,43,c3_lora_abstracts/fl_fedavg_lora
Immunology,113,214,0.7980109172111489,2.0843174,43,c3_lora_abstracts/fl_fedavg_lora
Industrial and Manufacturing Engineering,140,119,0.886734693877551,1.6568348,43,c3_lora_abstracts/fl_fedavg_lora
Infectious Diseases,29,180,0.7159961685823755,1.8659469,43,c3_lora_abstracts/fl_fedavg_lora
Information Systems,164,147,0.8431018748963,1.630718,43,c3_lora_abstracts/fl_fedavg_lora
Inorganic Chemistry,67,89,0.828945161831293,1.9043306,43,c3_lora_abstracts/fl_fedavg_lora
Management Information Systems,24,40,0.8953125000000001,2.2494442,43,c3_lora_abstracts/fl_fedavg_lora
Management Science and Operations Research,162,133,0.8159519168291098,1.5045135,43,c3_lora_abstracts/fl_fedavg_lora
"Management, Monitoring, Policy and Law",21,44,0.8057359307359307,2.1848826,43,c3_lora_abstracts/fl_fedavg_lora
Marketing,21,31,0.771889400921659,1.5561887,43,c3_lora_abstracts/fl_fedavg_lora
Materials Chemistry,140,349,0.6744883340155546,1.6900861,43,c3_lora_abstracts/fl_fedavg_lora
Mechanical Engineering,82,298,0.7602308070060566,2.3636804,43,c3_lora_abstracts/fl_fedavg_lora
Mechanics of Materials,29,179,0.7394528992486996,2.702088,43,c3_lora_abstracts/fl_fedavg_lora
Media Technology,34,31,0.7656546489563567,1.4921384,43,c3_lora_abstracts/fl_fedavg_lora
Molecular Biology,564,991,0.8131060752445771,2.0074809,43,c3_lora_abstracts/fl_fedavg_lora
Nephrology,28,68,0.8865546218487396,2.7704246,43,c3_lora_abstracts/fl_fedavg_lora
Neurology,109,237,0.8604111020787365,2.4149184,43,c3_lora_abstracts/fl_fedavg_lora
Obstetrics and Gynecology,23,71,0.7755664421310471,2.5072067,43,c3_lora_abstracts/fl_fedavg_lora
Ocean Engineering,31,87,0.7797552836484983,2.441743,43,c3_lora_abstracts/fl_fedavg_lora
Oncology,135,327,0.8064220183486239,2.3268957,43,c3_lora_abstracts/fl_fedavg_lora
Organic Chemistry,61,179,0.72744756845865,2.1262143,43,c3_lora_abstracts/fl_fedavg_lora
Organizational Behavior and Human Resource Management,22,43,0.8054968287526427,2.13624,43,c3_lora_abstracts/fl_fedavg_lora
Orthopedics and Sports Medicine,25,61,0.7701639344262295,2.1342726,43,c3_lora_abstracts/fl_fedavg_lora
Pathology and Forensic Medicine,77,164,0.9090513145391195,2.6225255,43,c3_lora_abstracts/fl_fedavg_lora
"Pediatrics, Perinatology and Child Health",24,110,0.8231060606060606,3.2851353,43,c3_lora_abstracts/fl_fedavg_lora
Pharmacology,56,185,0.781418918918919,2.328784,43,c3_lora_abstracts/fl_fedavg_lora
Physiology,89,264,0.776983316309159,2.3612533,43,c3_lora_abstracts/fl_fedavg_lora
Plant Science,110,290,0.7193103448275862,1.9956298,43,c3_lora_abstracts/fl_fedavg_lora
Pollution,29,90,0.6896551724137931,1.9042985,43,c3_lora_abstracts/fl_fedavg_lora
Polymers and Plastics,26,54,0.7357549857549858,1.7546574,43,c3_lora_abstracts/fl_fedavg_lora
Psychiatry and Mental health,29,182,0.8211443728685108,4.7623816,43,c3_lora_abstracts/fl_fedavg_lora
"Public Health, Environmental and Occupational Health",41,312,0.7692307692307693,3.8623981,43,c3_lora_abstracts/fl_fedavg_lora
Pulmonary and Respiratory Medicine,118,394,0.8081282801342167,2.8348656,43,c3_lora_abstracts/fl_fedavg_lora
"Radiology, Nuclear Medicine and Imaging",84,219,0.8401011089367254,2.663535,43,c3_lora_abstracts/fl_fedavg_lora
"Renewable Energy, Sustainability and the Environment",59,125,0.7225084745762712,1.614942,43,c3_lora_abstracts/fl_fedavg_lora
Rheumatology,37,118,0.7612230874942739,2.4538386,43,c3_lora_abstracts/fl_fedavg_lora
Signal Processing,37,59,0.8598259276225378,2.1211932,43,c3_lora_abstracts/fl_fedavg_lora
Social Psychology,40,123,0.8591463414634147,3.0085146,43,c3_lora_abstracts/fl_fedavg_lora
Sociology and Political Science,96,289,0.8720083621683967,2.938619,43,c3_lora_abstracts/fl_fedavg_lora
Statistical and Nonlinear Physics,20,84,0.7991071428571429,3.0030034,43,c3_lora_abstracts/fl_fedavg_lora
Statistics and Probability,20,86,0.7991279069767442,2.2284148,43,c3_lora_abstracts/fl_fedavg_lora
Strategy and Management,31,59,0.8228540185893931,2.026823,43,c3_lora_abstracts/fl_fedavg_lora
Surgery,131,487,0.8241766854240794,3.0173433,43,c3_lora_abstracts/fl_fedavg_lora
Water Science and Technology,35,77,0.7855287569573284,2.248075,43,c3_lora_abstracts/fl_fedavg_lora
Aerospace Engineering,31,163,0.8579061943399959,3.5825396,43,c3_lora_abstracts/fl_ditto_lora__personal
Artificial Intelligence,335,323,0.8834388429370177,1.7615054,43,c3_lora_abstracts/fl_ditto_lora__personal
Atmospheric Science,21,84,0.8854875283446711,4.0393524,43,c3_lora_abstracts/fl_ditto_lora__personal
Automotive Engineering,21,57,0.835421888053467,2.5868201,43,c3_lora_abstracts/fl_ditto_lora__personal
Biochemistry,23,64,0.7747961956521738,2.136732,43,c3_lora_abstracts/fl_ditto_lora__personal
Biomaterials,36,86,0.7348191214470284,1.8308816,43,c3_lora_abstracts/fl_ditto_lora__personal
Biomedical Engineering,152,334,0.8325323038134258,2.3248956,43,c3_lora_abstracts/fl_ditto_lora__personal
Building and Construction,55,89,0.8664964249233912,2.1587968,43,c3_lora_abstracts/fl_ditto_lora__personal
Business and International Management,54,20,0.7472222222222222,1.233392,43,c3_lora_abstracts/fl_ditto_lora__personal
Cancer Research,506,282,0.8846501555798504,1.4390626,43,c3_lora_abstracts/fl_ditto_lora__personal
Cardiology and Cardiovascular Medicine,75,224,0.8086309523809524,2.7145202,43,c3_lora_abstracts/fl_ditto_lora__personal
Cell Biology,53,101,0.8356996076966187,2.1394627,43,c3_lora_abstracts/fl_ditto_lora__personal
Cellular and Molecular Neuroscience,36,113,0.7417649950835791,1.87336,43,c3_lora_abstracts/fl_ditto_lora__personal
Civil and Structural Engineering,59,241,0.8868767142555736,3.7010257,43,c3_lora_abstracts/fl_ditto_lora__personal
Clinical Psychology,40,163,0.8261503067484662,3.330162,43,c3_lora_abstracts/fl_ditto_lora__personal
Cognitive Neuroscience,39,183,0.8038391481014432,3.3294926,43,c3_lora_abstracts/fl_ditto_lora__personal
Complementary and alternative medicine,52,79,0.8804771178188899,2.1246893,43,c3_lora_abstracts/fl_ditto_lora__personal
Computational Mechanics,24,121,0.7909779614325069,3.0993733,43,c3_lora_abstracts/fl_ditto_lora__personal
Computational Theory and Mathematics,35,101,0.8190947666195191,2.5659904,43,c3_lora_abstracts/fl_ditto_lora__personal
Computer Graphics and Computer-Aided Design,42,26,0.8287545787545787,1.465261,43,c3_lora_abstracts/fl_ditto_lora__personal
Computer Networks and Communications,168,152,0.8670700187969924,1.6712282,43,c3_lora_abstracts/fl_ditto_lora__personal
Computer Vision and Pattern Recognition,165,196,0.8568336425479283,1.8866646,43,c3_lora_abstracts/fl_ditto_lora__personal
Control and Systems Engineering,76,147,0.8503848907984246,2.2943864,43,c3_lora_abstracts/fl_ditto_lora__personal
Economics and Econometrics,111,206,0.9359529432344966,2.5322146,43,c3_lora_abstracts/fl_ditto_lora__personal
Education,95,101,0.9340281396560708,1.9091425,43,c3_lora_abstracts/fl_ditto_lora__personal
Electrical and Electronic Engineering,154,429,0.836670904852723,2.7260313,43,c3_lora_abstracts/fl_ditto_lora__personal
"Electronic, Optical and Magnetic Materials",30,105,0.6668253968253969,1.7366337,43,c3_lora_abstracts/fl_ditto_lora__personal
"Endocrinology, Diabetes and Metabolism",34,123,0.8523433763749402,3.362017,43,c3_lora_abstracts/fl_ditto_lora__personal
Environmental Engineering,29,80,0.9056034482758621,2.975696,43,c3_lora_abstracts/fl_ditto_lora__personal
Epidemiology,93,388,0.8491159516683295,3.4013128,43,c3_lora_abstracts/fl_ditto_lora__personal
Experimental and Cognitive Psychology,24,81,0.79809670781893,2.7100651,43,c3_lora_abstracts/fl_ditto_lora__personal
Food Science,23,91,0.845437171524128,3.3990834,43,c3_lora_abstracts/fl_ditto_lora__personal
General Health Professions,21,177,0.9264191552327146,7.295831,43,c3_lora_abstracts/fl_ditto_lora__personal
Genetics,99,281,0.8653258564290593,2.7443635,43,c3_lora_abstracts/fl_ditto_lora__personal
Global and Planetary Change,46,107,0.8406135717188136,2.6014376,43,c3_lora_abstracts/fl_ditto_lora__personal
Health Information Management,32,25,0.9112499999999999,1.6325822,43,c3_lora_abstracts/fl_ditto_lora__personal
"Health, Toxicology and Mutagenesis",28,91,0.8143642072213502,2.6173153,43,c3_lora_abstracts/fl_ditto_lora__personal
Hematology,22,78,0.9041375291375292,3.2776694,43,c3_lora_abstracts/fl_ditto_lora__personal
Immunology,113,214,0.8546025969729552,2.2816527,43,c3_lora_abstracts/fl_ditto_lora__personal
Industrial and Manufacturing Engineering,140,119,0.90687274909964,1.7032824,43,c3_lora_abstracts/fl_ditto_lora__personal
Infectious Diseases,29,180,0.7560344827586207,2.3759007,43,c3_lora_abstracts/fl_ditto_lora__personal
Information Systems,164,147,0.8730504396880703,1.6958162,43,c3_lora_abstracts/fl_ditto_lora__personal
Inorganic Chemistry,67,89,0.8977863491531108,2.1119683,43,c3_lora_abstracts/fl_ditto_lora__personal
Management Information Systems,24,40,0.8927083333333334,2.2668824,43,c3_lora_abstracts/fl_ditto_lora__personal
Management Science and Operations Research,162,133,0.853128190847489,1.5802153,43,c3_lora_abstracts/fl_ditto_lora__personal
"Management, Monitoring, Policy and Law",21,44,0.854978354978355,2.401082,43,c3_lora_abstracts/fl_ditto_lora__personal
Marketing,21,31,0.8218125960061444,1.9938037,43,c3_lora_abstracts/fl_ditto_lora__personal
Materials Chemistry,140,349,0.7686758084322555,2.108566,43,c3_lora_abstracts/fl_ditto_lora__personal
Mechanical Engineering,82,298,0.7764364053036503,2.597502,43,c3_lora_abstracts/fl_ditto_lora__personal
Mechanics of Materials,29,179,0.8632248121749182,4.163559,43,c3_lora_abstracts/fl_ditto_lora__personal
Media Technology,34,31,0.8107210626185959,1.6301006,43,c3_lora_abstracts/fl_ditto_lora__personal
Molecular Biology,564,991,0.8547136998947978,2.1546173,43,c3_lora_abstracts/fl_ditto_lora__personal
Nephrology,28,68,0.9183298319327732,2.778648,43,c3_lora_abstracts/fl_ditto_lora__personal
Neurology,109,237,0.8964696318662176,2.6209772,43,c3_lora_abstracts/fl_ditto_lora__personal
Obstetrics and Gynecology,23,71,0.8417023882424985,2.9597502,43,c3_lora_abstracts/fl_ditto_lora__personal
Ocean Engineering,31,87,0.8101594364108269,2.621197,43,c3_lora_abstracts/fl_ditto_lora__personal
Oncology,135,327,0.8405481934533923,2.4503798,43,c3_lora_abstracts/fl_ditto_lora__personal
Organic Chemistry,61,179,0.7545562780474402,2.4782495,43,c3_lora_abstracts/fl_ditto_lora__personal
Organizational Behavior and Human Resource Management,22,43,0.882663847780127,2.3960526,43,c3_lora_abstracts/fl_ditto_lora__personal
Orthopedics and Sports Medicine,25,61,0.8127868852459015,2.3063064,43,c3_lora_abstracts/fl_ditto_lora__personal
Pathology and Forensic Medicine,77,164,0.9282546721571111,2.723824,43,c3_lora_abstracts/fl_ditto_lora__personal
"Pediatrics, Perinatology and Child Health",24,110,0.8401515151515152,3.2571118,43,c3_lora_abstracts/fl_ditto_lora__personal
Pharmacology,56,185,0.8562258687258687,3.028288,43,c3_lora_abstracts/fl_ditto_lora__personal
Physiology,89,264,0.8095207694926796,2.528701,43,c3_lora_abstracts/fl_ditto_lora__personal
Plant Science,110,290,0.8245297805642633,2.4413416,43,c3_lora_abstracts/fl_ditto_lora__personal
Pollution,29,90,0.7396551724137931,2.2171607,43,c3_lora_abstracts/fl_ditto_lora__personal
Polymers and Plastics,26,54,0.6944444444444444,1.9522983,43,c3_lora_abstracts/fl_ditto_lora__personal
Psychiatry and Mental health,29,182,0.8652898825312619,4.876056,43,c3_lora_abstracts/fl_ditto_lora__personal
"Public Health, Environmental and Occupational Health",41,312,0.8075359599749843,4.216376,43,c3_lora_abstracts/fl_ditto_lora__personal
Pulmonary and Respiratory Medicine,118,394,0.851727178869483,3.1520896,43,c3_lora_abstracts/fl_ditto_lora__personal
"Radiology, Nuclear Medicine and Imaging",84,219,0.8579854316155685,2.7696455,43,c3_lora_abstracts/fl_ditto_lora__personal
"Renewable Energy, Sustainability and the Environment",59,125,0.7755254237288135,1.9188948,43,c3_lora_abstracts/fl_ditto_lora__personal
Rheumatology,37,118,0.837036188731104,2.9465415,43,c3_lora_abstracts/fl_ditto_lora__personal
Signal Processing,37,59,0.8797526339899222,2.2200847,43,c3_lora_abstracts/fl_ditto_lora__personal
Social Psychology,40,123,0.8821138211382114,3.1203182,43,c3_lora_abstracts/fl_ditto_lora__personal
Sociology and Political Science,96,289,0.8910755478662052,3.1361911,43,c3_lora_abstracts/fl_ditto_lora__personal
Statistical and Nonlinear Physics,20,84,0.830952380952381,3.0752432,43,c3_lora_abstracts/fl_ditto_lora__personal
Statistics and Probability,20,86,0.791860465116279,2.8457477,43,c3_lora_abstracts/fl_ditto_lora__personal
Strategy and Management,31,59,0.8387096774193549,2.2045603,43,c3_lora_abstracts/fl_ditto_lora__personal
Surgery,131,487,0.8632537580136999,3.2120597,43,c3_lora_abstracts/fl_ditto_lora__personal
Water Science and Technology,35,77,0.8421150278293136,2.380938,43,c3_lora_abstracts/fl_ditto_lora__personal
Aerospace Engineering,31,163,0.8322778547397585,3.3473833,43,c3_lora_abstracts/fl_fedavg_lora
Artificial Intelligence,335,323,0.8640266161452796,1.7112356,43,c3_lora_abstracts/fl_fedavg_lora
Atmospheric Science,21,84,0.8571428571428572,3.909575,43,c3_lora_abstracts/fl_fedavg_lora
Automotive Engineering,21,57,0.8253968253968254,2.5050783,43,c3_lora_abstracts/fl_fedavg_lora
Biochemistry,23,64,0.6694972826086956,1.761702,43,c3_lora_abstracts/fl_fedavg_lora
Biomaterials,36,86,0.640826873385013,1.4187886,43,c3_lora_abstracts/fl_fedavg_lora
Biomedical Engineering,152,334,0.7721990230066184,2.0980375,43,c3_lora_abstracts/fl_fedavg_lora
Building and Construction,55,89,0.8367722165474974,2.091498,43,c3_lora_abstracts/fl_fedavg_lora
Business and International Management,54,20,0.7550925925925926,1.2377425,43,c3_lora_abstracts/fl_fedavg_lora
Cancer Research,506,282,0.8227090516637233,1.3448526,43,c3_lora_abstracts/fl_fedavg_lora
Cardiology and Cardiovascular Medicine,75,224,0.7897619047619048,2.5693986,43,c3_lora_abstracts/fl_fedavg_lora
Cell Biology,53,101,0.8123482159536709,2.0511963,43,c3_lora_abstracts/fl_fedavg_lora
Cellular and Molecular Neuroscience,36,113,0.7250491642084562,1.9577125,43,c3_lora_abstracts/fl_fedavg_lora
Civil and Structural Engineering,59,241,0.867923201350306,3.4516864,43,c3_lora_abstracts/fl_fedavg_lora
Clinical Psychology,40,163,0.8034509202453988,2.9490511,43,c3_lora_abstracts/fl_fedavg_lora
Cognitive Neuroscience,39,183,0.7880061650553453,3.3550837,43,c3_lora_abstracts/fl_fedavg_lora
Complementary and alternative medicine,52,79,0.8496835443037974,2.0525277,43,c3_lora_abstracts/fl_fedavg_lora
Computational Mechanics,24,121,0.7716942148760331,3.4917,43,c3_lora_abstracts/fl_fedavg_lora
Computational Theory and Mathematics,35,101,0.7677510608203677,2.2090533,43,c3_lora_abstracts/fl_fedavg_lora
Computer Graphics and Computer-Aided Design,42,26,0.8054029304029304,1.4368223,43,c3_lora_abstracts/fl_fedavg_lora
Computer Networks and Communications,168,152,0.8619791666666667,1.6580611,43,c3_lora_abstracts/fl_fedavg_lora
Computer Vision and Pattern Recognition,165,196,0.8255720470006185,1.7953829,43,c3_lora_abstracts/fl_fedavg_lora
Control and Systems Engineering,76,147,0.8137307554600788,2.0867627,43,c3_lora_abstracts/fl_fedavg_lora
Economics and Econometrics,111,206,0.8875623196011545,2.1770425,43,c3_lora_abstracts/fl_fedavg_lora
Education,95,101,0.9189161021365295,1.8970617,43,c3_lora_abstracts/fl_fedavg_lora
Electrical and Electronic Engineering,154,429,0.7858051039869222,2.4293938,43,c3_lora_abstracts/fl_fedavg_lora
"Electronic, Optical and Magnetic Materials",30,105,0.6290476190476191,1.7793268,43,c3_lora_abstracts/fl_fedavg_lora
"Endocrinology, Diabetes and Metabolism",34,123,0.8396700143472023,3.184089,43,c3_lora_abstracts/fl_fedavg_lora
Environmental Engineering,29,80,0.8969827586206897,2.9110053,43,c3_lora_abstracts/fl_fedavg_lora
Epidemiology,93,388,0.8364649151978716,3.259733,43,c3_lora_abstracts/fl_fedavg_lora
Experimental and Cognitive Psychology,24,81,0.7983539094650206,2.7737005,43,c3_lora_abstracts/fl_fedavg_lora
Food Science,23,91,0.7510750119445772,2.636648,43,c3_lora_abstracts/fl_fedavg_lora
General Health Professions,21,177,0.8709981167608287,6.567989,43,c3_lora_abstracts/fl_fedavg_lora
Genetics,99,281,0.8085301412703547,2.3584404,43,c3_lora_abstracts/fl_fedavg_lora
Global and Planetary Change,46,107,0.8057700121901665,2.499612,43,c3_lora_abstracts/fl_fedavg_lora
Health Information Management,32,25,0.82125,1.5054622,43,c3_lora_abstracts/fl_fedavg_lora
"Health, Toxicology and Mutagenesis",28,91,0.765502354788069,2.3859494,43,c3_lora_abstracts/fl_fedavg_lora
Hematology,22,78,0.8953962703962703,2.944174,43,c3_lora_abstracts/fl_fedavg_lora
Immunology,113,214,0.8008022496071459,2.0910099,43,c3_lora_abstracts/fl_fedavg_lora
Industrial and Manufacturing Engineering,140,119,0.8873649459783914,1.6524394,43,c3_lora_abstracts/fl_fedavg_lora
Infectious Diseases,29,180,0.710823754789272,1.9294232,43,c3_lora_abstracts/fl_fedavg_lora
Information Systems,164,147,0.8381657541065206,1.6250021,43,c3_lora_abstracts/fl_fedavg_lora
Inorganic Chemistry,67,89,0.8302867684051652,1.9176642,43,c3_lora_abstracts/fl_fedavg_lora
Management Information Systems,24,40,0.8953125,2.2858603,43,c3_lora_abstracts/fl_fedavg_lora
Management Science and Operations Research,162,133,0.8152093195952845,1.4991158,43,c3_lora_abstracts/fl_fedavg_lora
"Management, Monitoring, Policy and Law",21,44,0.803030303030303,2.1664233,43,c3_lora_abstracts/fl_fedavg_lora
Marketing,21,31,0.7588325652841781,1.4933089,43,c3_lora_abstracts/fl_fedavg_lora
Materials Chemistry,140,349,0.680730659025788,1.7590059,43,c3_lora_abstracts/fl_fedavg_lora
Mechanical Engineering,82,298,0.7574275658863971,2.367276,43,c3_lora_abstracts/fl_fedavg_lora
Mechanics of Materials,29,179,0.7435946831053747,2.7539165,43,c3_lora_abstracts/fl_fedavg_lora
Media Technology,34,31,0.7675521821631879,1.4722444,43,c3_lora_abstracts/fl_fedavg_lora
Molecular Biology,564,991,0.814736887304893,2.0185385,43,c3_lora_abstracts/fl_fedavg_lora
Nephrology,28,68,0.8784138655462186,2.7313046,43,c3_lora_abstracts/fl_fedavg_lora
Neurology,109,237,0.8620949947741261,2.435228,43,c3_lora_abstracts/fl_fedavg_lora
Obstetrics and Gynecology,23,71,0.7737293325168402,2.522169,43,c3_lora_abstracts/fl_fedavg_lora
Ocean Engineering,31,87,0.7749351130886168,2.439943,43,c3_lora_abstracts/fl_fedavg_lora
Oncology,135,327,0.8044399139200362,2.338181,43,c3_lora_abstracts/fl_fedavg_lora
Organic Chemistry,61,179,0.7307445736789083,2.1597443,43,c3_lora_abstracts/fl_fedavg_lora
Organizational Behavior and Human Resource Management,22,43,0.8171247357293868,2.2034764,43,c3_lora_abstracts/fl_fedavg_lora
Orthopedics and Sports Medicine,25,61,0.7767213114754099,2.1320724,43,c3_lora_abstracts/fl_fedavg_lora
Pathology and Forensic Medicine,77,164,0.9075863161229015,2.6224883,43,c3_lora_abstracts/fl_fedavg_lora
"Pediatrics, Perinatology and Child Health",24,110,0.8231060606060606,3.352588,43,c3_lora_abstracts/fl_fedavg_lora
Pharmacology,56,185,0.7746138996138995,2.3210454,43,c3_lora_abstracts/fl_fedavg_lora
Physiology,89,264,0.7782601293837248,2.384343,43,c3_lora_abstracts/fl_fedavg_lora
Plant Science,110,290,0.7189498432601881,1.9869466,43,c3_lora_abstracts/fl_fedavg_lora
Pollution,29,90,0.6760536398467433,1.9113612,43,c3_lora_abstracts/fl_fedavg_lora
Polymers and Plastics,26,54,0.7321937321937322,1.761668,43,c3_lora_abstracts/fl_fedavg_lora
Psychiatry and Mental health,29,182,0.832322849564229,4.8054547,43,c3_lora_abstracts/fl_fedavg_lora
"Public Health, Environmental and Occupational Health",41,312,0.7740775484677924,3.9446318,43,c3_lora_abstracts/fl_fedavg_lora
Pulmonary and Respiratory Medicine,118,394,0.8086767615933924,2.857853,43,c3_lora_abstracts/fl_fedavg_lora
"Radiology, Nuclear Medicine and Imaging",84,219,0.8448303979125897,2.6834426,43,c3_lora_abstracts/fl_fedavg_lora
"Renewable Energy, Sustainability and the Environment",59,125,0.724271186440678,1.5967822,43,c3_lora_abstracts/fl_fedavg_lora
Rheumatology,37,118,0.7636280348144755,2.4575891,43,c3_lora_abstracts/fl_fedavg_lora
Signal Processing,37,59,0.8616582684379294,2.1346507,43,c3_lora_abstracts/fl_fedavg_lora
Social Psychology,40,123,0.8616869918699187,3.029258,43,c3_lora_abstracts/fl_fedavg_lora
Sociology and Political Science,96,289,0.8711973760092273,2.927059,43,c3_lora_abstracts/fl_fedavg_lora
Statistical and Nonlinear Physics,20,84,0.8068452380952381,2.9974177,43,c3_lora_abstracts/fl_fedavg_lora
Statistics and Probability,20,86,0.7997093023255815,2.4352303,43,c3_lora_abstracts/fl_fedavg_lora
Strategy and Management,31,59,0.8223072717331875,2.0230184,43,c3_lora_abstracts/fl_fedavg_lora
Surgery,131,487,0.8238161669043998,3.0129688,43,c3_lora_abstracts/fl_fedavg_lora
Water Science and Technology,35,77,0.7821892393320965,2.1963286,43,c3_lora_abstracts/fl_fedavg_lora
Aerospace Engineering,31,163,0.8400949930734217,3.5178878,43,c3_lora_abstracts/fl_fedavg_lora_ft__personal
Artificial Intelligence,335,323,0.8940206090291576,1.7804983,43,c3_lora_abstracts/fl_fedavg_lora_ft__personal
Atmospheric Science,21,84,0.9027777777777777,4.083974,43,c3_lora_abstracts/fl_fedavg_lora_ft__personal
Automotive Engineering,21,57,0.841687552213868,2.6767461,43,c3_lora_abstracts/fl_fedavg_lora_ft__personal
Biochemistry,23,64,0.7605298913043479,2.1555643,43,c3_lora_abstracts/fl_fedavg_lora_ft__personal
Biomaterials,36,86,0.7445090439276486,2.0353763,43,c3_lora_abstracts/fl_fedavg_lora_ft__personal
Biomedical Engineering,152,334,0.8338126378821304,2.36277,43,c3_lora_abstracts/fl_fedavg_lora_ft__personal
Building and Construction,55,89,0.8793667007150153,2.2315142,43,c3_lora_abstracts/fl_fedavg_lora_ft__personal
Business and International Management,54,20,0.788425925925926,1.2534194,43,c3_lora_abstracts/fl_fedavg_lora_ft__personal
Cancer Research,506,282,0.8873097300479356,1.4338944,43,c3_lora_abstracts/fl_fedavg_lora_ft__personal
Cardiology and Cardiovascular Medicine,75,224,0.8076785714285714,2.7103665,43,c3_lora_abstracts/fl_fedavg_lora_ft__personal
Cell Biology,53,101,0.8498038483093593,2.1809108,43,c3_lora_abstracts/fl_fedavg_lora_ft__personal
Cellular and Molecular Neuroscience,36,113,0.7616764995083579,1.9750584,43,c3_lora_abstracts/fl_fedavg_lora_ft__personal
Civil and Structural Engineering,59,241,0.8922568394401857,3.7236025,43,c3_lora_abstracts/fl_fedavg_lora_ft__personal
Clinical Psychology,40,163,0.8230828220858896,3.294977,43,c3_lora_abstracts/fl_fedavg_lora_ft__personal
Cognitive Neuroscience,39,183,0.8231750035028723,3.4725041,43,c3_lora_abstracts/fl_fedavg_lora_ft__personal
Complementary and alternative medicine,52,79,0.8986124634858813,2.1815736,43,c3_lora_abstracts/fl_fedavg_lora_ft__personal
Computational Mechanics,24,121,0.7785812672176309,3.1093628,43,c3_lora_abstracts/fl_fedavg_lora_ft__personal
Computational Theory and Mathematics,35,101,0.827015558698727,2.4380357,43,c3_lora_abstracts/fl_fedavg_lora_ft__personal
Computer Graphics and Computer-Aided Design,42,26,0.8704212454212454,1.509546,43,c3_lora_abstracts/fl_fedavg_lora_ft__personal
Computer Networks and Communications,168,152,0.8706923558897244,1.6748278,43,c3_lora_abstracts/fl_fedavg_lora_ft__personal
Computer Vision and Pattern Recognition,165,196,0.8610853432282004,1.8931186,43,c3_lora_abstracts/fl_fedavg_lora_ft__personal
Control and Systems Engineering,76,147,0.8427318295739349,2.2605422,43,c3_lora_abstracts/fl_fedavg_lora_ft__personal
Economics and Econometrics,111,206,0.9422505029301146,2.5752106,43,c3_lora_abstracts/fl_fedavg_lora_ft__personal
Education,95,101,0.9492965085982282,1.9449159,43,c3_lora_abstracts/fl_fedavg_lora_ft__personal
Electrical and Electronic Engineering,154,429,0.8329927648109465,2.7318573,43,c3_lora_abstracts/fl_fedavg_lora_ft__personal
"Electronic, Optical and Magnetic Materials",30,105,0.7115873015873015,1.9459976,43,c3_lora_abstracts/fl_fedavg_lora_ft__personal
"Endocrinology, Diabetes and Metabolism",34,123,0.8488761358201817,3.3516273,43,c3_lora_abstracts/fl_fedavg_lora_ft__personal
Environmental Engineering,29,80,0.9133620689655173,3.0946102,43,c3_lora_abstracts/fl_fedavg_lora_ft__personal
Epidemiology,93,388,0.8608524553818867,3.5419352,43,c3_lora_abstracts/fl_fedavg_lora_ft__personal
Experimental and Cognitive Psychology,24,81,0.8438786008230452,3.04543,43,c3_lora_abstracts/fl_fedavg_lora_ft__personal
Food Science,23,91,0.8652651696129957,3.525311,43,c3_lora_abstracts/fl_fedavg_lora_ft__personal
General Health Professions,21,177,0.9436373419424267,7.444624,43,c3_lora_abstracts/fl_fedavg_lora_ft__personal
Genetics,99,281,0.8628275638951796,2.7364733,43,c3_lora_abstracts/fl_fedavg_lora_ft__personal
Global and Planetary Change,46,107,0.8361438439658675,2.618361,43,c3_lora_abstracts/fl_fedavg_lora_ft__personal
Health Information Management,32,25,0.89625,1.6166447,43,c3_lora_abstracts/fl_fedavg_lora_ft__personal
"Health, Toxicology and Mutagenesis",28,91,0.8180926216640503,2.583662,43,c3_lora_abstracts/fl_fedavg_lora_ft__personal
Hematology,22,78,0.9032634032634033,3.2382207,43,c3_lora_abstracts/fl_fedavg_lora_ft__personal
Immunology,113,214,0.8610123232156149,2.3107743,43,c3_lora_abstracts/fl_fedavg_lora_ft__personal
Industrial and Manufacturing Engineering,140,119,0.9277611044417767,1.7348951,43,c3_lora_abstracts/fl_fedavg_lora_ft__personal
Infectious Diseases,29,180,0.7773946360153257,2.5799873,43,c3_lora_abstracts/fl_fedavg_lora_ft__personal
Information Systems,164,147,0.8864277418284386,1.7145499,43,c3_lora_abstracts/fl_fedavg_lora_ft__personal
Inorganic Chemistry,67,89,0.8774106993124265,2.0740612,43,c3_lora_abstracts/fl_fedavg_lora_ft__personal
Management Information Systems,24,40,0.9145833333333333,2.3153164,43,c3_lora_abstracts/fl_fedavg_lora_ft__personal
Management Science and Operations Research,162,133,0.8684906711222501,1.6028441,43,c3_lora_abstracts/fl_fedavg_lora_ft__personal
"Management, Monitoring, Policy and Law",21,44,0.8354978354978355,2.3349712,43,c3_lora_abstracts/fl_fedavg_lora_ft__personal
Marketing,21,31,0.8133640552995391,1.9791062,43,c3_lora_abstracts/fl_fedavg_lora_ft__personal
Materials Chemistry,140,349,0.7841178878428161,2.2404063,43,c3_lora_abstracts/fl_fedavg_lora_ft__personal
Mechanical Engineering,82,298,0.7828613521034539,2.6078942,43,c3_lora_abstracts/fl_fedavg_lora_ft__personal
Mechanics of Materials,29,179,0.8525332305914082,4.093783,43,c3_lora_abstracts/fl_fedavg_lora_ft__personal
Media Technology,34,31,0.8301707779886148,1.6836394,43,c3_lora_abstracts/fl_fedavg_lora_ft__personal
Molecular Biology,564,991,0.8582132812332266,2.191567,43,c3_lora_abstracts/fl_fedavg_lora_ft__personal
Nephrology,28,68,0.9233193277310925,2.8869293,43,c3_lora_abstracts/fl_fedavg_lora_ft__personal
Neurology,109,237,0.8909727867456354,2.6176214,43,c3_lora_abstracts/fl_fedavg_lora_ft__personal
Obstetrics and Gynecology,23,71,0.8518064911206368,2.9825745,43,c3_lora_abstracts/fl_fedavg_lora_ft__personal
Ocean Engineering,31,87,0.8199851687059695,2.630588,43,c3_lora_abstracts/fl_fedavg_lora_ft__personal
Oncology,135,327,0.8531543776192095,2.4993284,43,c3_lora_abstracts/fl_fedavg_lora_ft__personal
Organic Chemistry,61,179,0.7725524315413499,2.485087,43,c3_lora_abstracts/fl_fedavg_lora_ft__personal
Organizational Behavior and Human Resource Management,22,43,0.9027484143763215,2.4895658,43,c3_lora_abstracts/fl_fedavg_lora_ft__personal
Orthopedics and Sports Medicine,25,61,0.7954098360655738,2.2530696,43,c3_lora_abstracts/fl_fedavg_lora_ft__personal
Pathology and Forensic Medicine,77,164,0.9289673740893253,2.784371,43,c3_lora_abstracts/fl_fedavg_lora_ft__personal
"Pediatrics, Perinatology and Child Health",24,110,0.865719696969697,3.5335174,43,c3_lora_abstracts/fl_fedavg_lora_ft__personal
Pharmacology,56,185,0.8526061776061776,3.0073957,43,c3_lora_abstracts/fl_fedavg_lora_ft__personal
Physiology,89,264,0.8065628192032687,2.5705595,43,c3_lora_abstracts/fl_fedavg_lora_ft__personal
Plant Science,110,290,0.8226175548589341,2.4745824,43,c3_lora_abstracts/fl_fedavg_lora_ft__personal
Pollution,29,90,0.6898467432950192,2.101649,43,c3_lora_abstracts/fl_fedavg_lora_ft__personal
Polymers and Plastics,26,54,0.709045584045584,1.9143249,43,c3_lora_abstracts/fl_fedavg_lora_ft__personal
Psychiatry and Mental health,29,182,0.8769420234937477,4.666719,43,c3_lora_abstracts/fl_fedavg_lora_ft__personal
"Public Health, Environmental and Occupational Health",41,312,0.7996013133208255,3.9680972,43,c3_lora_abstracts/fl_fedavg_lora_ft__personal
Pulmonary and Respiratory Medicine,118,394,0.8589434741460896,3.2148776,43,c3_lora_abstracts/fl_fedavg_lora_ft__personal
"Radiology, Nuclear Medicine and Imaging",84,219,0.8633942161339422,2.8316674,43,c3_lora_abstracts/fl_fedavg_lora_ft__personal
"Renewable Energy, Sustainability and the Environment",59,125,0.7477288135593221,1.8981786,43,c3_lora_abstracts/fl_fedavg_lora_ft__personal
Rheumatology,37,118,0.8393266147503435,2.919696,43,c3_lora_abstracts/fl_fedavg_lora_ft__personal
Signal Processing,37,59,0.8648648648648648,2.164986,43,c3_lora_abstracts/fl_fedavg_lora_ft__personal
Social Psychology,40,123,0.9034552845528455,3.298903,43,c3_lora_abstracts/fl_fedavg_lora_ft__personal
Sociology and Political Science,96,289,0.8969506920415227,3.1937306,43,c3_lora_abstracts/fl_fedavg_lora_ft__personal
Statistical and Nonlinear Physics,20,84,0.8583333333333334,3.1819496,43,c3_lora_abstracts/fl_fedavg_lora_ft__personal
Statistics and Probability,20,86,0.805232558139535,3.0292082,43,c3_lora_abstracts/fl_fedavg_lora_ft__personal
Strategy and Management,31,59,0.8485511208310551,2.2290933,43,c3_lora_abstracts/fl_fedavg_lora_ft__personal
Surgery,131,487,0.8590921203191372,3.2509997,43,c3_lora_abstracts/fl_fedavg_lora_ft__personal
Water Science and Technology,35,77,0.8465677179962895,2.356867,43,c3_lora_abstracts/fl_fedavg_lora_ft__personal
Aerospace Engineering,31,163,0.8397981397189788,3.2180877,43,c3_lora_abstracts/fl_fedper_lora__personal
Artificial Intelligence,335,323,0.8755787625340787,1.7368163,43,c3_lora_abstracts/fl_fedper_lora__personal
Atmospheric Science,21,84,0.8778344671201813,3.9068463,43,c3_lora_abstracts/fl_fedper_lora__personal
Automotive Engineering,21,57,0.8324979114452798,2.5509365,43,c3_lora_abstracts/fl_fedper_lora__personal
Biochemistry,23,64,0.7483016304347826,2.023204,43,c3_lora_abstracts/fl_fedper_lora__personal
Biomaterials,36,86,0.71156330749354,1.7290665,43,c3_lora_abstracts/fl_fedper_lora__personal
Biomedical Engineering,152,334,0.8161538764576112,2.2650177,43,c3_lora_abstracts/fl_fedper_lora__personal
Building and Construction,55,89,0.8733401430030644,2.1643817,43,c3_lora_abstracts/fl_fedper_lora__personal
Business and International Management,54,20,0.7791666666666667,1.2524203,43,c3_lora_abstracts/fl_fedper_lora__personal
Cancer Research,506,282,0.8713838196955681,1.4164288,43,c3_lora_abstracts/fl_fedper_lora__personal
Cardiology and Cardiovascular Medicine,75,224,0.7925595238095239,2.6409855,43,c3_lora_abstracts/fl_fedper_lora__personal
Cell Biology,53,101,0.8428918363534466,2.1488607,43,c3_lora_abstracts/fl_fedper_lora__personal
Cellular and Molecular Neuroscience,36,113,0.7486479842674533,1.9986558,43,c3_lora_abstracts/fl_fedper_lora__personal
Civil and Structural Engineering,59,241,0.8927139742597933,3.7374053,43,c3_lora_abstracts/fl_fedper_lora__personal
Clinical Psychology,40,163,0.8134969325153374,2.9969087,43,c3_lora_abstracts/fl_fedper_lora__personal
Cognitive Neuroscience,39,183,0.8086731119518005,3.3452353,43,c3_lora_abstracts/fl_fedper_lora__personal
Complementary and alternative medicine,52,79,0.8788948393378774,2.136933,43,c3_lora_abstracts/fl_fedper_lora__personal
Computational Mechanics,24,121,0.75034435261708,2.6273253,43,c3_lora_abstracts/fl_fedper_lora__personal
Computational Theory and Mathematics,35,101,0.8224893917963224,2.7753682,43,c3_lora_abstracts/fl_fedper_lora__personal
Computer Graphics and Computer-Aided Design,42,26,0.7939560439560439,1.4234581,43,c3_lora_abstracts/fl_fedper_lora__personal
Computer Networks and Communications,168,152,0.853109335839599,1.6478276,43,c3_lora_abstracts/fl_fedper_lora__personal
Computer Vision and Pattern Recognition,165,196,0.8524273345701916,1.8801568,43,c3_lora_abstracts/fl_fedper_lora__personal
Control and Systems Engineering,76,147,0.8368242033655567,2.2232113,43,c3_lora_abstracts/fl_fedper_lora__personal
Economics and Econometrics,111,206,0.929174319951019,2.4612145,43,c3_lora_abstracts/fl_fedper_lora__personal
Education,95,101,0.9390828556539864,1.9226975,43,c3_lora_abstracts/fl_fedper_lora__personal
Electrical and Electronic Engineering,154,429,0.8090999909181728,2.5004642,43,c3_lora_abstracts/fl_fedper_lora__personal
"Electronic, Optical and Magnetic Materials",30,105,0.6507936507936508,1.4525843,43,c3_lora_abstracts/fl_fedper_lora__personal
"Endocrinology, Diabetes and Metabolism",34,123,0.8421807747489238,3.2026968,43,c3_lora_abstracts/fl_fedper_lora__personal
Environmental Engineering,29,80,0.8676724137931034,2.6866226,43,c3_lora_abstracts/fl_fedper_lora__personal
Epidemiology,93,388,0.8436426116838489,3.4482174,43,c3_lora_abstracts/fl_fedper_lora__personal
Experimental and Cognitive Psychology,24,81,0.8587962962962963,3.0594757,43,c3_lora_abstracts/fl_fedper_lora__personal
Food Science,23,91,0.8299092212135689,3.2928958,43,c3_lora_abstracts/fl_fedper_lora__personal
General Health Professions,21,177,0.8995157384987893,7.1637383,43,c3_lora_abstracts/fl_fedper_lora__personal
Genetics,99,281,0.8423199971242675,2.6224113,43,c3_lora_abstracts/fl_fedper_lora__personal
Global and Planetary Change,46,107,0.8415278342137343,2.6061327,43,c3_lora_abstracts/fl_fedper_lora__personal
Health Information Management,32,25,0.9056249999999999,1.6209438,43,c3_lora_abstracts/fl_fedper_lora__personal
"Health, Toxicology and Mutagenesis",28,91,0.8206436420722134,2.651706,43,c3_lora_abstracts/fl_fedper_lora__personal
Hematology,22,78,0.9015151515151515,3.2030241,43,c3_lora_abstracts/fl_fedper_lora__personal
Immunology,113,214,0.8229261434124554,2.188494,43,c3_lora_abstracts/fl_fedper_lora__personal
Industrial and Manufacturing Engineering,140,119,0.9061524609843937,1.6960759,43,c3_lora_abstracts/fl_fedper_lora__personal
Infectious Diseases,29,180,0.7530651340996168,2.275243,43,c3_lora_abstracts/fl_fedper_lora__personal
Information Systems,164,147,0.8790235606437696,1.6943165,43,c3_lora_abstracts/fl_fedper_lora__personal
Inorganic Chemistry,67,89,0.8833640784839846,2.0801568,43,c3_lora_abstracts/fl_fedper_lora__personal
Management Information Systems,24,40,0.8885416666666668,2.2386737,43,c3_lora_abstracts/fl_fedper_lora__personal
Management Science and Operations Research,162,133,0.8499489464401746,1.5691141,43,c3_lora_abstracts/fl_fedper_lora__personal
"Management, Monitoring, Policy and Law",21,44,0.8647186147186147,2.4091039,43,c3_lora_abstracts/fl_fedper_lora__personal
Marketing,21,31,0.8248847926267281,1.9404302,43,c3_lora_abstracts/fl_fedper_lora__personal
Materials Chemistry,140,349,0.7403909128121162,1.8981553,43,c3_lora_abstracts/fl_fedper_lora__personal
Mechanical Engineering,82,298,0.7621746603372073,2.5319176,43,c3_lora_abstracts/fl_fedper_lora__personal
Mechanics of Materials,29,179,0.8529185128106338,3.853233,43,c3_lora_abstracts/fl_fedper_lora__personal
Media Technology,34,31,0.8074003795066413,1.621793,43,c3_lora_abstracts/fl_fedper_lora__personal
Molecular Biology,564,991,0.8505798641675792,2.1432245,43,c3_lora_abstracts/fl_fedper_lora__personal
Nephrology,28,68,0.9206932773109244,2.7672098,43,c3_lora_abstracts/fl_fedper_lora__personal
Neurology,109,237,0.8746951573568691,2.53267,43,c3_lora_abstracts/fl_fedper_lora__personal
Obstetrics and Gynecology,23,71,0.8120024494794856,2.8515368,43,c3_lora_abstracts/fl_fedper_lora__personal
Ocean Engineering,31,87,0.7932888394512421,2.5467308,43,c3_lora_abstracts/fl_fedper_lora__personal
Oncology,135,327,0.8248046211348965,2.348279,43,c3_lora_abstracts/fl_fedper_lora__personal
Organic Chemistry,61,179,0.7488323106511585,2.3842063,43,c3_lora_abstracts/fl_fedper_lora__personal
Organizational Behavior and Human Resource Management,22,43,0.8826638477801269,2.4959397,43,c3_lora_abstracts/fl_fedper_lora__personal
Orthopedics and Sports Medicine,25,61,0.7980327868852459,2.228495,43,c3_lora_abstracts/fl_fedper_lora__personal
Pathology and Forensic Medicine,77,164,0.9330456129236617,2.7521508,43,c3_lora_abstracts/fl_fedper_lora__personal
"Pediatrics, Perinatology and Child Health",24,110,0.8482954545454546,3.429994,43,c3_lora_abstracts/fl_fedper_lora__personal
Pharmacology,56,185,0.832480694980695,2.7520063,43,c3_lora_abstracts/fl_fedper_lora__personal
Physiology,89,264,0.8096697310180457,2.5405889,43,c3_lora_abstracts/fl_fedper_lora__personal
Plant Science,110,290,0.8048275862068965,2.3617518,43,c3_lora_abstracts/fl_fedper_lora__personal
Pollution,29,90,0.7275862068965517,2.2830293,43,c3_lora_abstracts/fl_fedper_lora__personal
Polymers and Plastics,26,54,0.7037037037037037,1.8512107,43,c3_lora_abstracts/fl_fedper_lora__personal
Psychiatry and Mental health,29,182,0.8776051534672223,4.848391,43,c3_lora_abstracts/fl_fedper_lora__personal
"Public Health, Environmental and Occupational Health",41,312,0.8007739212007505,3.9847386,43,c3_lora_abstracts/fl_fedper_lora__personal
Pulmonary and Respiratory Medicine,118,394,0.8468876365826379,3.097085,43,c3_lora_abstracts/fl_fedper_lora__personal
"Radiology, Nuclear Medicine and Imaging",84,219,0.8447760382691889,2.7034116,43,c3_lora_abstracts/fl_fedper_lora__personal
"Renewable Energy, Sustainability and the Environment",59,125,0.7779661016949153,1.9308165,43,c3_lora_abstracts/fl_fedper_lora__personal
Rheumatology,37,118,0.8049702244617498,2.8216472,43,c3_lora_abstracts/fl_fedper_lora__personal
Signal Processing,37,59,0.8829592304168575,2.2064476,43,c3_lora_abstracts/fl_fedper_lora__personal
Social Psychology,40,123,0.8842479674796748,3.135584,43,c3_lora_abstracts/fl_fedper_lora__personal
Sociology and Political Science,96,289,0.88568699538639,3.0474715,43,c3_lora_abstracts/fl_fedper_lora__personal
Statistical and Nonlinear Physics,20,84,0.8065476190476191,2.9603753,43,c3_lora_abstracts/fl_fedper_lora__personal
Statistics and Probability,20,86,0.7915697674418605,2.8599234,43,c3_lora_abstracts/fl_fedper_lora__personal
Strategy and Management,31,59,0.8439037725533078,2.2483482,43,c3_lora_abstracts/fl_fedper_lora__personal
Surgery,131,487,0.8426728529554681,3.175361,43,c3_lora_abstracts/fl_fedper_lora__personal
Water Science and Technology,35,77,0.8239332096474954,2.253793,43,c3_lora_abstracts/fl_fedper_lora__personal
Aerospace Engineering,31,163,0.8776964179695229,4.078174,43,c3_lora_abstracts/local_lora__personal
Artificial Intelligence,335,323,0.8839378956610139,1.7577981,43,c3_lora_abstracts/local_lora__personal
Atmospheric Science,21,84,0.8611111111111112,3.8760784,43,c3_lora_abstracts/local_lora__personal
Automotive Engineering,21,57,0.8554720133667503,2.731126,43,c3_lora_abstracts/local_lora__personal
Biochemistry,23,64,0.7839673913043479,2.1744962,43,c3_lora_abstracts/local_lora__personal
Biomaterials,36,86,0.7093023255813953,1.9518137,43,c3_lora_abstracts/local_lora__personal
Biomedical Engineering,152,334,0.8207236842105263,2.2542071,43,c3_lora_abstracts/local_lora__personal
Building and Construction,55,89,0.8661899897854954,2.1667333,43,c3_lora_abstracts/local_lora__personal
Business and International Management,54,20,0.7481481481481481,1.2326132,43,c3_lora_abstracts/local_lora__personal
Cancer Research,506,282,0.8843908558293387,1.435995,43,c3_lora_abstracts/local_lora__personal
Cardiology and Cardiovascular Medicine,75,224,0.792172619047619,2.6517918,43,c3_lora_abstracts/local_lora__personal
Cell Biology,53,101,0.8306557070801419,2.1165452,43,c3_lora_abstracts/local_lora__personal
Cellular and Molecular Neuroscience,36,113,0.7506145526057031,2.003712,43,c3_lora_abstracts/local_lora__personal
Civil and Structural Engineering,59,241,0.8857866235318941,3.804945,43,c3_lora_abstracts/local_lora__personal
Clinical Psychology,40,163,0.8263803680981596,2.924632,43,c3_lora_abstracts/local_lora__personal
Cognitive Neuroscience,39,183,0.8023679417122039,3.3056004,43,c3_lora_abstracts/local_lora__personal
Complementary and alternative medicine,52,79,0.894352482960078,2.1295261,43,c3_lora_abstracts/local_lora__personal
Computational Mechanics,24,121,0.7698002754820936,2.5343,43,c3_lora_abstracts/local_lora__personal
Computational Theory and Mathematics,35,101,0.8168316831683169,2.5604928,43,c3_lora_abstracts/local_lora__personal
Computer Graphics and Computer-Aided Design,42,26,0.8356227106227107,1.4617666,43,c3_lora_abstracts/local_lora__personal
Computer Networks and Communications,168,152,0.8413807957393484,1.6215168,43,c3_lora_abstracts/local_lora__personal
Computer Vision and Pattern Recognition,165,196,0.8509894867037724,1.8846835,43,c3_lora_abstracts/local_lora__personal
Control and Systems Engineering,76,147,0.849310776942356,2.2757328,43,c3_lora_abstracts/local_lora__personal
Economics and Econometrics,111,206,0.9293711186915071,2.4974277,43,c3_lora_abstracts/local_lora__personal
Education,95,101,0.9282959874934863,1.8903824,43,c3_lora_abstracts/local_lora__personal
Electrical and Electronic Engineering,154,429,0.8154799745708836,2.606644,43,c3_lora_abstracts/local_lora__personal
"Electronic, Optical and Magnetic Materials",30,105,0.6515873015873016,1.5603437,43,c3_lora_abstracts/local_lora__personal
"Endocrinology, Diabetes and Metabolism",34,123,0.8450502152080344,3.3188212,43,c3_lora_abstracts/local_lora__personal
Environmental Engineering,29,80,0.8711206896551724,2.8388553,43,c3_lora_abstracts/local_lora__personal
Epidemiology,93,388,0.8546724309943465,3.5354679,43,c3_lora_abstracts/local_lora__personal
Experimental and Cognitive Psychology,24,81,0.8613683127572016,3.0945423,43,c3_lora_abstracts/local_lora__personal
Food Science,23,91,0.8528428093645485,3.5123806,43,c3_lora_abstracts/local_lora__personal
General Health Professions,21,177,0.9136400322841001,7.0470686,43,c3_lora_abstracts/local_lora__personal
Genetics,99,281,0.8499047413638162,2.704359,43,c3_lora_abstracts/local_lora__personal
Global and Planetary Change,46,107,0.8270012190166599,2.5820355,43,c3_lora_abstracts/local_lora__personal
Health Information Management,32,25,0.9125,1.6570256,43,c3_lora_abstracts/local_lora__personal
"Health, Toxicology and Mutagenesis",28,91,0.8157378335949765,2.7270336,43,c3_lora_abstracts/local_lora__personal
Hematology,22,78,0.8974358974358974,3.356639,43,c3_lora_abstracts/local_lora__personal
Immunology,113,214,0.849433462906294,2.2755163,43,c3_lora_abstracts/local_lora__personal
Industrial and Manufacturing Engineering,140,119,0.911734693877551,1.7050986,43,c3_lora_abstracts/local_lora__personal
Infectious Diseases,29,180,0.735919540229885,2.447606,43,c3_lora_abstracts/local_lora__personal
Information Systems,164,147,0.8810560809689729,1.7092005,43,c3_lora_abstracts/local_lora__personal
Inorganic Chemistry,67,89,0.8856280395773939,2.105942,43,c3_lora_abstracts/local_lora__personal
Management Information Systems,24,40,0.859375,2.1609042,43,c3_lora_abstracts/local_lora__personal
Management Science and Operations Research,162,133,0.8585120207927225,1.5885795,43,c3_lora_abstracts/local_lora__personal
"Management, Monitoring, Policy and Law",21,44,0.8528138528138529,2.430392,43,c3_lora_abstracts/local_lora__personal
Marketing,21,31,0.7811059907834101,1.9831926,43,c3_lora_abstracts/local_lora__personal
Materials Chemistry,140,349,0.7788681948424069,2.2205644,43,c3_lora_abstracts/local_lora__personal
Mechanical Engineering,82,298,0.7657554427893274,2.506539,43,c3_lora_abstracts/local_lora__personal
Mechanics of Materials,29,179,0.8560970911192448,4.1458044,43,c3_lora_abstracts/local_lora__personal
Media Technology,34,31,0.8434535104364326,1.6584105,43,c3_lora_abstracts/local_lora__personal
Molecular Biology,564,991,0.8570503324244441,2.1825666,43,c3_lora_abstracts/local_lora__personal
Nephrology,28,68,0.9122899159663865,2.8843174,43,c3_lora_abstracts/local_lora__personal
Neurology,109,237,0.8939534703673597,2.6067038,43,c3_lora_abstracts/local_lora__personal
Obstetrics and Gynecology,23,71,0.822106552357624,2.7072787,43,c3_lora_abstracts/local_lora__personal
Ocean Engineering,31,87,0.8014460511679644,2.646648,43,c3_lora_abstracts/local_lora__personal
Oncology,135,327,0.8428134556574923,2.4048638,43,c3_lora_abstracts/local_lora__personal
Organic Chemistry,61,179,0.7394907958604269,2.3643653,43,c3_lora_abstracts/local_lora__personal
Organizational Behavior and Human Resource Management,22,43,0.9249471458773786,2.6347268,43,c3_lora_abstracts/local_lora__personal
Orthopedics and Sports Medicine,25,61,0.8118032786885245,2.1884325,43,c3_lora_abstracts/local_lora__personal
Pathology and Forensic Medicine,77,164,0.9206525182134937,2.7897391,43,c3_lora_abstracts/local_lora__personal
"Pediatrics, Perinatology and Child Health",24,110,0.8598484848484849,3.277779,43,c3_lora_abstracts/local_lora__personal
Pharmacology,56,185,0.8745656370656371,3.1114504,43,c3_lora_abstracts/local_lora__personal
Physiology,89,264,0.8245020429009193,2.6493716,43,c3_lora_abstracts/local_lora__personal
Plant Science,110,290,0.7893103448275861,2.3309498,43,c3_lora_abstracts/local_lora__personal
Pollution,29,90,0.6938697318007663,2.3107677,43,c3_lora_abstracts/local_lora__personal
Polymers and Plastics,26,54,0.7215099715099715,1.9683721,43,c3_lora_abstracts/local_lora__personal
Psychiatry and Mental health,29,182,0.8413224706328155,4.766297,43,c3_lora_abstracts/local_lora__personal
"Public Health, Environmental and Occupational Health",41,312,0.8003439649781113,4.237508,43,c3_lora_abstracts/local_lora__personal
Pulmonary and Respiratory Medicine,118,394,0.8539856319366772,3.1891835,43,c3_lora_abstracts/local_lora__personal
"Radiology, Nuclear Medicine and Imaging",84,219,0.8449662970210915,2.6563609,43,c3_lora_abstracts/local_lora__personal
"Renewable Energy, Sustainability and the Environment",59,125,0.756271186440678,1.8908546,43,c3_lora_abstracts/local_lora__personal
Rheumatology,37,118,0.8332569857993586,2.9912324,43,c3_lora_abstracts/local_lora__personal
Signal Processing,37,59,0.8513513513513513,2.1624455,43,c3_lora_abstracts/local_lora__personal
Social Psychology,40,123,0.9047764227642277,3.1307704,43,c3_lora_abstracts/local_lora__personal
Sociology and Political Science,96,289,0.8874170991926184,3.1033168,43,c3_lora_abstracts/local_lora__personal
Statistical and Nonlinear Physics,20,84,0.7514880952380952,2.7718604,43,c3_lora_abstracts/local_lora__personal
Statistics and Probability,20,86,0.7319767441860465,2.7473516,43,c3_lora_abstracts/local_lora__personal
Strategy and Management,31,59,0.8324220885729907,2.2513595,43,c3_lora_abstracts/local_lora__personal
Surgery,131,487,0.8526576484787687,3.271034,43,c3_lora_abstracts/local_lora__personal
Water Science and Technology,35,77,0.840630797773655,2.3744352,43,c3_lora_abstracts/local_lora__personal
Aerospace Engineering,31,163,0.8221848406886998,3.094492,43,c3_lora_abstracts_modernbert-large/central_lora
Artificial Intelligence,335,323,0.8842798391941223,1.7584223,43,c3_lora_abstracts_modernbert-large/central_lora
Atmospheric Science,21,84,0.8849206349206349,4.1365724,43,c3_lora_abstracts_modernbert-large/central_lora
Automotive Engineering,21,57,0.8538011695906433,2.8103342,43,c3_lora_abstracts_modernbert-large/central_lora
Biochemistry,23,64,0.686141304347826,1.8516824,43,c3_lora_abstracts_modernbert-large/central_lora
Biomaterials,36,86,0.7293281653746769,1.80173,43,c3_lora_abstracts_modernbert-large/central_lora
Biomedical Engineering,152,334,0.8214327923101166,2.2714205,43,c3_lora_abstracts_modernbert-large/central_lora
Building and Construction,55,89,0.8808988764044944,2.242156,43,c3_lora_abstracts_modernbert-large/central_lora
Business and International Management,54,20,0.7546296296296297,1.2330173,43,c3_lora_abstracts_modernbert-large/central_lora
Cancer Research,506,282,0.8645123763070109,1.4142494,43,c3_lora_abstracts_modernbert-large/central_lora
Cardiology and Cardiovascular Medicine,75,224,0.8274107142857143,2.8643675,43,c3_lora_abstracts_modernbert-large/central_lora
Cell Biology,53,101,0.8280403512049319,2.1917133,43,c3_lora_abstracts_modernbert-large/central_lora
Cellular and Molecular Neuroscience,36,113,0.7721238938053098,1.9607313,43,c3_lora_abstracts_modernbert-large/central_lora
Civil and Structural Engineering,59,241,0.8743582530417047,3.4720984,43,c3_lora_abstracts_modernbert-large/central_lora
Clinical Psychology,40,163,0.8138036809815951,3.2261915,43,c3_lora_abstracts_modernbert-large/central_lora
Cognitive Neuroscience,39,183,0.751786464901219,3.2358851,43,c3_lora_abstracts_modernbert-large/central_lora
Complementary and alternative medicine,52,79,0.8942307692307692,2.181333,43,c3_lora_abstracts_modernbert-large/central_lora
Computational Mechanics,24,121,0.805785123966942,3.569963,43,c3_lora_abstracts_modernbert-large/central_lora
Computational Theory and Mathematics,35,101,0.815983026874116,2.5843372,43,c3_lora_abstracts_modernbert-large/central_lora
Computer Graphics and Computer-Aided Design,42,26,0.8296703296703296,1.4664323,43,c3_lora_abstracts_modernbert-large/central_lora
Computer Networks and Communications,168,152,0.8629777568922306,1.655719,43,c3_lora_abstracts_modernbert-large/central_lora
Computer Vision and Pattern Recognition,165,196,0.8219696969696969,1.8136415,43,c3_lora_abstracts_modernbert-large/central_lora
Control and Systems Engineering,76,147,0.8365556749015396,2.161479,43,c3_lora_abstracts_modernbert-large/central_lora
Economics and Econometrics,111,206,0.9299833814396921,2.486952,43,c3_lora_abstracts_modernbert-large/central_lora
Education,95,101,0.9366336633663366,1.9308505,43,c3_lora_abstracts_modernbert-large/central_lora
Electrical and Electronic Engineering,154,429,0.8090243090243091,2.5244598,43,c3_lora_abstracts_modernbert-large/central_lora
"Electronic, Optical and Magnetic Materials",30,105,0.666984126984127,1.5519893,43,c3_lora_abstracts_modernbert-large/central_lora
"Endocrinology, Diabetes and Metabolism",34,123,0.8587996174079388,3.578619,43,c3_lora_abstracts_modernbert-large/central_lora
Environmental Engineering,29,80,0.9325431034482758,3.2356455,43,c3_lora_abstracts_modernbert-large/central_lora
Epidemiology,93,388,0.8489912426560249,3.3936226,43,c3_lora_abstracts_modernbert-large/central_lora
Experimental and Cognitive Psychology,24,81,0.8338477366255145,2.890013,43,c3_lora_abstracts_modernbert-large/central_lora
Food Science,23,91,0.8497372193024367,3.510952,43,c3_lora_abstracts_modernbert-large/central_lora
General Health Professions,21,177,0.9030131826741995,6.980072,43,c3_lora_abstracts_modernbert-large/central_lora
Genetics,99,281,0.8667996692907725,2.764018,43,c3_lora_abstracts_modernbert-large/central_lora
Global and Planetary Change,46,107,0.842442096708655,2.6805093,43,c3_lora_abstracts_modernbert-large/central_lora
Health Information Management,32,25,0.893125,1.6236469,43,c3_lora_abstracts_modernbert-large/central_lora
"Health, Toxicology and Mutagenesis",28,91,0.7543171114599686,2.3851018,43,c3_lora_abstracts_modernbert-large/central_lora
Hematology,22,78,0.8956876456876458,3.0899239,43,c3_lora_abstracts_modernbert-large/central_lora
Immunology,113,214,0.8478827226862956,2.2613294,43,c3_lora_abstracts_modernbert-large/central_lora
Industrial and Manufacturing Engineering,140,119,0.9239495798319327,1.7326683,43,c3_lora_abstracts_modernbert-large/central_lora
Infectious Diseases,29,180,0.7901340996168582,3.4418888,43,c3_lora_abstracts_modernbert-large/central_lora
Information Systems,164,147,0.8776339804214368,1.688401,43,c3_lora_abstracts_modernbert-large/central_lora
Inorganic Chemistry,67,89,0.854603387556599,2.0259445,43,c3_lora_abstracts_modernbert-large/central_lora
Management Information Systems,24,40,0.8947916666666667,2.2067213,43,c3_lora_abstracts_modernbert-large/central_lora
Management Science and Operations Research,162,133,0.85649308456326,1.5774705,43,c3_lora_abstracts_modernbert-large/central_lora
"Management, Monitoring, Policy and Law",21,44,0.8403679653679653,2.3937314,43,c3_lora_abstracts_modernbert-large/central_lora
Marketing,21,31,0.8164362519201229,1.908753,43,c3_lora_abstracts_modernbert-large/central_lora
Materials Chemistry,140,349,0.7561195251739665,2.0849614,43,c3_lora_abstracts_modernbert-large/central_lora
Mechanical Engineering,82,298,0.7827590440333934,2.5192757,43,c3_lora_abstracts_modernbert-large/central_lora
Mechanics of Materials,29,179,0.828645732999422,3.251331,43,c3_lora_abstracts_modernbert-large/central_lora
Media Technology,34,31,0.8406072106261859,1.69094,43,c3_lora_abstracts_modernbert-large/central_lora
Molecular Biology,564,991,0.8526373889831176,2.1525373,43,c3_lora_abstracts_modernbert-large/central_lora
Nephrology,28,68,0.9104516806722689,2.8781528,43,c3_lora_abstracts_modernbert-large/central_lora
Neurology,109,237,0.8935470135098517,2.5514605,43,c3_lora_abstracts_modernbert-large/central_lora
Obstetrics and Gynecology,23,71,0.8343539497856705,2.8102183,43,c3_lora_abstracts_modernbert-large/central_lora
Ocean Engineering,31,87,0.8168335187245087,2.6533427,43,c3_lora_abstracts_modernbert-large/central_lora
Oncology,135,327,0.8342394382149734,2.393655,43,c3_lora_abstracts_modernbert-large/central_lora
Organic Chemistry,61,179,0.7455353054309002,2.2992697,43,c3_lora_abstracts_modernbert-large/central_lora
Organizational Behavior and Human Resource Management,22,43,0.8387949260042283,2.2462866,43,c3_lora_abstracts_modernbert-large/central_lora
Orthopedics and Sports Medicine,25,61,0.8042622950819672,2.3281457,43,c3_lora_abstracts_modernbert-large/central_lora
Pathology and Forensic Medicine,77,164,0.9295216978143808,2.7440567,43,c3_lora_abstracts_modernbert-large/central_lora
"Pediatrics, Perinatology and Child Health",24,110,0.8568181818181818,3.4785821,43,c3_lora_abstracts_modernbert-large/central_lora
Pharmacology,56,185,0.8268339768339769,2.8376763,43,c3_lora_abstracts_modernbert-large/central_lora
Physiology,89,264,0.8211184882533196,2.5503056,43,c3_lora_abstracts_modernbert-large/central_lora
Plant Science,110,290,0.8101724137931035,2.4964397,43,c3_lora_abstracts_modernbert-large/central_lora
Pollution,29,90,0.7218390804597702,2.261345,43,c3_lora_abstracts_modernbert-large/central_lora
Polymers and Plastics,26,54,0.6837606837606838,1.6041383,43,c3_lora_abstracts_modernbert-large/central_lora
Psychiatry and Mental health,29,182,0.8483327017809776,5.197455,43,c3_lora_abstracts_modernbert-large/central_lora
"Public Health, Environmental and Occupational Health",41,312,0.81343808630394,4.3395405,43,c3_lora_abstracts_modernbert-large/central_lora
Pulmonary and Respiratory Medicine,118,394,0.8733115374688118,3.1979492,43,c3_lora_abstracts_modernbert-large/central_lora
"Radiology, Nuclear Medicine and Imaging",84,219,0.8616275277234182,2.775487,43,c3_lora_abstracts_modernbert-large/central_lora
"Renewable Energy, Sustainability and the Environment",59,125,0.7476610169491525,1.7290313,43,c3_lora_abstracts_modernbert-large/central_lora
Rheumatology,37,118,0.8205451213925791,2.766348,43,c3_lora_abstracts_modernbert-large/central_lora
Signal Processing,37,59,0.8774622079706826,2.2023647,43,c3_lora_abstracts_modernbert-large/central_lora
Social Psychology,40,123,0.896239837398374,3.1755326,43,c3_lora_abstracts_modernbert-large/central_lora
Sociology and Political Science,96,289,0.8907511534025374,3.1368895,43,c3_lora_abstracts_modernbert-large/central_lora
Statistical and Nonlinear Physics,20,84,0.8056547619047619,2.9269102,43,c3_lora_abstracts_modernbert-large/central_lora
Statistics and Probability,20,86,0.8130813953488372,2.5886364,43,c3_lora_abstracts_modernbert-large/central_lora
Strategy and Management,31,59,0.8687807545106615,2.2115002,43,c3_lora_abstracts_modernbert-large/central_lora
Surgery,131,487,0.8643196388544916,3.2634273,43,c3_lora_abstracts_modernbert-large/central_lora
Water Science and Technology,35,77,0.8660482374768089,2.5090232,43,c3_lora_abstracts_modernbert-large/central_lora
Aerospace Engineering,31,163,0.8383138729467643,3.529761,43,c3_lora_abstracts_modernbert-large/fl_fedavg_lora
Artificial Intelligence,335,323,0.8722332609398826,1.7252834,43,c3_lora_abstracts_modernbert-large/fl_fedavg_lora
Atmospheric Science,21,84,0.8650793650793651,4.0126634,43,c3_lora_abstracts_modernbert-large/fl_fedavg_lora
Automotive Engineering,21,57,0.8462823725981621,2.5578084,43,c3_lora_abstracts_modernbert-large/fl_fedavg_lora
Biochemistry,23,64,0.6480978260869565,1.7014735,43,c3_lora_abstracts_modernbert-large/fl_fedavg_lora
Biomaterials,36,86,0.6511627906976745,1.4789519,43,c3_lora_abstracts_modernbert-large/fl_fedavg_lora
Biomedical Engineering,152,334,0.7914828238260321,2.186094,43,c3_lora_abstracts_modernbert-large/fl_fedavg_lora
Building and Construction,55,89,0.8567926455566905,2.1460936,43,c3_lora_abstracts_modernbert-large/fl_fedavg_lora
Business and International Management,54,20,0.787037037037037,1.241137,43,c3_lora_abstracts_modernbert-large/fl_fedavg_lora
Cancer Research,506,282,0.829405292518151,1.3563164,43,c3_lora_abstracts_modernbert-large/fl_fedavg_lora
Cardiology and Cardiovascular Medicine,75,224,0.8047916666666666,2.6541083,43,c3_lora_abstracts_modernbert-large/fl_fedavg_lora
Cell Biology,53,101,0.8111339435830375,2.1068876,43,c3_lora_abstracts_modernbert-large/fl_fedavg_lora
Cellular and Molecular Neuroscience,36,113,0.7321779744346116,1.8856072,43,c3_lora_abstracts_modernbert-large/fl_fedavg_lora
Civil and Structural Engineering,59,241,0.8678528729165201,3.3599045,43,c3_lora_abstracts_modernbert-large/fl_fedavg_lora
Clinical Psychology,40,163,0.7947085889570553,3.0215466,43,c3_lora_abstracts_modernbert-large/fl_fedavg_lora
Cognitive Neuroscience,39,183,0.7793190416141236,3.319013,43,c3_lora_abstracts_modernbert-large/fl_fedavg_lora
Complementary and alternative medicine,52,79,0.8650194741966893,2.1206098,43,c3_lora_abstracts_modernbert-large/fl_fedavg_lora
Computational Mechanics,24,121,0.8011363636363636,3.5652728,43,c3_lora_abstracts_modernbert-large/fl_fedavg_lora
Computational Theory and Mathematics,35,101,0.7565770862800565,2.1298666,43,c3_lora_abstracts_modernbert-large/fl_fedavg_lora
Computer Graphics and Computer-Aided Design,42,26,0.8237179487179488,1.4397281,43,c3_lora_abstracts_modernbert-large/fl_fedavg_lora
Computer Networks and Communications,168,152,0.8553414786967418,1.6365288,43,c3_lora_abstracts_modernbert-large/fl_fedavg_lora
Computer Vision and Pattern Recognition,165,196,0.8254638218923933,1.8126744,43,c3_lora_abstracts_modernbert-large/fl_fedavg_lora
Control and Systems Engineering,76,147,0.83015574650913,2.1067178,43,c3_lora_abstracts_modernbert-large/fl_fedavg_lora
Economics and Econometrics,111,206,0.8971617248316277,2.2386808,43,c3_lora_abstracts_modernbert-large/fl_fedavg_lora
Education,95,101,0.9152162584679521,1.8937762,43,c3_lora_abstracts_modernbert-large/fl_fedavg_lora
Electrical and Electronic Engineering,154,429,0.7844503980867616,2.3696363,43,c3_lora_abstracts_modernbert-large/fl_fedavg_lora
"Electronic, Optical and Magnetic Materials",30,105,0.6333333333333333,1.7394031,43,c3_lora_abstracts_modernbert-large/fl_fedavg_lora
"Endocrinology, Diabetes and Metabolism",34,123,0.8267575322812051,3.2521307,43,c3_lora_abstracts_modernbert-large/fl_fedavg_lora
Environmental Engineering,29,80,0.8825431034482759,3.0346673,43,c3_lora_abstracts_modernbert-large/fl_fedavg_lora
Epidemiology,93,388,0.8485894025052655,3.3847988,43,c3_lora_abstracts_modernbert-large/fl_fedavg_lora
Experimental and Cognitive Psychology,24,81,0.8140432098765433,2.803646,43,c3_lora_abstracts_modernbert-large/fl_fedavg_lora
Food Science,23,91,0.7568084089823219,2.7454493,43,c3_lora_abstracts_modernbert-large/fl_fedavg_lora
General Health Professions,21,177,0.8999192897497982,6.9602933,43,c3_lora_abstracts_modernbert-large/fl_fedavg_lora
Genetics,99,281,0.8288400014378662,2.440453,43,c3_lora_abstracts_modernbert-large/fl_fedavg_lora
Global and Planetary Change,46,107,0.8186712718407152,2.5874276,43,c3_lora_abstracts_modernbert-large/fl_fedavg_lora
Health Information Management,32,25,0.826875,1.5223626,43,c3_lora_abstracts_modernbert-large/fl_fedavg_lora
"Health, Toxicology and Mutagenesis",28,91,0.7290031397174255,2.2252207,43,c3_lora_abstracts_modernbert-large/fl_fedavg_lora
Hematology,22,78,0.8936480186480187,2.7517257,43,c3_lora_abstracts_modernbert-large/fl_fedavg_lora
Immunology,113,214,0.8162889752708626,2.1325479,43,c3_lora_abstracts_modernbert-large/fl_fedavg_lora
Industrial and Manufacturing Engineering,140,119,0.9195678271308523,1.723508,43,c3_lora_abstracts_modernbert-large/fl_fedavg_lora
Infectious Diseases,29,180,0.7347701149425288,2.4922078,43,c3_lora_abstracts_modernbert-large/fl_fedavg_lora
Information Systems,164,147,0.859776837564294,1.6469014,43,c3_lora_abstracts_modernbert-large/fl_fedavg_lora
Inorganic Chemistry,67,89,0.8518363239979876,1.9744574,43,c3_lora_abstracts_modernbert-large/fl_fedavg_lora
Management Information Systems,24,40,0.8916666666666667,2.2392857,43,c3_lora_abstracts_modernbert-large/fl_fedavg_lora
Management Science and Operations Research,162,133,0.8164624524273647,1.5209073,43,c3_lora_abstracts_modernbert-large/fl_fedavg_lora
"Management, Monitoring, Policy and Law",21,44,0.8106060606060606,2.274234,43,c3_lora_abstracts_modernbert-large/fl_fedavg_lora
Marketing,21,31,0.7741935483870968,1.5128098,43,c3_lora_abstracts_modernbert-large/fl_fedavg_lora
Materials Chemistry,140,349,0.7008902988129349,1.7502613,43,c3_lora_abstracts_modernbert-large/fl_fedavg_lora
Mechanical Engineering,82,298,0.7789941070551645,2.4338527,43,c3_lora_abstracts_modernbert-large/fl_fedavg_lora
Mechanics of Materials,29,179,0.7934887304950876,3.1945863,43,c3_lora_abstracts_modernbert-large/fl_fedavg_lora
Media Technology,34,31,0.8235294117647058,1.6124076,43,c3_lora_abstracts_modernbert-large/fl_fedavg_lora
Molecular Biology,564,991,0.8279336725565551,2.0346632,43,c3_lora_abstracts_modernbert-large/fl_fedavg_lora
Nephrology,28,68,0.9078256302521008,2.8891983,43,c3_lora_abstracts_modernbert-large/fl_fedavg_lora
Neurology,109,237,0.8693531529439089,2.4508424,43,c3_lora_abstracts_modernbert-large/fl_fedavg_lora
Obstetrics and Gynecology,23,71,0.7841396203306797,2.5888202,43,c3_lora_abstracts_modernbert-large/fl_fedavg_lora
Ocean Engineering,31,87,0.7958843159065628,2.607529,43,c3_lora_abstracts_modernbert-large/fl_fedavg_lora
Oncology,135,327,0.8135236153584777,2.3235967,43,c3_lora_abstracts_modernbert-large/fl_fedavg_lora
Organic Chemistry,61,179,0.7435204689074091,2.1802123,43,c3_lora_abstracts_modernbert-large/fl_fedavg_lora
Organizational Behavior and Human Resource Management,22,43,0.8054968287526427,2.1274657,43,c3_lora_abstracts_modernbert-large/fl_fedavg_lora
Orthopedics and Sports Medicine,25,61,0.7849180327868852,2.1686857,43,c3_lora_abstracts_modernbert-large/fl_fedavg_lora
Pathology and Forensic Medicine,77,164,0.9062796959138422,2.5987246,43,c3_lora_abstracts_modernbert-large/fl_fedavg_lora
"Pediatrics, Perinatology and Child Health",24,110,0.8428030303030303,3.592836,43,c3_lora_abstracts_modernbert-large/fl_fedavg_lora
Pharmacology,56,185,0.7977799227799227,2.4343052,43,c3_lora_abstracts_modernbert-large/fl_fedavg_lora
Physiology,89,264,0.7964334354783792,2.4364102,43,c3_lora_abstracts_modernbert-large/fl_fedavg_lora
Plant Science,110,290,0.7593260188087774,2.1691673,43,c3_lora_abstracts_modernbert-large/fl_fedavg_lora
Pollution,29,90,0.7247126436781609,2.2590897,43,c3_lora_abstracts_modernbert-large/fl_fedavg_lora
Polymers and Plastics,26,54,0.6883903133903133,1.5857574,43,c3_lora_abstracts_modernbert-large/fl_fedavg_lora
Psychiatry and Mental health,29,182,0.8234179613489958,4.8202014,43,c3_lora_abstracts_modernbert-large/fl_fedavg_lora
"Public Health, Environmental and Occupational Health",41,312,0.7818558474046279,3.8172557,43,c3_lora_abstracts_modernbert-large/fl_fedavg_lora
Pulmonary and Respiratory Medicine,118,394,0.8307128108061602,2.9870257,43,c3_lora_abstracts_modernbert-large/fl_fedavg_lora
"Radiology, Nuclear Medicine and Imaging",84,219,0.8616003479017178,2.6966972,43,c3_lora_abstracts_modernbert-large/fl_fedavg_lora
"Renewable Energy, Sustainability and the Environment",59,125,0.732677966101695,1.6253127,43,c3_lora_abstracts_modernbert-large/fl_fedavg_lora
Rheumatology,37,118,0.7841273476866697,2.5890353,43,c3_lora_abstracts_modernbert-large/fl_fedavg_lora
Signal Processing,37,59,0.8586807146129181,2.1567855,43,c3_lora_abstracts_modernbert-large/fl_fedavg_lora
Social Psychology,40,123,0.8711382113821139,3.0309784,43,c3_lora_abstracts_modernbert-large/fl_fedavg_lora
Sociology and Political Science,96,289,0.8855788638985005,3.055953,43,c3_lora_abstracts_modernbert-large/fl_fedavg_lora
Statistical and Nonlinear Physics,20,84,0.8285714285714286,3.1686327,43,c3_lora_abstracts_modernbert-large/fl_fedavg_lora
Statistics and Probability,20,86,0.7877906976744187,2.5387874,43,c3_lora_abstracts_modernbert-large/fl_fedavg_lora
Strategy and Management,31,59,0.8258611262985238,2.0714266,43,c3_lora_abstracts_modernbert-large/fl_fedavg_lora
Surgery,131,487,0.8401648980359577,3.1256995,43,c3_lora_abstracts_modernbert-large/fl_fedavg_lora
Water Science and Technology,35,77,0.8233766233766233,2.3488843,43,c3_lora_abstracts_modernbert-large/fl_fedavg_lora
Aerospace Engineering,31,163,0.8263407876509005,3.5408385,43,c3_lora_abstracts_modernbert-large/fl_fedavg_lora_ft__personal
Artificial Intelligence,335,323,0.8978143339032392,1.7907966,43,c3_lora_abstracts_modernbert-large/fl_fedavg_lora_ft__personal
Atmospheric Science,21,84,0.8883219954648526,4.0238147,43,c3_lora_abstracts_modernbert-large/fl_fedavg_lora_ft__personal
Automotive Engineering,21,57,0.837092731829574,2.582029,43,c3_lora_abstracts_modernbert-large/fl_fedavg_lora_ft__personal
Biochemistry,23,64,0.7639266304347827,2.0680175,43,c3_lora_abstracts_modernbert-large/fl_fedavg_lora_ft__personal
Biomaterials,36,86,0.7435400516795866,1.8640985,43,c3_lora_abstracts_modernbert-large/fl_fedavg_lora_ft__personal
Biomedical Engineering,152,334,0.8369937756066814,2.3052208,43,c3_lora_abstracts_modernbert-large/fl_fedavg_lora_ft__personal
Building and Construction,55,89,0.898467824310521,2.291904,43,c3_lora_abstracts_modernbert-large/fl_fedavg_lora_ft__personal
Business and International Management,54,20,0.7953703703703704,1.2585056,43,c3_lora_abstracts_modernbert-large/fl_fedavg_lora_ft__personal
Cancer Research,506,282,0.8979375157682281,1.4531496,43,c3_lora_abstracts_modernbert-large/fl_fedavg_lora_ft__personal
Cardiology and Cardiovascular Medicine,75,224,0.8330357142857143,2.8919752,43,c3_lora_abstracts_modernbert-large/fl_fedavg_lora_ft__personal
Cell Biology,53,101,0.8419577806837287,2.226496,43,c3_lora_abstracts_modernbert-large/fl_fedavg_lora_ft__personal
Cellular and Molecular Neuroscience,36,113,0.7637659783677484,1.8758034,43,c3_lora_abstracts_modernbert-large/fl_fedavg_lora_ft__personal
Civil and Structural Engineering,59,241,0.8958435895632605,3.7630377,43,c3_lora_abstracts_modernbert-large/fl_fedavg_lora_ft__personal
Clinical Psychology,40,163,0.8200153374233129,3.4007196,43,c3_lora_abstracts_modernbert-large/fl_fedavg_lora_ft__personal
Cognitive Neuroscience,39,183,0.8128765587781981,3.4065082,43,c3_lora_abstracts_modernbert-large/fl_fedavg_lora_ft__personal
Complementary and alternative medicine,52,79,0.9078627069133398,2.232478,43,c3_lora_abstracts_modernbert-large/fl_fedavg_lora_ft__personal
Computational Mechanics,24,121,0.8228305785123967,3.584173,43,c3_lora_abstracts_modernbert-large/fl_fedavg_lora_ft__personal
Computational Theory and Mathematics,35,101,0.814002828854314,2.3853214,43,c3_lora_abstracts_modernbert-large/fl_fedavg_lora_ft__personal
Computer Graphics and Computer-Aided Design,42,26,0.8951465201465202,1.5266318,43,c3_lora_abstracts_modernbert-large/fl_fedavg_lora_ft__personal
Computer Networks and Communications,168,152,0.8667958959899749,1.6643806,43,c3_lora_abstracts_modernbert-large/fl_fedavg_lora_ft__personal
Computer Vision and Pattern Recognition,165,196,0.8571119356833643,1.8956288,43,c3_lora_abstracts_modernbert-large/fl_fedavg_lora_ft__personal
Control and Systems Engineering,76,147,0.8466702470461869,2.263738,43,c3_lora_abstracts_modernbert-large/fl_fedavg_lora_ft__personal
Economics and Econometrics,111,206,0.9441310242281116,2.574698,43,c3_lora_abstracts_modernbert-large/fl_fedavg_lora_ft__personal
Education,95,101,0.9574257425742575,1.972609,43,c3_lora_abstracts_modernbert-large/fl_fedavg_lora_ft__personal
Electrical and Electronic Engineering,154,429,0.8145490872763601,2.6349602,43,c3_lora_abstracts_modernbert-large/fl_fedavg_lora_ft__personal
"Electronic, Optical and Magnetic Materials",30,105,0.7365079365079364,2.0109415,43,c3_lora_abstracts_modernbert-large/fl_fedavg_lora_ft__personal
"Endocrinology, Diabetes and Metabolism",34,123,0.8474414155906265,3.5578542,43,c3_lora_abstracts_modernbert-large/fl_fedavg_lora_ft__personal
Environmental Engineering,29,80,0.8999999999999999,3.0757673,43,c3_lora_abstracts_modernbert-large/fl_fedavg_lora_ft__personal
Epidemiology,93,388,0.8720069837046891,3.5934067,43,c3_lora_abstracts_modernbert-large/fl_fedavg_lora_ft__personal
Experimental and Cognitive Psychology,24,81,0.852366255144033,3.0419757,43,c3_lora_abstracts_modernbert-large/fl_fedavg_lora_ft__personal
Food Science,23,91,0.8356426182513138,3.4928837,43,c3_lora_abstracts_modernbert-large/fl_fedavg_lora_ft__personal
General Health Professions,21,177,0.9230562281409739,7.280719,43,c3_lora_abstracts_modernbert-large/fl_fedavg_lora_ft__personal
Genetics,99,281,0.8681296955318307,2.764116,43,c3_lora_abstracts_modernbert-large/fl_fedavg_lora_ft__personal
Global and Planetary Change,46,107,0.8531084924827307,2.6875033,43,c3_lora_abstracts_modernbert-large/fl_fedavg_lora_ft__personal
Health Information Management,32,25,0.87875,1.621297,43,c3_lora_abstracts_modernbert-large/fl_fedavg_lora_ft__personal
"Health, Toxicology and Mutagenesis",28,91,0.7741365777080063,2.3847253,43,c3_lora_abstracts_modernbert-large/fl_fedavg_lora_ft__personal
Hematology,22,78,0.921911421911422,3.2031314,43,c3_lora_abstracts_modernbert-large/fl_fedavg_lora_ft__personal
Immunology,113,214,0.8648788354974775,2.3268378,43,c3_lora_abstracts_modernbert-large/fl_fedavg_lora_ft__personal
Industrial and Manufacturing Engineering,140,119,0.946578631452581,1.7691519,43,c3_lora_abstracts_modernbert-large/fl_fedavg_lora_ft__personal
Infectious Diseases,29,180,0.8200191570881227,3.4222648,43,c3_lora_abstracts_modernbert-large/fl_fedavg_lora_ft__personal
Information Systems,164,147,0.8997635639621702,1.7295299,43,c3_lora_abstracts_modernbert-large/fl_fedavg_lora_ft__personal
Inorganic Chemistry,67,89,0.8767398960254905,2.0512388,43,c3_lora_abstracts_modernbert-large/fl_fedavg_lora_ft__personal
Management Information Systems,24,40,0.8833333333333333,2.2681224,43,c3_lora_abstracts_modernbert-large/fl_fedavg_lora_ft__personal
Management Science and Operations Research,162,133,0.8762647359138587,1.6261952,43,c3_lora_abstracts_modernbert-large/fl_fedavg_lora_ft__personal
"Management, Monitoring, Policy and Law",21,44,0.8538961038961039,2.450728,43,c3_lora_abstracts_modernbert-large/fl_fedavg_lora_ft__personal
Marketing,21,31,0.869431643625192,2.1313653,43,c3_lora_abstracts_modernbert-large/fl_fedavg_lora_ft__personal
Materials Chemistry,140,349,0.7891322144903807,2.271245,43,c3_lora_abstracts_modernbert-large/fl_fedavg_lora_ft__personal
Mechanical Engineering,82,298,0.7791782615812735,2.789949,43,c3_lora_abstracts_modernbert-large/fl_fedavg_lora_ft__personal
Mechanics of Materials,29,179,0.8663070699287228,4.8391356,43,c3_lora_abstracts_modernbert-large/fl_fedavg_lora_ft__personal
Media Technology,34,31,0.8776091081593929,1.7445694,43,c3_lora_abstracts_modernbert-large/fl_fedavg_lora_ft__personal
Molecular Biology,564,991,0.8694384209659989,2.2173374,43,c3_lora_abstracts_modernbert-large/fl_fedavg_lora_ft__personal
Nephrology,28,68,0.9432773109243698,2.9985683,43,c3_lora_abstracts_modernbert-large/fl_fedavg_lora_ft__personal
Neurology,109,237,0.9010374327410676,2.6687844,43,c3_lora_abstracts_modernbert-large/fl_fedavg_lora_ft__personal
Obstetrics and Gynecology,23,71,0.8573178199632578,2.9613376,43,c3_lora_abstracts_modernbert-large/fl_fedavg_lora_ft__personal
Ocean Engineering,31,87,0.8196143863552096,2.7156806,43,c3_lora_abstracts_modernbert-large/fl_fedavg_lora_ft__personal
Oncology,135,327,0.844048023558727,2.4781382,43,c3_lora_abstracts_modernbert-large/fl_fedavg_lora_ft__personal
Organic Chemistry,61,179,0.8022712702628446,2.667669,43,c3_lora_abstracts_modernbert-large/fl_fedavg_lora_ft__personal
Organizational Behavior and Human Resource Management,22,43,0.86892177589852,2.366175,43,c3_lora_abstracts_modernbert-large/fl_fedavg_lora_ft__personal
Orthopedics and Sports Medicine,25,61,0.8249180327868852,2.276162,43,c3_lora_abstracts_modernbert-large/fl_fedavg_lora_ft__personal
Pathology and Forensic Medicine,77,164,0.9292049414000634,2.7553318,43,c3_lora_abstracts_modernbert-large/fl_fedavg_lora_ft__personal
"Pediatrics, Perinatology and Child Health",24,110,0.88125,3.737171,43,c3_lora_abstracts_modernbert-large/fl_fedavg_lora_ft__personal
Pharmacology,56,185,0.8758204633204633,3.0887752,43,c3_lora_abstracts_modernbert-large/fl_fedavg_lora_ft__personal
Physiology,89,264,0.8334822948586993,2.6172545,43,c3_lora_abstracts_modernbert-large/fl_fedavg_lora_ft__personal
Plant Science,110,290,0.8505956112852664,2.6308043,43,c3_lora_abstracts_modernbert-large/fl_fedavg_lora_ft__personal
Pollution,29,90,0.774712643678161,2.6154056,43,c3_lora_abstracts_modernbert-large/fl_fedavg_lora_ft__personal
Polymers and Plastics,26,54,0.6805555555555555,1.673667,43,c3_lora_abstracts_modernbert-large/fl_fedavg_lora_ft__personal
Psychiatry and Mental health,29,182,0.8812997347480107,4.990863,43,c3_lora_abstracts_modernbert-large/fl_fedavg_lora_ft__personal
"Public Health, Environmental and Occupational Health",41,312,0.8307145090681676,4.6354256,43,c3_lora_abstracts_modernbert-large/fl_fedavg_lora_ft__personal
Pulmonary and Respiratory Medicine,118,394,0.8761399810720124,3.3415565,43,c3_lora_abstracts_modernbert-large/fl_fedavg_lora_ft__personal
"Radiology, Nuclear Medicine and Imaging",84,219,0.8776908023483366,2.812839,43,c3_lora_abstracts_modernbert-large/fl_fedavg_lora_ft__personal
"Renewable Energy, Sustainability and the Environment",59,125,0.812677966101695,1.9901854,43,c3_lora_abstracts_modernbert-large/fl_fedavg_lora_ft__personal
Rheumatology,37,118,0.8400137425561154,2.9188387,43,c3_lora_abstracts_modernbert-large/fl_fedavg_lora_ft__personal
Signal Processing,37,59,0.8735684837379752,2.2140934,43,c3_lora_abstracts_modernbert-large/fl_fedavg_lora_ft__personal
Social Psychology,40,123,0.8895325203252032,3.1324499,43,c3_lora_abstracts_modernbert-large/fl_fedavg_lora_ft__personal
Sociology and Political Science,96,289,0.9055291234140714,3.2860518,43,c3_lora_abstracts_modernbert-large/fl_fedavg_lora_ft__personal
Statistical and Nonlinear Physics,20,84,0.8517857142857144,3.353101,43,c3_lora_abstracts_modernbert-large/fl_fedavg_lora_ft__personal
Statistics and Probability,20,86,0.7668604651162791,2.8523736,43,c3_lora_abstracts_modernbert-large/fl_fedavg_lora_ft__personal
Strategy and Management,31,59,0.8542919628212138,2.2521024,43,c3_lora_abstracts_modernbert-large/fl_fedavg_lora_ft__personal
Surgery,131,487,0.8709735567503174,3.40578,43,c3_lora_abstracts_modernbert-large/fl_fedavg_lora_ft__personal
Water Science and Technology,35,77,0.887012987012987,2.5397453,43,c3_lora_abstracts_modernbert-large/fl_fedavg_lora_ft__personal
Aerospace Engineering,31,163,0.8487037403522659,3.6545718,43,c3_lora_abstracts_modernbert-large/local_lora__personal
Artificial Intelligence,335,323,0.8819878933505845,1.7501392,43,c3_lora_abstracts_modernbert-large/local_lora__personal
Atmospheric Science,21,84,0.8823696145124716,4.008583,43,c3_lora_abstracts_modernbert-large/local_lora__personal
Automotive Engineering,21,57,0.8157894736842105,2.5694883,43,c3_lora_abstracts_modernbert-large/local_lora__personal
Biochemistry,23,64,0.7370923913043479,1.8955786,43,c3_lora_abstracts_modernbert-large/local_lora__personal
Biomaterials,36,86,0.7236757105943152,1.9488086,43,c3_lora_abstracts_modernbert-large/local_lora__personal
Biomedical Engineering,152,334,0.8065218247715096,2.2051747,43,c3_lora_abstracts_modernbert-large/local_lora__personal
Building and Construction,55,89,0.8730337078651684,2.1726112,43,c3_lora_abstracts_modernbert-large/local_lora__personal
Business and International Management,54,20,0.7999999999999999,1.2653028,43,c3_lora_abstracts_modernbert-large/local_lora__personal
Cancer Research,506,282,0.8876706472682421,1.4416227,43,c3_lora_abstracts_modernbert-large/local_lora__personal
Cardiology and Cardiovascular Medicine,75,224,0.8257738095238095,2.7943645,43,c3_lora_abstracts_modernbert-large/local_lora__personal
Cell Biology,53,101,0.7975901363721277,2.0309184,43,c3_lora_abstracts_modernbert-large/local_lora__personal
Cellular and Molecular Neuroscience,36,113,0.7095624385447394,1.8208842,43,c3_lora_abstracts_modernbert-large/local_lora__personal
Civil and Structural Engineering,59,241,0.9114916660805964,3.86234,43,c3_lora_abstracts_modernbert-large/local_lora__personal
Clinical Psychology,40,163,0.8305981595092025,3.1728568,43,c3_lora_abstracts_modernbert-large/local_lora__personal
Cognitive Neuroscience,39,183,0.7913689225164636,3.309239,43,c3_lora_abstracts_modernbert-large/local_lora__personal
Complementary and alternative medicine,52,79,0.8876582278481013,2.1407454,43,c3_lora_abstracts_modernbert-large/local_lora__personal
Computational Mechanics,24,121,0.8204201101928374,3.1915345,43,c3_lora_abstracts_modernbert-large/local_lora__personal
Computational Theory and Mathematics,35,101,0.8243281471004245,2.6721015,43,c3_lora_abstracts_modernbert-large/local_lora__personal
Computer Graphics and Computer-Aided Design,42,26,0.8621794871794872,1.4887654,43,c3_lora_abstracts_modernbert-large/local_lora__personal
Computer Networks and Communications,168,152,0.8502506265664159,1.6184409,43,c3_lora_abstracts_modernbert-large/local_lora__personal
Computer Vision and Pattern Recognition,165,196,0.8617810760667904,1.9055227,43,c3_lora_abstracts_modernbert-large/local_lora__personal
Control and Systems Engineering,76,147,0.8389724310776943,2.2510786,43,c3_lora_abstracts_modernbert-large/local_lora__personal
Economics and Econometrics,111,206,0.9428408991515788,2.5820866,43,c3_lora_abstracts_modernbert-large/local_lora__personal
Education,95,101,0.9357477853048463,1.9154133,43,c3_lora_abstracts_modernbert-large/local_lora__personal
Electrical and Electronic Engineering,154,429,0.8099779008869918,2.499292,43,c3_lora_abstracts_modernbert-large/local_lora__personal
"Electronic, Optical and Magnetic Materials",30,105,0.7266666666666667,1.8842229,43,c3_lora_abstracts_modernbert-large/local_lora__personal
"Endocrinology, Diabetes and Metabolism",34,123,0.8561692969870874,3.2707212,43,c3_lora_abstracts_modernbert-large/local_lora__personal
Environmental Engineering,29,80,0.8775862068965518,2.7880802,43,c3_lora_abstracts_modernbert-large/local_lora__personal
Epidemiology,93,388,0.8736004877508038,3.6173215,43,c3_lora_abstracts_modernbert-large/local_lora__personal
Experimental and Cognitive Psychology,24,81,0.8508230452674898,3.0381644,43,c3_lora_abstracts_modernbert-large/local_lora__personal
Food Science,23,91,0.8547539417104634,3.6522741,43,c3_lora_abstracts_modernbert-large/local_lora__personal
General Health Professions,21,177,0.8890234059725585,6.85787,43,c3_lora_abstracts_modernbert-large/local_lora__personal
Genetics,99,281,0.8525288471907689,2.702349,43,c3_lora_abstracts_modernbert-large/local_lora__personal
Global and Planetary Change,46,107,0.842442096708655,2.625908,43,c3_lora_abstracts_modernbert-large/local_lora__personal
Health Information Management,32,25,0.8887499999999999,1.6394267,43,c3_lora_abstracts_modernbert-large/local_lora__personal
"Health, Toxicology and Mutagenesis",28,91,0.7686420722135008,2.4881647,43,c3_lora_abstracts_modernbert-large/local_lora__personal
Hematology,22,78,0.9044289044289044,2.9865258,43,c3_lora_abstracts_modernbert-large/local_lora__personal
Immunology,113,214,0.8633694483500124,2.298046,43,c3_lora_abstracts_modernbert-large/local_lora__personal
Industrial and Manufacturing Engineering,140,119,0.9346038415366147,1.7504828,43,c3_lora_abstracts_modernbert-large/local_lora__personal
Infectious Diseases,29,180,0.7766283524904214,2.911318,43,c3_lora_abstracts_modernbert-large/local_lora__personal
Information Systems,164,147,0.8949726231956197,1.7221726,43,c3_lora_abstracts_modernbert-large/local_lora__personal
Inorganic Chemistry,67,89,0.8915814187489519,2.1159914,43,c3_lora_abstracts_modernbert-large/local_lora__personal
Management Information Systems,24,40,0.8697916666666666,2.2132125,43,c3_lora_abstracts_modernbert-large/local_lora__personal
Management Science and Operations Research,162,133,0.8710897614406385,1.6119618,43,c3_lora_abstracts_modernbert-large/local_lora__personal
"Management, Monitoring, Policy and Law",21,44,0.8235930735930735,2.266231,43,c3_lora_abstracts_modernbert-large/local_lora__personal
Marketing,21,31,0.8125960061443932,2.0211322,43,c3_lora_abstracts_modernbert-large/local_lora__personal
Materials Chemistry,140,349,0.766956610724519,2.1454825,43,c3_lora_abstracts_modernbert-large/local_lora__personal
Mechanical Engineering,82,298,0.7886929120969062,2.7115045,43,c3_lora_abstracts_modernbert-large/local_lora__personal
Mechanics of Materials,29,179,0.8615873627432094,4.552908,43,c3_lora_abstracts_modernbert-large/local_lora__personal
Media Technology,34,31,0.8510436432637571,1.6618052,43,c3_lora_abstracts_modernbert-large/local_lora__personal
Molecular Biology,564,991,0.8596061360757454,2.1921763,43,c3_lora_abstracts_modernbert-large/local_lora__personal
Nephrology,28,68,0.8999474789915967,2.7899864,43,c3_lora_abstracts_modernbert-large/local_lora__personal
Neurology,109,237,0.8842952812294352,2.5894806,43,c3_lora_abstracts_modernbert-large/local_lora__personal
Obstetrics and Gynecology,23,71,0.8585425597060625,2.966868,43,c3_lora_abstracts_modernbert-large/local_lora__personal
Ocean Engineering,31,87,0.8401928068223952,2.7644138,43,c3_lora_abstracts_modernbert-large/local_lora__personal
Oncology,135,327,0.8382829312492921,2.392123,43,c3_lora_abstracts_modernbert-large/local_lora__personal
Organic Chemistry,61,179,0.7764905211099917,2.356803,43,c3_lora_abstracts_modernbert-large/local_lora__personal
Organizational Behavior and Human Resource Management,22,43,0.8794926004228331,2.401097,43,c3_lora_abstracts_modernbert-large/local_lora__personal
Orthopedics and Sports Medicine,25,61,0.7540983606557378,1.9959277,43,c3_lora_abstracts_modernbert-large/local_lora__personal
Pathology and Forensic Medicine,77,164,0.9105955020589166,2.7130623,43,c3_lora_abstracts_modernbert-large/local_lora__personal
"Pediatrics, Perinatology and Child Health",24,110,0.8448863636363636,3.119726,43,c3_lora_abstracts_modernbert-large/local_lora__personal
Pharmacology,56,185,0.8553571428571429,3.020395,43,c3_lora_abstracts_modernbert-large/local_lora__personal
Physiology,89,264,0.8281835205992509,2.6387832,43,c3_lora_abstracts_modernbert-large/local_lora__personal
Plant Science,110,290,0.8134639498432601,2.4521472,43,c3_lora_abstracts_modernbert-large/local_lora__personal
Pollution,29,90,0.7375478927203065,2.440125,43,c3_lora_abstracts_modernbert-large/local_lora__personal
Polymers and Plastics,26,54,0.6616809116809117,1.7115605,43,c3_lora_abstracts_modernbert-large/local_lora__personal
Psychiatry and Mental health,29,182,0.8581849185297462,4.786656,43,c3_lora_abstracts_modernbert-large/local_lora__personal
"Public Health, Environmental and Occupational Health",41,312,0.8095684803001876,3.6085677,43,c3_lora_abstracts_modernbert-large/local_lora__personal
Pulmonary and Respiratory Medicine,118,394,0.86507356104276,3.2879446,43,c3_lora_abstracts_modernbert-large/local_lora__personal
"Radiology, Nuclear Medicine and Imaging",84,219,0.8614100891498153,2.7356203,43,c3_lora_abstracts_modernbert-large/local_lora__personal
"Renewable Energy, Sustainability and the Environment",59,125,0.7882033898305084,2.0058048,43,c3_lora_abstracts_modernbert-large/local_lora__personal
Rheumatology,37,118,0.8369216674301421,2.9291565,43,c3_lora_abstracts_modernbert-large/local_lora__personal
Signal Processing,37,59,0.8687585890975721,2.2238543,43,c3_lora_abstracts_modernbert-large/local_lora__personal
Social Psychology,40,123,0.8846544715447154,3.0679824,43,c3_lora_abstracts_modernbert-large/local_lora__personal
Sociology and Political Science,96,289,0.8840289792387545,3.107615,43,c3_lora_abstracts_modernbert-large/local_lora__personal
Statistical and Nonlinear Physics,20,84,0.8014880952380952,3.133673,43,c3_lora_abstracts_modernbert-large/local_lora__personal
Statistics and Probability,20,86,0.7200581395348837,2.7607858,43,c3_lora_abstracts_modernbert-large/local_lora__personal
Strategy and Management,31,59,0.856478950246036,2.3988495,43,c3_lora_abstracts_modernbert-large/local_lora__personal
Surgery,131,487,0.8518190510525574,3.240405,43,c3_lora_abstracts_modernbert-large/local_lora__personal
Water Science and Technology,35,77,0.8211502782931356,2.2452643,43,c3_lora_abstracts_modernbert-large/local_lora__personal
Aerospace Engineering,31,163,0.856322976449634,3.5758424,43,c3_lora_abstracts_qwen3-1.7b/central_lora
Artificial Intelligence,335,323,0.8905226191026293,1.7679132,43,c3_lora_abstracts_qwen3-1.7b/central_lora
Atmospheric Science,21,84,0.910997732426304,4.2722344,43,c3_lora_abstracts_qwen3-1.7b/central_lora
Automotive Engineering,21,57,0.8939014202172098,2.9293818,43,c3_lora_abstracts_qwen3-1.7b/central_lora
Biochemistry,23,64,0.7068614130434783,1.9015588,43,c3_lora_abstracts_qwen3-1.7b/central_lora
Biomaterials,36,86,0.7086563307493541,1.8056635,43,c3_lora_abstracts_qwen3-1.7b/central_lora
Biomedical Engineering,152,334,0.8536085723290261,2.424441,43,c3_lora_abstracts_qwen3-1.7b/central_lora
Building and Construction,55,89,0.9034729315628192,2.293254,43,c3_lora_abstracts_qwen3-1.7b/central_lora
Business and International Management,54,20,0.7629629629629631,1.237672,43,c3_lora_abstracts_qwen3-1.7b/central_lora
Cancer Research,506,282,0.8680830039525692,1.4225945,43,c3_lora_abstracts_qwen3-1.7b/central_lora
Cardiology and Cardiovascular Medicine,75,224,0.8423809523809523,2.9163435,43,c3_lora_abstracts_qwen3-1.7b/central_lora
Cell Biology,53,101,0.8393424248085185,2.1841638,43,c3_lora_abstracts_qwen3-1.7b/central_lora
Cellular and Molecular Neuroscience,36,113,0.7920353982300886,2.1923718,43,c3_lora_abstracts_qwen3-1.7b/central_lora
Civil and Structural Engineering,59,241,0.8828328293128912,3.77425,43,c3_lora_abstracts_qwen3-1.7b/central_lora
Clinical Psychology,40,163,0.8292944785276073,3.4043007,43,c3_lora_abstracts_qwen3-1.7b/central_lora
Cognitive Neuroscience,39,183,0.7941712204007285,3.4803863,43,c3_lora_abstracts_qwen3-1.7b/central_lora
Complementary and alternative medicine,52,79,0.887049659201558,2.126439,43,c3_lora_abstracts_qwen3-1.7b/central_lora
Computational Mechanics,24,121,0.7718663911845731,3.2148564,43,c3_lora_abstracts_qwen3-1.7b/central_lora
Computational Theory and Mathematics,35,101,0.8444130127298444,2.8073194,43,c3_lora_abstracts_qwen3-1.7b/central_lora
Computer Graphics and Computer-Aided Design,42,26,0.8383699633699634,1.482242,43,c3_lora_abstracts_qwen3-1.7b/central_lora
Computer Networks and Communications,168,152,0.8648770363408522,1.6637776,43,c3_lora_abstracts_qwen3-1.7b/central_lora
Computer Vision and Pattern Recognition,165,196,0.8405380333951764,1.8378702,43,c3_lora_abstracts_qwen3-1.7b/central_lora
Control and Systems Engineering,76,147,0.8498030791263873,2.1967595,43,c3_lora_abstracts_qwen3-1.7b/central_lora
Economics and Econometrics,111,206,0.9260036735764892,2.4734697,43,c3_lora_abstracts_qwen3-1.7b/central_lora
Education,95,101,0.9536216779572694,1.965886,43,c3_lora_abstracts_qwen3-1.7b/central_lora
Electrical and Electronic Engineering,154,429,0.7976795931341386,2.4757075,43,c3_lora_abstracts_qwen3-1.7b/central_lora
"Electronic, Optical and Magnetic Materials",30,105,0.7001587301587302,2.297743,43,c3_lora_abstracts_qwen3-1.7b/central_lora
"Endocrinology, Diabetes and Metabolism",34,123,0.8681252989000477,3.5618124,43,c3_lora_abstracts_qwen3-1.7b/central_lora
Environmental Engineering,29,80,0.9426724137931035,3.2794747,43,c3_lora_abstracts_qwen3-1.7b/central_lora
Epidemiology,93,388,0.8798913645937259,3.6623008,43,c3_lora_abstracts_qwen3-1.7b/central_lora
Experimental and Cognitive Psychology,24,81,0.9192386831275721,3.3070145,43,c3_lora_abstracts_qwen3-1.7b/central_lora
Food Science,23,91,0.8705207835642618,3.4103367,43,c3_lora_abstracts_qwen3-1.7b/central_lora
General Health Professions,21,177,0.9394673123486682,7.6823163,43,c3_lora_abstracts_qwen3-1.7b/central_lora
Genetics,99,281,0.866619936014954,2.823254,43,c3_lora_abstracts_qwen3-1.7b/central_lora
Global and Planetary Change,46,107,0.8474197480698902,2.72188,43,c3_lora_abstracts_qwen3-1.7b/central_lora
Health Information Management,32,25,0.8775,1.6087594,43,c3_lora_abstracts_qwen3-1.7b/central_lora
"Health, Toxicology and Mutagenesis",28,91,0.8076923076923077,2.7286782,43,c3_lora_abstracts_qwen3-1.7b/central_lora
Hematology,22,78,0.9032634032634033,3.157124,43,c3_lora_abstracts_qwen3-1.7b/central_lora
Immunology,113,214,0.8732114796129352,2.3776708,43,c3_lora_abstracts_qwen3-1.7b/central_lora
Industrial and Manufacturing Engineering,140,119,0.916686674669868,1.7118809,43,c3_lora_abstracts_qwen3-1.7b/central_lora
Infectious Diseases,29,180,0.785536398467433,3.6096745,43,c3_lora_abstracts_qwen3-1.7b/central_lora
Information Systems,164,147,0.8849137215861954,1.7087483,43,c3_lora_abstracts_qwen3-1.7b/central_lora
Inorganic Chemistry,67,89,0.8937615294314941,2.112192,43,c3_lora_abstracts_qwen3-1.7b/central_lora
Management Information Systems,24,40,0.8984375,2.2667017,43,c3_lora_abstracts_qwen3-1.7b/central_lora
Management Science and Operations Research,162,133,0.8716002970388935,1.5908474,43,c3_lora_abstracts_qwen3-1.7b/central_lora
"Management, Monitoring, Policy and Law",21,44,0.8896103896103897,2.7052503,43,c3_lora_abstracts_qwen3-1.7b/central_lora
Marketing,21,31,0.8026113671274961,1.8340484,43,c3_lora_abstracts_qwen3-1.7b/central_lora
Materials Chemistry,140,349,0.8054543593941875,2.3930173,43,c3_lora_abstracts_qwen3-1.7b/central_lora
Mechanical Engineering,82,298,0.7512686200687511,2.4223747,43,c3_lora_abstracts_qwen3-1.7b/central_lora
Mechanics of Materials,29,179,0.7988826815642459,3.6908562,43,c3_lora_abstracts_qwen3-1.7b/central_lora
Media Technology,34,31,0.8600569259962049,1.7042146,43,c3_lora_abstracts_qwen3-1.7b/central_lora
Molecular Biology,564,991,0.8677771933214534,2.2039444,43,c3_lora_abstracts_qwen3-1.7b/central_lora
Nephrology,28,68,0.9115021008403361,2.8710065,43,c3_lora_abstracts_qwen3-1.7b/central_lora
Neurology,109,237,0.9125924205473619,2.6393447,43,c3_lora_abstracts_qwen3-1.7b/central_lora
Obstetrics and Gynecology,23,71,0.8349663196570729,2.8613584,43,c3_lora_abstracts_qwen3-1.7b/central_lora
Ocean Engineering,31,87,0.8094178717093066,2.5702546,43,c3_lora_abstracts_qwen3-1.7b/central_lora
Oncology,135,327,0.8381017102729641,2.3982406,43,c3_lora_abstracts_qwen3-1.7b/central_lora
Organic Chemistry,61,179,0.7954025093873065,2.5,43,c3_lora_abstracts_qwen3-1.7b/central_lora
Organizational Behavior and Human Resource Management,22,43,0.8456659619450317,2.1716583,43,c3_lora_abstracts_qwen3-1.7b/central_lora
Orthopedics and Sports Medicine,25,61,0.8268852459016394,2.3188543,43,c3_lora_abstracts_qwen3-1.7b/central_lora
Pathology and Forensic Medicine,77,164,0.9155052264808362,2.6830287,43,c3_lora_abstracts_qwen3-1.7b/central_lora
"Pediatrics, Perinatology and Child Health",24,110,0.8613636363636363,3.3763034,43,c3_lora_abstracts_qwen3-1.7b/central_lora
Pharmacology,56,185,0.85757722007722,2.945601,43,c3_lora_abstracts_qwen3-1.7b/central_lora
Physiology,89,264,0.8412495743956419,2.5750856,43,c3_lora_abstracts_qwen3-1.7b/central_lora
Plant Science,110,290,0.8231034482758621,2.5572484,43,c3_lora_abstracts_qwen3-1.7b/central_lora
Pollution,29,90,0.7557471264367815,2.3546546,43,c3_lora_abstracts_qwen3-1.7b/central_lora
Polymers and Plastics,26,54,0.7321937321937322,1.7823805,43,c3_lora_abstracts_qwen3-1.7b/central_lora
Psychiatry and Mental health,29,182,0.899867374005305,5.225268,43,c3_lora_abstracts_qwen3-1.7b/central_lora
"Public Health, Environmental and Occupational Health",41,312,0.8212945590994372,4.8352504,43,c3_lora_abstracts_qwen3-1.7b/central_lora
Pulmonary and Respiratory Medicine,118,394,0.8904972898563195,3.3515806,43,c3_lora_abstracts_qwen3-1.7b/central_lora
"Radiology, Nuclear Medicine and Imaging",84,219,0.8903837790824093,2.881966,43,c3_lora_abstracts_qwen3-1.7b/central_lora
"Renewable Energy, Sustainability and the Environment",59,125,0.7788474576271186,1.9081197,43,c3_lora_abstracts_qwen3-1.7b/central_lora
Rheumatology,37,118,0.8883417315620706,3.0484338,43,c3_lora_abstracts_qwen3-1.7b/central_lora
Signal Processing,37,59,0.8939532753092074,2.252,43,c3_lora_abstracts_qwen3-1.7b/central_lora
Social Psychology,40,123,0.9213414634146342,3.4304519,43,c3_lora_abstracts_qwen3-1.7b/central_lora
Sociology and Political Science,96,289,0.917711937716263,3.2312343,43,c3_lora_abstracts_qwen3-1.7b/central_lora
Statistical and Nonlinear Physics,20,84,0.8166666666666668,3.1794205,43,c3_lora_abstracts_qwen3-1.7b/central_lora
Statistics and Probability,20,86,0.8502906976744186,3.08783,43,c3_lora_abstracts_qwen3-1.7b/central_lora
Strategy and Management,31,59,0.8638600328048114,2.3318274,43,c3_lora_abstracts_qwen3-1.7b/central_lora
Surgery,131,487,0.8723059078013073,3.3695252,43,c3_lora_abstracts_qwen3-1.7b/central_lora
Water Science and Technology,35,77,0.907977736549165,2.7458148,43,c3_lora_abstracts_qwen3-1.7b/central_lora
Aerospace Engineering,31,163,0.8540471007322383,3.449636,43,c3_lora_abstracts_qwen3-1.7b/fl_fedavg_lora
Artificial Intelligence,335,323,0.8772515133311769,1.7309022,43,c3_lora_abstracts_qwen3-1.7b/fl_fedavg_lora
Atmospheric Science,21,84,0.8588435374149659,4.0484405,43,c3_lora_abstracts_qwen3-1.7b/fl_fedavg_lora
Automotive Engineering,21,57,0.8771929824561403,2.8372812,43,c3_lora_abstracts_qwen3-1.7b/fl_fedavg_lora
Biochemistry,23,64,0.6732336956521738,1.6576663,43,c3_lora_abstracts_qwen3-1.7b/fl_fedavg_lora
Biomaterials,36,86,0.6495478036175711,1.6255143,43,c3_lora_abstracts_qwen3-1.7b/fl_fedavg_lora
Biomedical Engineering,152,334,0.8170895052001259,2.2777452,43,c3_lora_abstracts_qwen3-1.7b/fl_fedavg_lora
Building and Construction,55,89,0.8748723186925436,2.1726143,43,c3_lora_abstracts_qwen3-1.7b/fl_fedavg_lora
Business and International Management,54,20,0.7481481481481482,1.2275422,43,c3_lora_abstracts_qwen3-1.7b/fl_fedavg_lora
Cancer Research,506,282,0.8249726684046759,1.3514633,43,c3_lora_abstracts_qwen3-1.7b/fl_fedavg_lora
Cardiology and Cardiovascular Medicine,75,224,0.8192261904761905,2.75985,43,c3_lora_abstracts_qwen3-1.7b/fl_fedavg_lora
Cell Biology,53,101,0.8281337567719036,2.1449997,43,c3_lora_abstracts_qwen3-1.7b/fl_fedavg_lora
Cellular and Molecular Neuroscience,36,113,0.7463126843657817,1.9675523,43,c3_lora_abstracts_qwen3-1.7b/fl_fedavg_lora
Civil and Structural Engineering,59,241,0.8670440959279837,3.3374496,43,c3_lora_abstracts_qwen3-1.7b/fl_fedavg_lora
Clinical Psychology,40,163,0.8052147239263803,3.139201,43,c3_lora_abstracts_qwen3-1.7b/fl_fedavg_lora
Cognitive Neuroscience,39,183,0.7909485778338238,3.3610637,43,c3_lora_abstracts_qwen3-1.7b/fl_fedavg_lora
Complementary and alternative medicine,52,79,0.8703748782862707,2.0776868,43,c3_lora_abstracts_qwen3-1.7b/fl_fedavg_lora
Computational Mechanics,24,121,0.8044077134986225,3.4580238,43,c3_lora_abstracts_qwen3-1.7b/fl_fedavg_lora
Computational Theory and Mathematics,35,101,0.7613861386138614,2.1106043,43,c3_lora_abstracts_qwen3-1.7b/fl_fedavg_lora
Computer Graphics and Computer-Aided Design,42,26,0.8383699633699634,1.4786528,43,c3_lora_abstracts_qwen3-1.7b/fl_fedavg_lora
Computer Networks and Communications,168,152,0.8626448934837094,1.6510668,43,c3_lora_abstracts_qwen3-1.7b/fl_fedavg_lora
Computer Vision and Pattern Recognition,165,196,0.8250463821892393,1.8062003,43,c3_lora_abstracts_qwen3-1.7b/fl_fedavg_lora
Control and Systems Engineering,76,147,0.8407626208378088,2.1500208,43,c3_lora_abstracts_qwen3-1.7b/fl_fedavg_lora
Economics and Econometrics,111,206,0.8942316102510277,2.2187858,43,c3_lora_abstracts_qwen3-1.7b/fl_fedavg_lora
Education,95,101,0.9500260552371026,1.9641329,43,c3_lora_abstracts_qwen3-1.7b/fl_fedavg_lora
Electrical and Electronic Engineering,154,429,0.7887188569006751,2.3999002,43,c3_lora_abstracts_qwen3-1.7b/fl_fedavg_lora
"Electronic, Optical and Magnetic Materials",30,105,0.6493650793650794,2.1069365,43,c3_lora_abstracts_qwen3-1.7b/fl_fedavg_lora
"Endocrinology, Diabetes and Metabolism",34,123,0.8494739359158298,3.259385,43,c3_lora_abstracts_qwen3-1.7b/fl_fedavg_lora
Environmental Engineering,29,80,0.8967672413793103,3.1938517,43,c3_lora_abstracts_qwen3-1.7b/fl_fedavg_lora
Epidemiology,93,388,0.8603536193326681,3.380984,43,c3_lora_abstracts_qwen3-1.7b/fl_fedavg_lora
Experimental and Cognitive Psychology,24,81,0.8500514403292181,2.9730783,43,c3_lora_abstracts_qwen3-1.7b/fl_fedavg_lora
Food Science,23,91,0.8127090301003345,2.894822,43,c3_lora_abstracts_qwen3-1.7b/fl_fedavg_lora
General Health Professions,21,177,0.9117567931127253,7.0664315,43,c3_lora_abstracts_qwen3-1.7b/fl_fedavg_lora
Genetics,99,281,0.826395628886732,2.5318596,43,c3_lora_abstracts_qwen3-1.7b/fl_fedavg_lora
Global and Planetary Change,46,107,0.8443722064201544,2.730762,43,c3_lora_abstracts_qwen3-1.7b/fl_fedavg_lora
Health Information Management,32,25,0.84625,1.5839081,43,c3_lora_abstracts_qwen3-1.7b/fl_fedavg_lora
"Health, Toxicology and Mutagenesis",28,91,0.7562794348508635,2.4343624,43,c3_lora_abstracts_qwen3-1.7b/fl_fedavg_lora
Hematology,22,78,0.9271561771561772,3.1804934,43,c3_lora_abstracts_qwen3-1.7b/fl_fedavg_lora
Immunology,113,214,0.8401290215863038,2.226153,43,c3_lora_abstracts_qwen3-1.7b/fl_fedavg_lora
Industrial and Manufacturing Engineering,140,119,0.8997599039615847,1.6950711,43,c3_lora_abstracts_qwen3-1.7b/fl_fedavg_lora
Infectious Diseases,29,180,0.7659961685823755,2.7871947,43,c3_lora_abstracts_qwen3-1.7b/fl_fedavg_lora
Information Systems,164,147,0.8708727393396383,1.6719748,43,c3_lora_abstracts_qwen3-1.7b/fl_fedavg_lora
Inorganic Chemistry,67,89,0.8632399798759014,2.024121,43,c3_lora_abstracts_qwen3-1.7b/fl_fedavg_lora
Management Information Systems,24,40,0.8895833333333334,2.1944587,43,c3_lora_abstracts_qwen3-1.7b/fl_fedavg_lora
Management Science and Operations Research,162,133,0.8075744917850181,1.4826518,43,c3_lora_abstracts_qwen3-1.7b/fl_fedavg_lora
"Management, Monitoring, Policy and Law",21,44,0.8576839826839826,2.4146614,43,c3_lora_abstracts_qwen3-1.7b/fl_fedavg_lora
Marketing,21,31,0.7749615975422427,1.7002207,43,c3_lora_abstracts_qwen3-1.7b/fl_fedavg_lora
Materials Chemistry,140,349,0.7071326238231683,1.8879822,43,c3_lora_abstracts_qwen3-1.7b/fl_fedavg_lora
Mechanical Engineering,82,298,0.7750040923228024,2.4646547,43,c3_lora_abstracts_qwen3-1.7b/fl_fedavg_lora
Mechanics of Materials,29,179,0.7822192255827394,3.3011813,43,c3_lora_abstracts_qwen3-1.7b/fl_fedavg_lora
Media Technology,34,31,0.8401328273244781,1.6770331,43,c3_lora_abstracts_qwen3-1.7b/fl_fedavg_lora
Molecular Biology,564,991,0.8418666938617771,2.0892074,43,c3_lora_abstracts_qwen3-1.7b/fl_fedavg_lora
Nephrology,28,68,0.8981092436974789,2.7360084,43,c3_lora_abstracts_qwen3-1.7b/fl_fedavg_lora
Neurology,109,237,0.8884566252467774,2.4575305,43,c3_lora_abstracts_qwen3-1.7b/fl_fedavg_lora
Obstetrics and Gynecology,23,71,0.7887323943661972,2.53755,43,c3_lora_abstracts_qwen3-1.7b/fl_fedavg_lora
Ocean Engineering,31,87,0.8034853540971448,2.5201495,43,c3_lora_abstracts_qwen3-1.7b/fl_fedavg_lora
Oncology,135,327,0.8153131724997168,2.3174417,43,c3_lora_abstracts_qwen3-1.7b/fl_fedavg_lora
Organic Chemistry,61,179,0.7432457184723876,2.1603525,43,c3_lora_abstracts_qwen3-1.7b/fl_fedavg_lora
Organizational Behavior and Human Resource Management,22,43,0.8028541226215645,2.0725076,43,c3_lora_abstracts_qwen3-1.7b/fl_fedavg_lora
Orthopedics and Sports Medicine,25,61,0.7793442622950819,2.2308588,43,c3_lora_abstracts_qwen3-1.7b/fl_fedavg_lora
Pathology and Forensic Medicine,77,164,0.9062796959138423,2.5889864,43,c3_lora_abstracts_qwen3-1.7b/fl_fedavg_lora
"Pediatrics, Perinatology and Child Health",24,110,0.8356060606060606,3.062024,43,c3_lora_abstracts_qwen3-1.7b/fl_fedavg_lora
Pharmacology,56,185,0.7904440154440153,2.3939905,43,c3_lora_abstracts_qwen3-1.7b/fl_fedavg_lora
Physiology,89,264,0.8185010214504598,2.4743173,43,c3_lora_abstracts_qwen3-1.7b/fl_fedavg_lora
Plant Science,110,290,0.7693260188087775,2.236945,43,c3_lora_abstracts_qwen3-1.7b/fl_fedavg_lora
Pollution,29,90,0.7222222222222222,2.3498378,43,c3_lora_abstracts_qwen3-1.7b/fl_fedavg_lora
Polymers and Plastics,26,54,0.7678062678062678,2.0716076,43,c3_lora_abstracts_qwen3-1.7b/fl_fedavg_lora
Psychiatry and Mental health,29,182,0.8851837817355058,5.1947064,43,c3_lora_abstracts_qwen3-1.7b/fl_fedavg_lora
"Public Health, Environmental and Occupational Health",41,312,0.8266103814884302,4.560131,43,c3_lora_abstracts_qwen3-1.7b/fl_fedavg_lora
Pulmonary and Respiratory Medicine,118,394,0.8602017551406693,3.1794703,43,c3_lora_abstracts_qwen3-1.7b/fl_fedavg_lora
"Radiology, Nuclear Medicine and Imaging",84,219,0.8646988475755598,2.6844802,43,c3_lora_abstracts_qwen3-1.7b/fl_fedavg_lora
"Renewable Energy, Sustainability and the Environment",59,125,0.751186440677966,1.6979808,43,c3_lora_abstracts_qwen3-1.7b/fl_fedavg_lora
Rheumatology,37,118,0.7951213925790197,2.6851919,43,c3_lora_abstracts_qwen3-1.7b/fl_fedavg_lora
Signal Processing,37,59,0.8820430600091617,2.1868954,43,c3_lora_abstracts_qwen3-1.7b/fl_fedavg_lora
Social Psychology,40,123,0.8820121951219513,3.123495,43,c3_lora_abstracts_qwen3-1.7b/fl_fedavg_lora
Sociology and Political Science,96,289,0.9026095732410611,3.1315928,43,c3_lora_abstracts_qwen3-1.7b/fl_fedavg_lora
Statistical and Nonlinear Physics,20,84,0.7931547619047619,3.0443354,43,c3_lora_abstracts_qwen3-1.7b/fl_fedavg_lora
Statistics and Probability,20,86,0.8145348837209303,2.9618068,43,c3_lora_abstracts_qwen3-1.7b/fl_fedavg_lora
Strategy and Management,31,59,0.8288682340076545,2.1886733,43,c3_lora_abstracts_qwen3-1.7b/fl_fedavg_lora
Surgery,131,487,0.8423671959496528,3.1327095,43,c3_lora_abstracts_qwen3-1.7b/fl_fedavg_lora
Water Science and Technology,35,77,0.8567717996289425,2.5665736,43,c3_lora_abstracts_qwen3-1.7b/fl_fedavg_lora
Aerospace Engineering,31,163,0.8547397585592716,4.037824,43,c3_lora_abstracts_qwen3-1.7b/fl_fedavg_lora_ft__personal
Artificial Intelligence,335,323,0.9044314033547433,1.7990532,43,c3_lora_abstracts_qwen3-1.7b/fl_fedavg_lora_ft__personal
Atmospheric Science,21,84,0.8905895691609976,4.092965,43,c3_lora_abstracts_qwen3-1.7b/fl_fedavg_lora_ft__personal
Automotive Engineering,21,57,0.8467000835421887,2.8040338,43,c3_lora_abstracts_qwen3-1.7b/fl_fedavg_lora_ft__personal
Biochemistry,23,64,0.7985733695652173,2.2105706,43,c3_lora_abstracts_qwen3-1.7b/fl_fedavg_lora_ft__personal
Biomaterials,36,86,0.7417635658914729,2.0434115,43,c3_lora_abstracts_qwen3-1.7b/fl_fedavg_lora_ft__personal
Biomedical Engineering,152,334,0.8659194768358022,2.4919508,43,c3_lora_abstracts_qwen3-1.7b/fl_fedavg_lora_ft__personal
Building and Construction,55,89,0.9159346271705823,2.3317368,43,c3_lora_abstracts_qwen3-1.7b/fl_fedavg_lora_ft__personal
Business and International Management,54,20,0.7949074074074073,1.2560036,43,c3_lora_abstracts_qwen3-1.7b/fl_fedavg_lora_ft__personal
Cancer Research,506,282,0.8976641998149861,1.4515371,43,c3_lora_abstracts_qwen3-1.7b/fl_fedavg_lora_ft__personal
Cardiology and Cardiovascular Medicine,75,224,0.8391071428571429,2.925403,43,c3_lora_abstracts_qwen3-1.7b/fl_fedavg_lora_ft__personal
Cell Biology,53,101,0.8378479357369699,2.1867628,43,c3_lora_abstracts_qwen3-1.7b/fl_fedavg_lora_ft__personal
Cellular and Molecular Neuroscience,36,113,0.791912487708948,2.1426103,43,c3_lora_abstracts_qwen3-1.7b/fl_fedavg_lora_ft__personal
Civil and Structural Engineering,59,241,0.9034390604121245,3.930506,43,c3_lora_abstracts_qwen3-1.7b/fl_fedavg_lora_ft__personal
Clinical Psychology,40,163,0.8357361963190185,3.5481822,43,c3_lora_abstracts_qwen3-1.7b/fl_fedavg_lora_ft__personal
Cognitive Neuroscience,39,183,0.7984447246742329,3.6094992,43,c3_lora_abstracts_qwen3-1.7b/fl_fedavg_lora_ft__personal
Complementary and alternative medicine,52,79,0.926728334956183,2.2583785,43,c3_lora_abstracts_qwen3-1.7b/fl_fedavg_lora_ft__personal
Computational Mechanics,24,121,0.797176308539945,3.296682,43,c3_lora_abstracts_qwen3-1.7b/fl_fedavg_lora_ft__personal
Computational Theory and Mathematics,35,101,0.8643564356435645,2.7206042,43,c3_lora_abstracts_qwen3-1.7b/fl_fedavg_lora_ft__personal
Computer Graphics and Computer-Aided Design,42,26,0.8823260073260073,1.5067041,43,c3_lora_abstracts_qwen3-1.7b/fl_fedavg_lora_ft__personal
Computer Networks and Communications,168,152,0.8733161027568921,1.6803206,43,c3_lora_abstracts_qwen3-1.7b/fl_fedavg_lora_ft__personal
Computer Vision and Pattern Recognition,165,196,0.8757111935683364,1.9180429,43,c3_lora_abstracts_qwen3-1.7b/fl_fedavg_lora_ft__personal
Control and Systems Engineering,76,147,0.8616630862871464,2.3328285,43,c3_lora_abstracts_qwen3-1.7b/fl_fedavg_lora_ft__personal
Economics and Econometrics,111,206,0.9341817545701041,2.5420754,43,c3_lora_abstracts_qwen3-1.7b/fl_fedavg_lora_ft__personal
Education,95,101,0.964304325169359,1.9766878,43,c3_lora_abstracts_qwen3-1.7b/fl_fedavg_lora_ft__personal
Electrical and Electronic Engineering,154,429,0.8405458178185451,2.732731,43,c3_lora_abstracts_qwen3-1.7b/fl_fedavg_lora_ft__personal
"Electronic, Optical and Magnetic Materials",30,105,0.726984126984127,2.2230208,43,c3_lora_abstracts_qwen3-1.7b/fl_fedavg_lora_ft__personal
"Endocrinology, Diabetes and Metabolism",34,123,0.8620277379244381,3.5806086,43,c3_lora_abstracts_qwen3-1.7b/fl_fedavg_lora_ft__personal
Environmental Engineering,29,80,0.934698275862069,3.3386233,43,c3_lora_abstracts_qwen3-1.7b/fl_fedavg_lora_ft__personal
Epidemiology,93,388,0.8963529542179358,3.7417789,43,c3_lora_abstracts_qwen3-1.7b/fl_fedavg_lora_ft__personal
Experimental and Cognitive Psychology,24,81,0.8814300411522634,3.1278312,43,c3_lora_abstracts_qwen3-1.7b/fl_fedavg_lora_ft__personal
Food Science,23,91,0.9116101290014333,3.6876276,43,c3_lora_abstracts_qwen3-1.7b/fl_fedavg_lora_ft__personal
General Health Professions,21,177,0.9390637610976594,7.8016515,43,c3_lora_abstracts_qwen3-1.7b/fl_fedavg_lora_ft__personal
Genetics,99,281,0.8795427585463171,2.9161716,43,c3_lora_abstracts_qwen3-1.7b/fl_fedavg_lora_ft__personal
Global and Planetary Change,46,107,0.8578829744006502,2.760211,43,c3_lora_abstracts_qwen3-1.7b/fl_fedavg_lora_ft__personal
Health Information Management,32,25,0.9043749999999999,1.6406577,43,c3_lora_abstracts_qwen3-1.7b/fl_fedavg_lora_ft__personal
"Health, Toxicology and Mutagenesis",28,91,0.8277080062794349,2.730513,43,c3_lora_abstracts_qwen3-1.7b/fl_fedavg_lora_ft__personal
Hematology,22,78,0.923951048951049,3.4801152,43,c3_lora_abstracts_qwen3-1.7b/fl_fedavg_lora_ft__personal
Immunology,113,214,0.899346621453974,2.433802,43,c3_lora_abstracts_qwen3-1.7b/fl_fedavg_lora_ft__personal
Industrial and Manufacturing Engineering,140,119,0.9327731092436975,1.7437137,43,c3_lora_abstracts_qwen3-1.7b/fl_fedavg_lora_ft__personal
Infectious Diseases,29,180,0.8295019157088124,3.3301346,43,c3_lora_abstracts_qwen3-1.7b/fl_fedavg_lora_ft__personal
Information Systems,164,147,0.9048033847685416,1.7394311,43,c3_lora_abstracts_qwen3-1.7b/fl_fedavg_lora_ft__personal
Inorganic Chemistry,67,89,0.8921683716250209,2.0911927,43,c3_lora_abstracts_qwen3-1.7b/fl_fedavg_lora_ft__personal
Management Information Systems,24,40,0.8822916666666667,2.2273784,43,c3_lora_abstracts_qwen3-1.7b/fl_fedavg_lora_ft__personal
Management Science and Operations Research,162,133,0.891209505244593,1.644919,43,c3_lora_abstracts_qwen3-1.7b/fl_fedavg_lora_ft__personal
"Management, Monitoring, Policy and Law",21,44,0.8917748917748917,2.647441,43,c3_lora_abstracts_qwen3-1.7b/fl_fedavg_lora_ft__personal
Marketing,21,31,0.8471582181259601,1.9968501,43,c3_lora_abstracts_qwen3-1.7b/fl_fedavg_lora_ft__personal
Materials Chemistry,140,349,0.7977691363078183,2.3610523,43,c3_lora_abstracts_qwen3-1.7b/fl_fedavg_lora_ft__personal
Mechanical Engineering,82,298,0.8072925192339172,2.741075,43,c3_lora_abstracts_qwen3-1.7b/fl_fedavg_lora_ft__personal
Mechanics of Materials,29,179,0.8507031400500866,4.501632,43,c3_lora_abstracts_qwen3-1.7b/fl_fedavg_lora_ft__personal
Media Technology,34,31,0.8723908918406071,1.7331762,43,c3_lora_abstracts_qwen3-1.7b/fl_fedavg_lora_ft__personal
Molecular Biology,564,991,0.87784296254947,2.2690911,43,c3_lora_abstracts_qwen3-1.7b/fl_fedavg_lora_ft__personal
Nephrology,28,68,0.9411764705882353,3.0054097,43,c3_lora_abstracts_qwen3-1.7b/fl_fedavg_lora_ft__personal
Neurology,109,237,0.9270506716215693,2.7469308,43,c3_lora_abstracts_qwen3-1.7b/fl_fedavg_lora_ft__personal
Obstetrics and Gynecology,23,71,0.848132271892223,2.9343932,43,c3_lora_abstracts_qwen3-1.7b/fl_fedavg_lora_ft__personal
Ocean Engineering,31,87,0.8713385242862439,2.8417854,43,c3_lora_abstracts_qwen3-1.7b/fl_fedavg_lora_ft__personal
Oncology,135,327,0.8457809491448636,2.5057023,43,c3_lora_abstracts_qwen3-1.7b/fl_fedavg_lora_ft__personal
Organic Chemistry,61,179,0.7999358915651615,2.6448376,43,c3_lora_abstracts_qwen3-1.7b/fl_fedavg_lora_ft__personal
Organizational Behavior and Human Resource Management,22,43,0.8773784355179705,2.283598,43,c3_lora_abstracts_qwen3-1.7b/fl_fedavg_lora_ft__personal
Orthopedics and Sports Medicine,25,61,0.802622950819672,2.356034,43,c3_lora_abstracts_qwen3-1.7b/fl_fedavg_lora_ft__personal
Pathology and Forensic Medicine,77,164,0.9122188786822933,2.6721065,43,c3_lora_abstracts_qwen3-1.7b/fl_fedavg_lora_ft__personal
"Pediatrics, Perinatology and Child Health",24,110,0.8581439393939394,3.2488978,43,c3_lora_abstracts_qwen3-1.7b/fl_fedavg_lora_ft__personal
Pharmacology,56,185,0.8657818532818532,3.0984526,43,c3_lora_abstracts_qwen3-1.7b/fl_fedavg_lora_ft__personal
Physiology,89,264,0.869084099421178,2.7520092,43,c3_lora_abstracts_qwen3-1.7b/fl_fedavg_lora_ft__personal
Plant Science,110,290,0.8477115987460815,2.6478922,43,c3_lora_abstracts_qwen3-1.7b/fl_fedavg_lora_ft__personal
Pollution,29,90,0.7902298850574714,2.6769485,43,c3_lora_abstracts_qwen3-1.7b/fl_fedavg_lora_ft__personal
Polymers and Plastics,26,54,0.702991452991453,1.969582,43,c3_lora_abstracts_qwen3-1.7b/fl_fedavg_lora_ft__personal
Psychiatry and Mental health,29,182,0.9148351648351648,5.5385256,43,c3_lora_abstracts_qwen3-1.7b/fl_fedavg_lora_ft__personal
"Public Health, Environmental and Occupational Health",41,312,0.8757426516572857,5.230111,43,c3_lora_abstracts_qwen3-1.7b/fl_fedavg_lora_ft__personal
Pulmonary and Respiratory Medicine,118,394,0.9031661361094382,3.545936,43,c3_lora_abstracts_qwen3-1.7b/fl_fedavg_lora_ft__personal
"Radiology, Nuclear Medicine and Imaging",84,219,0.8935909980430528,2.931266,43,c3_lora_abstracts_qwen3-1.7b/fl_fedavg_lora_ft__personal
"Renewable Energy, Sustainability and the Environment",59,125,0.816406779661017,2.1566062,43,c3_lora_abstracts_qwen3-1.7b/fl_fedavg_lora_ft__personal
Rheumatology,37,118,0.8771186440677967,3.1519313,43,c3_lora_abstracts_qwen3-1.7b/fl_fedavg_lora_ft__personal
Signal Processing,37,59,0.9051763628034816,2.3141463,43,c3_lora_abstracts_qwen3-1.7b/fl_fedavg_lora_ft__personal
Social Psychology,40,123,0.9213414634146342,3.4616516,43,c3_lora_abstracts_qwen3-1.7b/fl_fedavg_lora_ft__personal
Sociology and Political Science,96,289,0.916017877739331,3.3112059,43,c3_lora_abstracts_qwen3-1.7b/fl_fedavg_lora_ft__personal
Statistical and Nonlinear Physics,20,84,0.819642857142857,3.1431262,43,c3_lora_abstracts_qwen3-1.7b/fl_fedavg_lora_ft__personal
Statistics and Probability,20,86,0.819186046511628,3.0111809,43,c3_lora_abstracts_qwen3-1.7b/fl_fedavg_lora_ft__personal
Strategy and Management,31,59,0.8698742482230727,2.406481,43,c3_lora_abstracts_qwen3-1.7b/fl_fedavg_lora_ft__personal
Surgery,131,487,0.8688731445052275,3.401635,43,c3_lora_abstracts_qwen3-1.7b/fl_fedavg_lora_ft__personal
Water Science and Technology,35,77,0.9025974025974026,2.6624517,43,c3_lora_abstracts_qwen3-1.7b/fl_fedavg_lora_ft__personal
Accounting,24,47,0.5,1.0,44,topic_only/logreg
Aerospace Engineering,27,181,0.5,1.0,44,topic_only/logreg
Artificial Intelligence,347,321,0.5,1.0,44,topic_only/logreg
Atmospheric Science,30,65,0.5,1.0,44,topic_only/logreg
"Atomic and Molecular Physics, and Optics",24,99,0.5,1.0,44,topic_only/logreg
Automotive Engineering,26,59,0.5,1.0,44,topic_only/logreg
Biomaterials,39,72,0.5,1.0,44,topic_only/logreg
Biomedical Engineering,163,341,0.5,1.0,44,topic_only/logreg
Building and Construction,47,107,0.5,1.0,44,topic_only/logreg
Business and International Management,50,21,0.5,1.0,44,topic_only/logreg
Cancer Research,453,277,0.5,1.0,44,topic_only/logreg
Cardiology and Cardiovascular Medicine,78,233,0.5,1.0,44,topic_only/logreg
Cell Biology,69,107,0.5,1.0,44,topic_only/logreg
Cellular and Molecular Neuroscience,33,108,0.5,1.0,44,topic_only/logreg
Civil and Structural Engineering,57,222,0.5,1.0,44,topic_only/logreg
Clinical Psychology,31,169,0.5,1.0,44,topic_only/logreg
Cognitive Neuroscience,33,180,0.5,1.0,44,topic_only/logreg
Complementary and alternative medicine,46,74,0.5,1.0,44,topic_only/logreg
Computational Mechanics,20,85,0.5,1.0,44,topic_only/logreg
Computational Theory and Mathematics,31,102,0.5,1.0,44,topic_only/logreg
Computer Graphics and Computer-Aided Design,48,27,0.5,1.0,44,topic_only/logreg
Computer Networks and Communications,154,146,0.5,1.0,44,topic_only/logreg
Computer Science Applications,21,23,0.5,1.0,44,topic_only/logreg
Computer Vision and Pattern Recognition,159,208,0.5,1.0,44,topic_only/logreg
Control and Systems Engineering,63,167,0.5,1.0,44,topic_only/logreg
Ecology,21,129,0.5,1.0,44,topic_only/logreg
Economics and Econometrics,108,193,0.5,1.0,44,topic_only/logreg
Education,90,108,0.5,1.0,44,topic_only/logreg
Electrical and Electronic Engineering,160,392,0.5,1.0,44,topic_only/logreg
"Electronic, Optical and Magnetic Materials",44,78,0.5,1.0,44,topic_only/logreg
Endocrine and Autonomic Systems,20,27,0.5,1.0,44,topic_only/logreg
"Endocrinology, Diabetes and Metabolism",46,127,0.5,1.0,44,topic_only/logreg
Environmental Engineering,37,88,0.5,1.0,44,topic_only/logreg
Epidemiology,110,374,0.5,1.0,44,topic_only/logreg
Experimental and Cognitive Psychology,37,64,0.5,1.0,44,topic_only/logreg
Food Science,26,104,0.5,1.0,44,topic_only/logreg
General Health Professions,23,171,0.5,1.0,44,topic_only/logreg
Genetics,98,290,0.5047853624208305,1.0073247,44,topic_only/logreg
Global and Planetary Change,33,118,0.5,1.0,44,topic_only/logreg
Health Information Management,32,23,0.5,1.0,44,topic_only/logreg
Hepatology,20,82,0.5,1.0,44,topic_only/logreg
Human-Computer Interaction,20,26,0.5,1.0,44,topic_only/logreg
Immunology,111,204,0.5,1.0,44,topic_only/logreg
Industrial and Manufacturing Engineering,118,107,0.6236733724061461,1.1340986,44,topic_only/logreg
Infectious Diseases,30,220,0.5,1.0,44,topic_only/logreg
Information Systems,161,141,0.5,1.0,44,topic_only/logreg
Inorganic Chemistry,69,87,0.5,1.0,44,topic_only/logreg
Management Information Systems,26,41,0.5,1.0,44,topic_only/logreg
Management Science and Operations Research,137,124,0.5,1.0,44,topic_only/logreg
Management of Technology and Innovation,27,27,0.5,1.0,44,topic_only/logreg
"Management, Monitoring, Policy and Law",24,51,0.5,1.0,44,topic_only/logreg
Materials Chemistry,130,365,0.5,1.0,44,topic_only/logreg
Mechanical Engineering,75,295,0.5,1.0,44,topic_only/logreg
Mechanics of Materials,30,218,0.5,1.0,44,topic_only/logreg
Media Technology,30,32,0.5,1.0,44,topic_only/logreg
Molecular Biology,614,1001,0.5,1.0,44,topic_only/logreg
Neurology,99,219,0.5868271758682718,1.1548489,44,topic_only/logreg
Nutrition and Dietetics,23,80,0.5,1.0,44,topic_only/logreg
Obstetrics and Gynecology,25,66,0.5,1.0,44,topic_only/logreg
Oncology,148,318,0.5,1.0,44,topic_only/logreg
Organic Chemistry,57,206,0.5,1.0,44,topic_only/logreg
Organizational Behavior and Human Resource Management,20,46,0.5,1.0,44,topic_only/logreg
Orthopedics and Sports Medicine,31,50,0.5,1.0,44,topic_only/logreg
Pathology and Forensic Medicine,77,178,0.5,1.0,44,topic_only/logreg
"Pediatrics, Perinatology and Child Health",26,101,0.5,1.0,44,topic_only/logreg
Pharmacology,67,188,0.5173070816132105,1.0281979,44,topic_only/logreg
Physiology,82,256,0.45269626524390244,0.93375105,44,topic_only/logreg
Plant Science,120,297,0.5,1.0,44,topic_only/logreg
Pollution,26,72,0.5,1.0,44,topic_only/logreg
Psychiatry and Mental health,29,179,0.5,1.0,44,topic_only/logreg
"Public Health, Environmental and Occupational Health",53,312,0.5,1.0,44,topic_only/logreg
Pulmonary and Respiratory Medicine,120,378,0.5,1.0,44,topic_only/logreg
"Radiology, Nuclear Medicine and Imaging",83,216,0.5,1.0,44,topic_only/logreg
"Renewable Energy, Sustainability and the Environment",55,129,0.5,1.0,44,topic_only/logreg
Reproductive Medicine,22,76,0.5,1.0,44,topic_only/logreg
Rheumatology,45,130,0.5,1.0,44,topic_only/logreg
Signal Processing,39,54,0.5,1.0,44,topic_only/logreg
Social Psychology,38,113,0.5,1.0,44,topic_only/logreg
Sociology and Political Science,86,313,0.5,1.0,44,topic_only/logreg
Surgery,134,523,0.5,1.0,44,topic_only/logreg
Water Science and Technology,44,81,0.5,1.0,44,topic_only/logreg
Accounting,24,47,0.5,1.0,44,topic_only/xgb
Aerospace Engineering,27,181,0.5,1.0,44,topic_only/xgb
Artificial Intelligence,347,321,0.5,1.0,44,topic_only/xgb
Atmospheric Science,30,65,0.5,1.0,44,topic_only/xgb
"Atomic and Molecular Physics, and Optics",24,99,0.5,1.0,44,topic_only/xgb
Automotive Engineering,26,59,0.5,1.0,44,topic_only/xgb
Biomaterials,39,72,0.5,1.0,44,topic_only/xgb
Biomedical Engineering,163,341,0.5,1.0,44,topic_only/xgb
Building and Construction,47,107,0.5,1.0,44,topic_only/xgb
Business and International Management,50,21,0.5,1.0,44,topic_only/xgb
Cancer Research,453,277,0.5,1.0,44,topic_only/xgb
Cardiology and Cardiovascular Medicine,78,233,0.5,1.0,44,topic_only/xgb
Cell Biology,69,107,0.5,1.0,44,topic_only/xgb
Cellular and Molecular Neuroscience,33,108,0.5,1.0,44,topic_only/xgb
Civil and Structural Engineering,57,222,0.5,1.0,44,topic_only/xgb
Clinical Psychology,31,169,0.5,1.0,44,topic_only/xgb
Cognitive Neuroscience,33,180,0.5,1.0,44,topic_only/xgb
Complementary and alternative medicine,46,74,0.5,1.0,44,topic_only/xgb
Computational Mechanics,20,85,0.5,1.0,44,topic_only/xgb
Computational Theory and Mathematics,31,102,0.5,1.0,44,topic_only/xgb
Computer Graphics and Computer-Aided Design,48,27,0.5,1.0,44,topic_only/xgb
Computer Networks and Communications,154,146,0.5,1.0,44,topic_only/xgb
Computer Science Applications,21,23,0.5,1.0,44,topic_only/xgb
Computer Vision and Pattern Recognition,159,208,0.5,1.0,44,topic_only/xgb
Control and Systems Engineering,63,167,0.5,1.0,44,topic_only/xgb
Ecology,21,129,0.5,1.0,44,topic_only/xgb
Economics and Econometrics,108,193,0.5,1.0,44,topic_only/xgb
Education,90,108,0.5,1.0,44,topic_only/xgb
Electrical and Electronic Engineering,160,392,0.5,1.0,44,topic_only/xgb
"Electronic, Optical and Magnetic Materials",44,78,0.5,1.0,44,topic_only/xgb
Endocrine and Autonomic Systems,20,27,0.5,1.0,44,topic_only/xgb
"Endocrinology, Diabetes and Metabolism",46,127,0.5,1.0,44,topic_only/xgb
Environmental Engineering,37,88,0.5,1.0,44,topic_only/xgb
Epidemiology,110,374,0.5,1.0,44,topic_only/xgb
Experimental and Cognitive Psychology,37,64,0.5,1.0,44,topic_only/xgb
Food Science,26,104,0.5,1.0,44,topic_only/xgb
General Health Professions,23,171,0.5,1.0,44,topic_only/xgb
Genetics,98,290,0.5047853624208305,1.0073247,44,topic_only/xgb
Global and Planetary Change,33,118,0.5,1.0,44,topic_only/xgb
Health Information Management,32,23,0.5,1.0,44,topic_only/xgb
Hepatology,20,82,0.5,1.0,44,topic_only/xgb
Human-Computer Interaction,20,26,0.5,1.0,44,topic_only/xgb
Immunology,111,204,0.5,1.0,44,topic_only/xgb
Industrial and Manufacturing Engineering,118,107,0.6236733724061461,1.1340986,44,topic_only/xgb
Infectious Diseases,30,220,0.5,1.0,44,topic_only/xgb
Information Systems,161,141,0.5,1.0,44,topic_only/xgb
Inorganic Chemistry,69,87,0.5,1.0,44,topic_only/xgb
Management Information Systems,26,41,0.5,1.0,44,topic_only/xgb
Management Science and Operations Research,137,124,0.5,1.0,44,topic_only/xgb
Management of Technology and Innovation,27,27,0.5,1.0,44,topic_only/xgb
"Management, Monitoring, Policy and Law",24,51,0.5,1.0,44,topic_only/xgb
Materials Chemistry,130,365,0.5,1.0,44,topic_only/xgb
Mechanical Engineering,75,295,0.5,1.0,44,topic_only/xgb
Mechanics of Materials,30,218,0.5,1.0,44,topic_only/xgb
Media Technology,30,32,0.5,1.0,44,topic_only/xgb
Molecular Biology,614,1001,0.5,1.0,44,topic_only/xgb
Neurology,99,219,0.5868271758682718,1.1548489,44,topic_only/xgb
Nutrition and Dietetics,23,80,0.5,1.0,44,topic_only/xgb
Obstetrics and Gynecology,25,66,0.5,1.0,44,topic_only/xgb
Oncology,148,318,0.5,1.0,44,topic_only/xgb
Organic Chemistry,57,206,0.5,1.0,44,topic_only/xgb
Organizational Behavior and Human Resource Management,20,46,0.5,1.0,44,topic_only/xgb
Orthopedics and Sports Medicine,31,50,0.5,1.0,44,topic_only/xgb
Pathology and Forensic Medicine,77,178,0.5,1.0,44,topic_only/xgb
"Pediatrics, Perinatology and Child Health",26,101,0.5,1.0,44,topic_only/xgb
Pharmacology,67,188,0.5173070816132105,1.0281979,44,topic_only/xgb
Physiology,82,256,0.5473037347560976,1.1737411,44,topic_only/xgb
Plant Science,120,297,0.5,1.0,44,topic_only/xgb
Pollution,26,72,0.5,1.0,44,topic_only/xgb
Psychiatry and Mental health,29,179,0.5,1.0,44,topic_only/xgb
"Public Health, Environmental and Occupational Health",53,312,0.5,1.0,44,topic_only/xgb
Pulmonary and Respiratory Medicine,120,378,0.5,1.0,44,topic_only/xgb
"Radiology, Nuclear Medicine and Imaging",83,216,0.5,1.0,44,topic_only/xgb
"Renewable Energy, Sustainability and the Environment",55,129,0.5,1.0,44,topic_only/xgb
Reproductive Medicine,22,76,0.5,1.0,44,topic_only/xgb
Rheumatology,45,130,0.5,1.0,44,topic_only/xgb
Signal Processing,39,54,0.5,1.0,44,topic_only/xgb
Social Psychology,38,113,0.5,1.0,44,topic_only/xgb
Sociology and Political Science,86,313,0.5,1.0,44,topic_only/xgb
Surgery,134,523,0.5,1.0,44,topic_only/xgb
Water Science and Technology,44,81,0.5,1.0,44,topic_only/xgb
Accounting,24,47,0.7384751773049646,1.6643524,44,tabular/central_xgb
Aerospace Engineering,27,181,0.6398608553304685,1.8597238,44,tabular/central_xgb
Artificial Intelligence,347,321,0.7881530160611203,1.4536482,44,tabular/central_xgb
Atmospheric Science,30,65,0.711025641025641,1.7720923,44,tabular/central_xgb
"Atomic and Molecular Physics, and Optics",24,99,0.5913299663299663,1.7551144,44,tabular/central_xgb
Automotive Engineering,26,59,0.665580182529335,2.0484743,44,tabular/central_xgb
Biomaterials,39,72,0.6495726495726496,1.5271094,44,tabular/central_xgb
Biomedical Engineering,163,341,0.6520428908119389,1.6187795,44,tabular/central_xgb
Building and Construction,47,107,0.6050904752435872,1.3102047,44,tabular/central_xgb
Business and International Management,50,21,0.5571428571428572,1.058251,44,tabular/central_xgb
Cancer Research,453,277,0.6776723169244746,1.2001415,44,tabular/central_xgb
Cardiology and Cardiovascular Medicine,78,233,0.6772862330802245,1.9355263,44,tabular/central_xgb
Cell Biology,69,107,0.5871596911824462,1.1769903,44,tabular/central_xgb
Cellular and Molecular Neuroscience,33,108,0.6776094276094277,1.5379258,44,tabular/central_xgb
Civil and Structural Engineering,57,222,0.6229650703334914,1.9928621,44,tabular/central_xgb
Clinical Psychology,31,169,0.7108226760832219,2.724498,44,tabular/central_xgb
Cognitive Neuroscience,33,180,0.7163299663299663,2.4111898,44,tabular/central_xgb
Complementary and alternative medicine,46,74,0.7532314923619271,1.8759025,44,tabular/central_xgb
Computational Mechanics,20,85,0.6541176470588236,1.8583485,44,tabular/central_xgb
Computational Theory and Mathematics,31,102,0.5509171410499684,1.2644515,44,tabular/central_xgb
Computer Graphics and Computer-Aided Design,48,27,0.5208333333333333,1.0154269,44,tabular/central_xgb
Computer Networks and Communications,154,146,0.7373465575520369,1.4429125,44,tabular/central_xgb
Computer Science Applications,21,23,0.7122153209109731,1.2500143,44,tabular/central_xgb
Computer Vision and Pattern Recognition,159,208,0.7213655055636188,1.422939,44,tabular/central_xgb
Control and Systems Engineering,63,167,0.7049710103602319,1.9296817,44,tabular/central_xgb
Ecology,21,129,0.705795496493171,2.1760752,44,tabular/central_xgb
Economics and Econometrics,108,193,0.731433506044905,1.559338,44,tabular/central_xgb
Education,90,108,0.8855967078189301,1.8863858,44,tabular/central_xgb
Electrical and Electronic Engineering,160,392,0.699952168367347,1.7725682,44,tabular/central_xgb
"Electronic, Optical and Magnetic Materials",44,78,0.631118881118881,1.4796252,44,tabular/central_xgb
Endocrine and Autonomic Systems,20,27,0.6444444444444444,1.3813586,44,tabular/central_xgb
"Endocrinology, Diabetes and Metabolism",46,127,0.687949332420404,2.0408738,44,tabular/central_xgb
Environmental Engineering,37,88,0.6618550368550368,1.4258472,44,tabular/central_xgb
Epidemiology,110,374,0.7356830335439961,2.184595,44,tabular/central_xgb
Experimental and Cognitive Psychology,37,64,0.7221283783783784,1.5974604,44,tabular/central_xgb
Food Science,26,104,0.6934171597633135,2.157089,44,tabular/central_xgb
General Health Professions,23,171,0.661581489956776,2.355694,44,tabular/central_xgb
Genetics,98,290,0.6529908515130189,1.5098695,44,tabular/central_xgb
Global and Planetary Change,33,118,0.8048279404211608,2.7590177,44,tabular/central_xgb
Health Information Management,32,23,0.7065217391304348,1.3338841,44,tabular/central_xgb
Hepatology,20,82,0.6829268292682926,2.0544364,44,tabular/central_xgb
Human-Computer Interaction,20,26,0.7038461538461538,1.5303074,44,tabular/central_xgb
Immunology,111,204,0.6932520756050168,1.450142,44,tabular/central_xgb
Industrial and Manufacturing Engineering,118,107,0.8377950261365437,1.55111,44,tabular/central_xgb
Infectious Diseases,30,220,0.6195454545454545,1.8569679,44,tabular/central_xgb
Information Systems,161,141,0.7055636315580812,1.3033345,44,tabular/central_xgb
Inorganic Chemistry,69,87,0.8412460436448442,1.8023762,44,tabular/central_xgb
Management Information Systems,26,41,0.7073170731707317,1.4904596,44,tabular/central_xgb
Management Science and Operations Research,137,124,0.4990875912408759,1.038114,44,tabular/central_xgb
Management of Technology and Innovation,27,27,0.8257887517146776,1.6540852,44,tabular/central_xgb
"Management, Monitoring, Policy and Law",24,51,0.7883986928104575,2.3010485,44,tabular/central_xgb
Materials Chemistry,130,365,0.6488303477344575,1.5696087,44,tabular/central_xgb
Mechanical Engineering,75,295,0.659141242937853,1.7371407,44,tabular/central_xgb
Mechanics of Materials,30,218,0.5351681957186545,1.3086157,44,tabular/central_xgb
Media Technology,30,32,0.6489583333333333,1.4290705,44,tabular/central_xgb
Molecular Biology,614,1001,0.6578104306117336,1.3499659,44,tabular/central_xgb
Neurology,99,219,0.7275725289423919,1.8416196,44,tabular/central_xgb
Nutrition and Dietetics,23,80,0.7070652173913043,2.0823734,44,tabular/central_xgb
Obstetrics and Gynecology,25,66,0.7206060606060605,1.8839103,44,tabular/central_xgb
Oncology,148,318,0.6934280979092299,1.5501884,44,tabular/central_xgb
Organic Chemistry,57,206,0.5309146653040367,1.1942096,44,tabular/central_xgb
Organizational Behavior and Human Resource Management,20,46,0.7,1.7863595,44,tabular/central_xgb
Orthopedics and Sports Medicine,31,50,0.692258064516129,1.7373163,44,tabular/central_xgb
Pathology and Forensic Medicine,77,178,0.6724792061870715,1.480699,44,tabular/central_xgb
"Pediatrics, Perinatology and Child Health",26,101,0.7402894135567403,2.5739162,44,tabular/central_xgb
Pharmacology,67,188,0.7112575420768498,1.884404,44,tabular/central_xgb
Physiology,82,256,0.6659679878048781,1.8964287,44,tabular/central_xgb
Plant Science,120,297,0.687878787878788,1.8860837,44,tabular/central_xgb
Pollution,26,72,0.5956196581196581,1.567393,44,tabular/central_xgb
Psychiatry and Mental health,29,179,0.6728953958774803,2.3545568,44,tabular/central_xgb
"Public Health, Environmental and Occupational Health",53,312,0.675314465408805,2.1706374,44,tabular/central_xgb
Pulmonary and Respiratory Medicine,120,378,0.6964065255731923,1.9972061,44,tabular/central_xgb
"Radiology, Nuclear Medicine and Imaging",83,216,0.6854640785363677,1.7664047,44,tabular/central_xgb
"Renewable Energy, Sustainability and the Environment",55,129,0.6954897815362932,1.8026531,44,tabular/central_xgb
Reproductive Medicine,22,76,0.7703349282296651,2.2127497,44,tabular/central_xgb
Rheumatology,45,130,0.6547008547008547,1.3926506,44,tabular/central_xgb
Signal Processing,39,54,0.7537986704653371,1.5905501,44,tabular/central_xgb
Social Psychology,38,113,0.8360503027480205,2.6178463,44,tabular/central_xgb
Sociology and Political Science,86,313,0.8054647447804443,2.8132036,44,tabular/central_xgb
Surgery,134,523,0.7202705402243086,2.4468174,44,tabular/central_xgb
Water Science and Technology,44,81,0.659371492704826,1.6431962,44,tabular/central_xgb
Accounting,24,47,0.750886524822695,1.7469605,44,tabular/central_mlp
Aerospace Engineering,27,181,0.6378146101903008,1.8255209,44,tabular/central_mlp
Artificial Intelligence,347,321,0.7746056541607189,1.4350516,44,tabular/central_mlp
Atmospheric Science,30,65,0.6879487179487179,1.7653362,44,tabular/central_mlp
"Atomic and Molecular Physics, and Optics",24,99,0.5311447811447811,1.4398937,44,tabular/central_mlp
Automotive Engineering,26,59,0.6734028683181226,2.0966334,44,tabular/central_mlp
Biomaterials,39,72,0.6093304843304843,1.4526535,44,tabular/central_mlp
Biomedical Engineering,163,341,0.6316769515859165,1.5162164,44,tabular/central_mlp
Building and Construction,47,107,0.6054881686219924,1.3202232,44,tabular/central_mlp
Business and International Management,50,21,0.5438095238095239,1.0713545,44,tabular/central_mlp
Cancer Research,453,277,0.6950614037184912,1.2449863,44,tabular/central_mlp
Cardiology and Cardiovascular Medicine,78,233,0.6947287333553428,1.9955868,44,tabular/central_mlp
Cell Biology,69,107,0.5751049708790464,1.1705586,44,tabular/central_mlp
Cellular and Molecular Neuroscience,33,108,0.7135241301907969,1.82323,44,tabular/central_mlp
Civil and Structural Engineering,57,222,0.6050260787102891,1.7860063,44,tabular/central_mlp
Clinical Psychology,31,169,0.7003244894063752,2.5037873,44,tabular/central_mlp
Cognitive Neuroscience,33,180,0.7555555555555555,2.8656542,44,tabular/central_mlp
Complementary and alternative medicine,46,74,0.7354582843713278,1.7389469,44,tabular/central_mlp
Computational Mechanics,20,85,0.6182352941176471,1.681545,44,tabular/central_mlp
Computational Theory and Mathematics,31,102,0.594560404807084,1.328597,44,tabular/central_mlp
Computer Graphics and Computer-Aided Design,48,27,0.5694444444444444,1.0579246,44,tabular/central_mlp
Computer Networks and Communications,154,146,0.7422611634940401,1.4618595,44,tabular/central_mlp
Computer Science Applications,21,23,0.7432712215320911,1.3809191,44,tabular/central_mlp
Computer Vision and Pattern Recognition,159,208,0.712354862119013,1.4067762,44,tabular/central_mlp
Control and Systems Engineering,63,167,0.7093432183252543,1.8997564,44,tabular/central_mlp
Ecology,21,129,0.6640826873385013,1.9797065,44,tabular/central_mlp
Economics and Econometrics,108,193,0.733568412972558,1.5521703,44,tabular/central_mlp
Education,90,108,0.9023662551440329,1.8705207,44,tabular/central_mlp
Electrical and Electronic Engineering,160,392,0.6983737244897961,1.6110194,44,tabular/central_mlp
"Electronic, Optical and Magnetic Materials",44,78,0.5878496503496503,1.3914275,44,tabular/central_mlp
Endocrine and Autonomic Systems,20,27,0.5740740740740741,1.2855897,44,tabular/central_mlp
"Endocrinology, Diabetes and Metabolism",46,127,0.6894899007189319,1.9139103,44,tabular/central_mlp
Environmental Engineering,37,88,0.64987714987715,1.4300874,44,tabular/central_mlp
Epidemiology,110,374,0.7016528925619836,1.9546608,44,tabular/central_mlp
Experimental and Cognitive Psychology,37,64,0.7888513513513513,1.7529355,44,tabular/central_mlp
Food Science,26,104,0.705621301775148,1.9497944,44,tabular/central_mlp
General Health Professions,23,171,0.6992117976099669,2.7710407,44,tabular/central_mlp
Genetics,98,290,0.6766713581984518,1.5301961,44,tabular/central_mlp
Global and Planetary Change,33,118,0.7745249101181304,2.7448387,44,tabular/central_mlp
Health Information Management,32,23,0.7133152173913044,1.3285323,44,tabular/central_mlp
Hepatology,20,82,0.6823170731707318,2.1092322,44,tabular/central_mlp
Human-Computer Interaction,20,26,0.6903846153846154,1.5078336,44,tabular/central_mlp
Immunology,111,204,0.6775746334569864,1.4774748,44,tabular/central_mlp
Industrial and Manufacturing Engineering,118,107,0.8229447172501189,1.5688103,44,tabular/central_mlp
Infectious Diseases,30,220,0.6043939393939395,1.3890015,44,tabular/central_mlp
Information Systems,161,141,0.7047266640236113,1.3238455,44,tabular/central_mlp
Inorganic Chemistry,69,87,0.7907712810261536,1.8024529,44,tabular/central_mlp
Management Information Systems,26,41,0.6979362101313321,1.4505532,44,tabular/central_mlp
Management Science and Operations Research,137,124,0.5520072992700731,1.0672238,44,tabular/central_mlp
Management of Technology and Innovation,27,27,0.7832647462277091,1.6050034,44,tabular/central_mlp
"Management, Monitoring, Policy and Law",24,51,0.7867647058823529,2.184982,44,tabular/central_mlp
Materials Chemistry,130,365,0.6396522655426765,1.4697058,44,tabular/central_mlp
Mechanical Engineering,75,295,0.6348248587570623,1.7796268,44,tabular/central_mlp
Mechanics of Materials,30,218,0.4796636085626912,1.0472088,44,tabular/central_mlp
Media Technology,30,32,0.6479166666666667,1.431815,44,tabular/central_mlp
Molecular Biology,614,1001,0.6617023042104475,1.3641537,44,tabular/central_mlp
Neurology,99,219,0.7219454822194548,1.8110601,44,tabular/central_mlp
Nutrition and Dietetics,23,80,0.7527173913043478,2.1325543,44,tabular/central_mlp
Obstetrics and Gynecology,25,66,0.7493939393939394,1.8056706,44,tabular/central_mlp
Oncology,148,318,0.6802439231684515,1.5897393,44,tabular/central_mlp
Organic Chemistry,57,206,0.5545477772100152,1.5801342,44,tabular/central_mlp
Organizational Behavior and Human Resource Management,20,46,0.6891304347826087,1.7503462,44,tabular/central_mlp
Orthopedics and Sports Medicine,31,50,0.6932258064516129,1.7315092,44,tabular/central_mlp
Pathology and Forensic Medicine,77,178,0.6730993725375748,1.5078526,44,tabular/central_mlp
"Pediatrics, Perinatology and Child Health",26,101,0.7513328255902514,2.5808358,44,tabular/central_mlp
Pharmacology,67,188,0.6984757065735153,1.7772789,44,tabular/central_mlp
Physiology,82,256,0.6964557926829268,2.1179414,44,tabular/central_mlp
Plant Science,120,297,0.6709034792368126,1.7637706,44,tabular/central_mlp
Pollution,26,72,0.6554487179487181,1.689487,44,tabular/central_mlp
Psychiatry and Mental health,29,179,0.6782893469466384,2.1663728,44,tabular/central_mlp
"Public Health, Environmental and Occupational Health",53,312,0.7076076439283986,2.3222609,44,tabular/central_mlp
Pulmonary and Respiratory Medicine,120,378,0.705842151675485,1.9235061,44,tabular/central_mlp
"Radiology, Nuclear Medicine and Imaging",83,216,0.729975457385096,1.8307742,44,tabular/central_mlp
"Renewable Energy, Sustainability and the Environment",55,129,0.7022551092318533,1.8090212,44,tabular/central_mlp
Reproductive Medicine,22,76,0.7703349282296651,2.2445364,44,tabular/central_mlp
Rheumatology,45,130,0.6322222222222222,1.3877307,44,tabular/central_mlp
Signal Processing,39,54,0.7537986704653371,1.6103384,44,tabular/central_mlp
Social Psychology,38,113,0.7992547741034001,2.4474154,44,tabular/central_mlp
Sociology and Political Science,86,313,0.8115573222379078,2.8212426,44,tabular/central_mlp
Surgery,134,523,0.7526897063439971,2.6027017,44,tabular/central_mlp
Water Science and Technology,44,81,0.6531986531986532,1.630212,44,tabular/central_mlp
Accounting,24,47,0.7473404255319149,1.7493833,44,tabular/fl_fedavg
Aerospace Engineering,27,181,0.6865152445262942,2.1377652,44,tabular/fl_fedavg
Artificial Intelligence,347,321,0.776230619372099,1.4394119,44,tabular/fl_fedavg
Atmospheric Science,30,65,0.7928205128205128,2.0657513,44,tabular/fl_fedavg
"Atomic and Molecular Physics, and Optics",24,99,0.5568181818181818,1.3306751,44,tabular/fl_fedavg
Automotive Engineering,26,59,0.6401564537157758,1.9050801,44,tabular/fl_fedavg
Biomaterials,39,72,0.6068376068376068,1.3042605,44,tabular/fl_fedavg
Biomedical Engineering,163,341,0.6322706582948023,1.518475,44,tabular/fl_fedavg
Building and Construction,47,107,0.6569894611254722,1.4427091,44,tabular/fl_fedavg
Business and International Management,50,21,0.4923809523809524,1.0229744,44,tabular/fl_fedavg
Cancer Research,453,277,0.6516046254014551,1.2165718,44,tabular/fl_fedavg
Cardiology and Cardiovascular Medicine,78,233,0.6235281170903489,1.5143673,44,tabular/fl_fedavg
Cell Biology,69,107,0.5224163619125017,1.0123714,44,tabular/fl_fedavg
Cellular and Molecular Neuroscience,33,108,0.6773288439955107,1.5834434,44,tabular/fl_fedavg
Civil and Structural Engineering,57,222,0.6669432590485221,2.1374578,44,tabular/fl_fedavg
Clinical Psychology,31,169,0.6745562130177514,2.1291955,44,tabular/fl_fedavg
Cognitive Neuroscience,33,180,0.7498316498316498,2.3180819,44,tabular/fl_fedavg
Complementary and alternative medicine,46,74,0.7408930669800236,1.8069897,44,tabular/fl_fedavg
Computational Mechanics,20,85,0.6076470588235294,1.5394388,44,tabular/fl_fedavg
Computational Theory and Mathematics,31,102,0.5746363061353574,1.2462239,44,tabular/fl_fedavg
Computer Graphics and Computer-Aided Design,48,27,0.6103395061728396,1.0734118,44,tabular/fl_fedavg
Computer Networks and Communications,154,146,0.7573385518590998,1.4920248,44,tabular/fl_fedavg
Computer Science Applications,21,23,0.7204968944099379,1.4508554,44,tabular/fl_fedavg
Computer Vision and Pattern Recognition,159,208,0.7068214804063861,1.4281693,44,tabular/fl_fedavg
Control and Systems Engineering,63,167,0.6714190666286474,1.8877304,44,tabular/fl_fedavg
Ecology,21,129,0.6803248431155409,2.0563085,44,tabular/fl_fedavg
Economics and Econometrics,108,193,0.6903665323354442,1.4258193,44,tabular/fl_fedavg
Education,90,108,0.8688271604938272,1.846126,44,tabular/fl_fedavg
Electrical and Electronic Engineering,160,392,0.6572305484693878,1.5656731,44,tabular/fl_fedavg
"Electronic, Optical and Magnetic Materials",44,78,0.5897435897435898,1.3868428,44,tabular/fl_fedavg
Endocrine and Autonomic Systems,20,27,0.6351851851851852,1.273243,44,tabular/fl_fedavg
"Endocrinology, Diabetes and Metabolism",46,127,0.6682642930503252,1.7588015,44,tabular/fl_fedavg
Environmental Engineering,37,88,0.6317567567567568,1.5028694,44,tabular/fl_fedavg
Epidemiology,110,374,0.7037190082644627,2.0077453,44,tabular/fl_fedavg
Experimental and Cognitive Psychology,37,64,0.7588682432432432,1.641441,44,tabular/fl_fedavg
Food Science,26,104,0.6875,1.922598,44,tabular/fl_fedavg
General Health Professions,23,171,0.6758199847444698,1.75494,44,tabular/fl_fedavg
Genetics,98,290,0.6216045038705136,1.2403618,44,tabular/fl_fedavg
Global and Planetary Change,33,118,0.7796610169491526,2.814017,44,tabular/fl_fedavg
Health Information Management,32,23,0.7255434782608696,1.305104,44,tabular/fl_fedavg
Hepatology,20,82,0.6871951219512196,2.1069267,44,tabular/fl_fedavg
Human-Computer Interaction,20,26,0.6269230769230768,1.3297521,44,tabular/fl_fedavg
Immunology,111,204,0.6412736265677442,1.3604258,44,tabular/fl_fedavg
Industrial and Manufacturing Engineering,118,107,0.7745129098685254,1.5188266,44,tabular/fl_fedavg
Infectious Diseases,30,220,0.6587878787878788,1.7174588,44,tabular/fl_fedavg
Information Systems,161,141,0.710100876613365,1.3259676,44,tabular/fl_fedavg
Inorganic Chemistry,69,87,0.672497084790938,1.6184984,44,tabular/fl_fedavg
Management Information Systems,26,41,0.6566604127579737,1.3524804,44,tabular/fl_fedavg
Management Science and Operations Research,137,124,0.5122733694372498,1.0226266,44,tabular/fl_fedavg
Management of Technology and Innovation,27,27,0.8010973936899863,1.568753,44,tabular/fl_fedavg
"Management, Monitoring, Policy and Law",24,51,0.7524509803921569,2.1025016,44,tabular/fl_fedavg
Materials Chemistry,130,365,0.6197471022128557,1.4052366,44,tabular/fl_fedavg
Mechanical Engineering,75,295,0.6027344632768361,1.3837594,44,tabular/fl_fedavg
Mechanics of Materials,30,218,0.5740061162079511,1.4416159,44,tabular/fl_fedavg
Media Technology,30,32,0.6427083333333332,1.3835894,44,tabular/fl_fedavg
Molecular Biology,614,1001,0.6422282928797586,1.2899536,44,tabular/fl_fedavg
Neurology,99,219,0.6850698768506988,1.6389519,44,tabular/fl_fedavg
Nutrition and Dietetics,23,80,0.6918478260869565,1.9089546,44,tabular/fl_fedavg
Obstetrics and Gynecology,25,66,0.6721212121212121,1.4453931,44,tabular/fl_fedavg
Oncology,148,318,0.6379504504504504,1.3362358,44,tabular/fl_fedavg
Organic Chemistry,57,206,0.43229432805314255,0.9652172,44,tabular/fl_fedavg
Organizational Behavior and Human Resource Management,20,46,0.7119565217391304,1.7757715,44,tabular/fl_fedavg
Orthopedics and Sports Medicine,31,50,0.6445161290322581,1.6643511,44,tabular/fl_fedavg
Pathology and Forensic Medicine,77,178,0.6573033707865168,1.4283297,44,tabular/fl_fedavg
"Pediatrics, Perinatology and Child Health",26,101,0.701066260472201,2.0382638,44,tabular/fl_fedavg
Pharmacology,67,188,0.6923626548110512,1.7987556,44,tabular/fl_fedavg
Physiology,82,256,0.6615377286585366,1.7771066,44,tabular/fl_fedavg
Plant Science,120,297,0.6284511784511785,1.5396254,44,tabular/fl_fedavg
Pollution,26,72,0.4903846153846154,1.1198047,44,tabular/fl_fedavg
Psychiatry and Mental health,29,179,0.7331920631862839,2.1937678,44,tabular/fl_fedavg
"Public Health, Environmental and Occupational Health",53,312,0.6909772617319787,2.0264952,44,tabular/fl_fedavg
Pulmonary and Respiratory Medicine,120,378,0.6432980599647266,1.4939107,44,tabular/fl_fedavg
"Radiology, Nuclear Medicine and Imaging",83,216,0.6936077643908969,1.7487328,44,tabular/fl_fedavg
"Renewable Energy, Sustainability and the Environment",55,129,0.6804087385482734,1.7545037,44,tabular/fl_fedavg
Reproductive Medicine,22,76,0.7954545454545454,2.4302864,44,tabular/fl_fedavg
Rheumatology,45,130,0.5894017094017094,1.2027997,44,tabular/fl_fedavg
Signal Processing,39,54,0.7395536562203229,1.562861,44,tabular/fl_fedavg
Social Psychology,38,113,0.7918025151374011,2.4917808,44,tabular/fl_fedavg
Sociology and Political Science,86,313,0.7860167917378706,2.5304656,44,tabular/fl_fedavg
Surgery,134,523,0.6844696213007619,1.8812823,44,tabular/fl_fedavg
Water Science and Technology,44,81,0.6287878787878788,1.5231105,44,tabular/fl_fedavg
Accounting,24,47,0.825354609929078,2.2249017,44,c3_lora_abstracts/central_lora
Aerospace Engineering,27,181,0.8289339062819725,3.5445454,44,c3_lora_abstracts/central_lora
Artificial Intelligence,347,321,0.8862344797866897,1.7316809,44,c3_lora_abstracts/central_lora
Atmospheric Science,30,65,0.8248717948717949,2.5513492,44,c3_lora_abstracts/central_lora
"Atomic and Molecular Physics, and Optics",24,99,0.5574494949494949,1.6404521,44,c3_lora_abstracts/central_lora
Automotive Engineering,26,59,0.8135593220338984,2.3579998,44,c3_lora_abstracts/central_lora
Biomaterials,39,72,0.7113603988603988,1.6865177,44,c3_lora_abstracts/central_lora
Biomedical Engineering,163,341,0.7867783315042369,2.0861456,44,c3_lora_abstracts/central_lora
Building and Construction,47,107,0.8191489361702129,2.2015615,44,c3_lora_abstracts/central_lora
Business and International Management,50,21,0.7780952380952382,1.2678306,44,c3_lora_abstracts/central_lora
Cancer Research,453,277,0.8464747651038802,1.4223696,44,c3_lora_abstracts/central_lora
Cardiology and Cardiovascular Medicine,78,233,0.853692087597667,2.9767973,44,c3_lora_abstracts/central_lora
Cell Biology,69,107,0.8301503453880537,1.9358617,44,c3_lora_abstracts/central_lora
Cellular and Molecular Neuroscience,33,108,0.7947530864197532,2.529727,44,c3_lora_abstracts/central_lora
Civil and Structural Engineering,57,222,0.8739924134660977,3.391122,44,c3_lora_abstracts/central_lora
Clinical Psychology,31,169,0.799866386715022,3.6704621,44,c3_lora_abstracts/central_lora
Cognitive Neuroscience,33,180,0.8444444444444444,4.214709,44,c3_lora_abstracts/central_lora
Complementary and alternative medicine,46,74,0.8870446533490013,2.1655347,44,c3_lora_abstracts/central_lora
Computational Mechanics,20,85,0.7314705882352941,2.8855903,44,c3_lora_abstracts/central_lora
Computational Theory and Mathematics,31,102,0.8156230234029096,3.0108,44,c3_lora_abstracts/central_lora
Computer Graphics and Computer-Aided Design,48,27,0.7959104938271605,1.3875269,44,c3_lora_abstracts/central_lora
Computer Networks and Communications,154,146,0.8401974737591176,1.6628506,44,c3_lora_abstracts/central_lora
Computer Science Applications,21,23,0.8302277432712215,1.713418,44,c3_lora_abstracts/central_lora
Computer Vision and Pattern Recognition,159,208,0.8473482099661346,1.9369469,44,c3_lora_abstracts/central_lora
Control and Systems Engineering,63,167,0.8451192852390458,2.6822822,44,c3_lora_abstracts/central_lora
Ecology,21,129,0.8001107419712071,3.2095542,44,c3_lora_abstracts/central_lora
Economics and Econometrics,108,193,0.9266695451928613,2.4427605,44,c3_lora_abstracts/central_lora
Education,90,108,0.9516460905349794,2.097794,44,c3_lora_abstracts/central_lora
Electrical and Electronic Engineering,160,392,0.8048788265306122,2.3701098,44,c3_lora_abstracts/central_lora
"Electronic, Optical and Magnetic Materials",44,78,0.6653554778554779,1.6387728,44,c3_lora_abstracts/central_lora
Endocrine and Autonomic Systems,20,27,0.924074074074074,2.1597068,44,c3_lora_abstracts/central_lora
"Endocrinology, Diabetes and Metabolism",46,127,0.7470900376583363,2.2437174,44,c3_lora_abstracts/central_lora
Environmental Engineering,37,88,0.7982186732186732,2.3653927,44,c3_lora_abstracts/central_lora
Epidemiology,110,374,0.8521998055420514,3.1311796,44,c3_lora_abstracts/central_lora
Experimental and Cognitive Psychology,37,64,0.8348817567567568,2.148411,44,c3_lora_abstracts/central_lora
Food Science,26,104,0.8128698224852071,3.0093527,44,c3_lora_abstracts/central_lora
General Health Professions,23,171,0.82697686244597,5.232779,44,c3_lora_abstracts/central_lora
Genetics,98,290,0.7931034482758621,2.2693217,44,c3_lora_abstracts/central_lora
Global and Planetary Change,33,118,0.8412942989214176,3.330139,44,c3_lora_abstracts/central_lora
Health Information Management,32,23,0.9171195652173914,1.6182343,44,c3_lora_abstracts/central_lora
Hepatology,20,82,0.7518292682926829,2.590277,44,c3_lora_abstracts/central_lora
Human-Computer Interaction,20,26,0.8846153846153846,1.9201597,44,c3_lora_abstracts/central_lora
Immunology,111,204,0.8296458222928811,2.1250803,44,c3_lora_abstracts/central_lora
Industrial and Manufacturing Engineering,118,107,0.8970774592111515,1.7328461,44,c3_lora_abstracts/central_lora
Infectious Diseases,30,220,0.7307575757575757,3.570619,44,c3_lora_abstracts/central_lora
Information Systems,161,141,0.8565261442227214,1.651043,44,c3_lora_abstracts/central_lora
Inorganic Chemistry,69,87,0.9011327669498584,2.0437262,44,c3_lora_abstracts/central_lora
Management Information Systems,26,41,0.8621013133208256,2.097801,44,c3_lora_abstracts/central_lora
Management Science and Operations Research,137,124,0.8160466211443372,1.5711204,44,c3_lora_abstracts/central_lora
Management of Technology and Innovation,27,27,0.9300411522633745,1.8522154,44,c3_lora_abstracts/central_lora
"Management, Monitoring, Policy and Law",24,51,0.8729575163398693,2.570083,44,c3_lora_abstracts/central_lora
Materials Chemistry,130,365,0.7493888303477344,2.1561894,44,c3_lora_abstracts/central_lora
Mechanical Engineering,75,295,0.7012203389830509,2.0876033,44,c3_lora_abstracts/central_lora
Mechanics of Materials,30,218,0.8318807339449541,4.070365,44,c3_lora_abstracts/central_lora
Media Technology,30,32,0.8109375000000001,1.6910242,44,c3_lora_abstracts/central_lora
Molecular Biology,614,1001,0.8291456100902356,1.9710072,44,c3_lora_abstracts/central_lora
Neurology,99,219,0.8876435588764355,2.582117,44,c3_lora_abstracts/central_lora
Nutrition and Dietetics,23,80,0.916304347826087,3.670613,44,c3_lora_abstracts/central_lora
Obstetrics and Gynecology,25,66,0.8806060606060605,2.9103227,44,c3_lora_abstracts/central_lora
Oncology,148,318,0.8634943906170321,2.4354153,44,c3_lora_abstracts/central_lora
Organic Chemistry,57,206,0.6795264861182081,2.4263387,44,c3_lora_abstracts/central_lora
Organizational Behavior and Human Resource Management,20,46,0.875,2.597929,44,c3_lora_abstracts/central_lora
Orthopedics and Sports Medicine,31,50,0.8587096774193548,2.1326044,44,c3_lora_abstracts/central_lora
Pathology and Forensic Medicine,77,178,0.8783744345542098,2.6158502,44,c3_lora_abstracts/central_lora
"Pediatrics, Perinatology and Child Health",26,101,0.8432977913175933,3.4552033,44,c3_lora_abstracts/central_lora
Pharmacology,67,188,0.8504287075261988,2.5101457,44,c3_lora_abstracts/central_lora
Physiology,82,256,0.8454649390243903,2.897826,44,c3_lora_abstracts/central_lora
Plant Science,120,297,0.7806677890011223,2.2205374,44,c3_lora_abstracts/central_lora
Pollution,26,72,0.7451923076923077,2.1385307,44,c3_lora_abstracts/central_lora
Psychiatry and Mental health,29,179,0.8612020805239837,5.01383,44,c3_lora_abstracts/central_lora
"Public Health, Environmental and Occupational Health",53,312,0.8499939525882921,4.0256653,44,c3_lora_abstracts/central_lora
Pulmonary and Respiratory Medicine,120,378,0.8615850970017637,3.097257,44,c3_lora_abstracts/central_lora
"Radiology, Nuclear Medicine and Imaging",83,216,0.8543061133422579,2.6756537,44,c3_lora_abstracts/central_lora
"Renewable Energy, Sustainability and the Environment",55,129,0.737984496124031,2.0410604,44,c3_lora_abstracts/central_lora
Reproductive Medicine,22,76,0.8624401913875598,3.1771007,44,c3_lora_abstracts/central_lora
Rheumatology,45,130,0.7857264957264958,2.5907183,44,c3_lora_abstracts/central_lora
Signal Processing,39,54,0.7877492877492878,1.8410292,44,c3_lora_abstracts/central_lora
Social Psychology,38,113,0.8674895202608292,3.1523738,44,c3_lora_abstracts/central_lora
Sociology and Political Science,86,313,0.8812876142358272,3.5675173,44,c3_lora_abstracts/central_lora
Surgery,134,523,0.8692032190862133,3.6736534,44,c3_lora_abstracts/central_lora
Water Science and Technology,44,81,0.8263187429854096,2.0916932,44,c3_lora_abstracts/central_lora
Accounting,24,47,0.8266843971631205,2.302524,44,c3_lora_abstracts/fl_fedavg_lora
Aerospace Engineering,27,181,0.8297524043380398,3.6998572,44,c3_lora_abstracts/fl_fedavg_lora
Artificial Intelligence,347,321,0.8770592618528193,1.7156153,44,c3_lora_abstracts/fl_fedavg_lora
Atmospheric Science,30,65,0.8143589743589743,2.5168586,44,c3_lora_abstracts/fl_fedavg_lora
"Atomic and Molecular Physics, and Optics",24,99,0.5258838383838383,1.457568,44,c3_lora_abstracts/fl_fedavg_lora
Automotive Engineering,26,59,0.8070404172099087,2.393748,44,c3_lora_abstracts/fl_fedavg_lora
Biomaterials,39,72,0.6486823361823362,1.551119,44,c3_lora_abstracts/fl_fedavg_lora
Biomedical Engineering,163,341,0.7398665059460625,1.967312,44,c3_lora_abstracts/fl_fedavg_lora
Building and Construction,47,107,0.7902167428912308,2.049597,44,c3_lora_abstracts/fl_fedavg_lora
Business and International Management,50,21,0.7576190476190476,1.2420524,44,c3_lora_abstracts/fl_fedavg_lora
Cancer Research,453,277,0.8074529211593786,1.3694018,44,c3_lora_abstracts/fl_fedavg_lora
Cardiology and Cardiovascular Medicine,78,233,0.845383514911412,2.8701074,44,c3_lora_abstracts/fl_fedavg_lora
Cell Biology,69,107,0.8161316537992686,1.857938,44,c3_lora_abstracts/fl_fedavg_lora
Cellular and Molecular Neuroscience,33,108,0.7864758698092031,2.371643,44,c3_lora_abstracts/fl_fedavg_lora
Civil and Structural Engineering,57,222,0.8592539908329382,3.2607517,44,c3_lora_abstracts/fl_fedavg_lora
Clinical Psychology,31,169,0.8099828211490743,3.6832056,44,c3_lora_abstracts/fl_fedavg_lora
Cognitive Neuroscience,33,180,0.8665824915824916,4.425977,44,c3_lora_abstracts/fl_fedavg_lora
Complementary and alternative medicine,46,74,0.8770564042303173,2.1312037,44,c3_lora_abstracts/fl_fedavg_lora
Computational Mechanics,20,85,0.720294117647059,2.8015008,44,c3_lora_abstracts/fl_fedavg_lora
Computational Theory and Mathematics,31,102,0.7871600253004427,2.7615066,44,c3_lora_abstracts/fl_fedavg_lora
Computer Graphics and Computer-Aided Design,48,27,0.7500000000000001,1.338719,44,c3_lora_abstracts/fl_fedavg_lora
Computer Networks and Communications,154,146,0.822318092866038,1.6202545,44,c3_lora_abstracts/fl_fedavg_lora
Computer Science Applications,21,23,0.8136645962732919,1.6574548,44,c3_lora_abstracts/fl_fedavg_lora
Computer Vision and Pattern Recognition,159,208,0.8324715771649733,1.8888217,44,c3_lora_abstracts/fl_fedavg_lora
Control and Systems Engineering,63,167,0.8160345974717231,2.623911,44,c3_lora_abstracts/fl_fedavg_lora
Ecology,21,129,0.801218161683278,3.1443672,44,c3_lora_abstracts/fl_fedavg_lora
Economics and Econometrics,108,193,0.8724812895797351,2.1265962,44,c3_lora_abstracts/fl_fedavg_lora
Education,90,108,0.9521090534979423,2.0929918,44,c3_lora_abstracts/fl_fedavg_lora
Electrical and Electronic Engineering,160,392,0.7697704081632653,2.1499798,44,c3_lora_abstracts/fl_fedavg_lora
"Electronic, Optical and Magnetic Materials",44,78,0.5898892773892773,1.4369439,44,c3_lora_abstracts/fl_fedavg_lora
Endocrine and Autonomic Systems,20,27,0.7962962962962963,1.776951,44,c3_lora_abstracts/fl_fedavg_lora
"Endocrinology, Diabetes and Metabolism",46,127,0.7358781239301608,2.2247372,44,c3_lora_abstracts/fl_fedavg_lora
Environmental Engineering,37,88,0.7914619164619165,2.331358,44,c3_lora_abstracts/fl_fedavg_lora
Epidemiology,110,374,0.8467549829849295,3.0319226,44,c3_lora_abstracts/fl_fedavg_lora
Experimental and Cognitive Psychology,37,64,0.8139780405405407,2.096162,44,c3_lora_abstracts/fl_fedavg_lora
Food Science,26,104,0.7435281065088758,2.6384556,44,c3_lora_abstracts/fl_fedavg_lora
General Health Professions,23,171,0.8128654970760234,5.502905,44,c3_lora_abstracts/fl_fedavg_lora
Genetics,98,290,0.7500527797325827,2.0366278,44,c3_lora_abstracts/fl_fedavg_lora
Global and Planetary Change,33,118,0.8260143810991268,3.312519,44,c3_lora_abstracts/fl_fedavg_lora
Health Information Management,32,23,0.8396739130434783,1.4977876,44,c3_lora_abstracts/fl_fedavg_lora
Hepatology,20,82,0.7682926829268293,2.4309316,44,c3_lora_abstracts/fl_fedavg_lora
Human-Computer Interaction,20,26,0.8750000000000001,1.9650787,44,c3_lora_abstracts/fl_fedavg_lora
Immunology,111,204,0.801360183713125,1.9761035,44,c3_lora_abstracts/fl_fedavg_lora
Industrial and Manufacturing Engineering,118,107,0.8897909076508791,1.7141007,44,c3_lora_abstracts/fl_fedavg_lora
Infectious Diseases,30,220,0.7284848484848485,3.3661745,44,c3_lora_abstracts/fl_fedavg_lora
Information Systems,161,141,0.8462402537333158,1.6234094,44,c3_lora_abstracts/fl_fedavg_lora
Inorganic Chemistry,69,87,0.8472430451440945,1.8392953,44,c3_lora_abstracts/fl_fedavg_lora
Management Information Systems,26,41,0.850844277673546,2.0270662,44,c3_lora_abstracts/fl_fedavg_lora
Management Science and Operations Research,137,124,0.7307511184365435,1.439706,44,c3_lora_abstracts/fl_fedavg_lora
Management of Technology and Innovation,27,27,0.9382716049382717,1.8899494,44,c3_lora_abstracts/fl_fedavg_lora
"Management, Monitoring, Policy and Law",24,51,0.846813725490196,2.3819983,44,c3_lora_abstracts/fl_fedavg_lora
Materials Chemistry,130,365,0.6718124341412013,1.6968307,44,c3_lora_abstracts/fl_fedavg_lora
Mechanical Engineering,75,295,0.6672994350282487,2.0063136,44,c3_lora_abstracts/fl_fedavg_lora
Mechanics of Materials,30,218,0.7678899082568807,3.0835707,44,c3_lora_abstracts/fl_fedavg_lora
Media Technology,30,32,0.7817708333333333,1.5528584,44,c3_lora_abstracts/fl_fedavg_lora
Molecular Biology,614,1001,0.801346048088719,1.8907306,44,c3_lora_abstracts/fl_fedavg_lora
Neurology,99,219,0.8878511138785111,2.5569718,44,c3_lora_abstracts/fl_fedavg_lora
Nutrition and Dietetics,23,80,0.8820652173913043,3.4110775,44,c3_lora_abstracts/fl_fedavg_lora
Obstetrics and Gynecology,25,66,0.9148484848484848,3.0026848,44,c3_lora_abstracts/fl_fedavg_lora
Oncology,148,318,0.8401325854156043,2.3361514,44,c3_lora_abstracts/fl_fedavg_lora
Organic Chemistry,57,206,0.6790580820984499,2.0994291,44,c3_lora_abstracts/fl_fedavg_lora
Organizational Behavior and Human Resource Management,20,46,0.8744565217391305,2.5361695,44,c3_lora_abstracts/fl_fedavg_lora
Orthopedics and Sports Medicine,31,50,0.8358064516129032,2.056378,44,c3_lora_abstracts/fl_fedavg_lora
Pathology and Forensic Medicine,77,178,0.8569604552750621,2.4454362,44,c3_lora_abstracts/fl_fedavg_lora
"Pediatrics, Perinatology and Child Health",26,101,0.832825590251333,3.510033,44,c3_lora_abstracts/fl_fedavg_lora
Pharmacology,67,188,0.82351540171483,2.4003036,44,c3_lora_abstracts/fl_fedavg_lora
Physiology,82,256,0.8163586128048781,2.7481894,44,c3_lora_abstracts/fl_fedavg_lora
Plant Science,120,297,0.7045735129068462,1.7927382,44,c3_lora_abstracts/fl_fedavg_lora
Pollution,26,72,0.7246260683760684,2.0370414,44,c3_lora_abstracts/fl_fedavg_lora
Psychiatry and Mental health,29,179,0.8368329801579656,4.8827395,44,c3_lora_abstracts/fl_fedavg_lora
"Public Health, Environmental and Occupational Health",53,312,0.8311562651185292,3.8194282,44,c3_lora_abstracts/fl_fedavg_lora
Pulmonary and Respiratory Medicine,120,378,0.8374118165784832,2.8614314,44,c3_lora_abstracts/fl_fedavg_lora
"Radiology, Nuclear Medicine and Imaging",83,216,0.8308511825078089,2.477773,44,c3_lora_abstracts/fl_fedavg_lora
"Renewable Energy, Sustainability and the Environment",55,129,0.6732910500352361,1.7696894,44,c3_lora_abstracts/fl_fedavg_lora
Reproductive Medicine,22,76,0.833433014354067,2.9072185,44,c3_lora_abstracts/fl_fedavg_lora
Rheumatology,45,130,0.7811965811965812,2.5612142,44,c3_lora_abstracts/fl_fedavg_lora
Signal Processing,39,54,0.811965811965812,1.9023716,44,c3_lora_abstracts/fl_fedavg_lora
Social Psychology,38,113,0.8425710293432697,2.9425912,44,c3_lora_abstracts/fl_fedavg_lora
Sociology and Political Science,86,313,0.854706887584516,3.3449864,44,c3_lora_abstracts/fl_fedavg_lora
Surgery,134,523,0.8436688450672071,3.4466984,44,c3_lora_abstracts/fl_fedavg_lora
Water Science and Technology,44,81,0.7671156004489338,1.9244024,44,c3_lora_abstracts/fl_fedavg_lora
Accounting,24,47,0.8572695035460992,2.3869822,44,c3_lora_abstracts/fl_ditto_lora__personal
Aerospace Engineering,27,181,0.882852465725394,4.5044656,44,c3_lora_abstracts/fl_ditto_lora__personal
Artificial Intelligence,347,321,0.8979055006419062,1.7636907,44,c3_lora_abstracts/fl_ditto_lora__personal
Atmospheric Science,30,65,0.8215384615384616,2.5489495,44,c3_lora_abstracts/fl_ditto_lora__personal
"Atomic and Molecular Physics, and Optics",24,99,0.6502525252525252,2.1768377,44,c3_lora_abstracts/fl_ditto_lora__personal
Automotive Engineering,26,59,0.8448500651890483,2.4340646,44,c3_lora_abstracts/fl_ditto_lora__personal
Biomaterials,39,72,0.7142094017094018,1.7381651,44,c3_lora_abstracts/fl_ditto_lora__personal
Biomedical Engineering,163,341,0.81712034255078,2.2081919,44,c3_lora_abstracts/fl_ditto_lora__personal
Building and Construction,47,107,0.8315768542453769,2.3120902,44,c3_lora_abstracts/fl_ditto_lora__personal
Business and International Management,50,21,0.7952380952380952,1.2833806,44,c3_lora_abstracts/fl_ditto_lora__personal
Cancer Research,453,277,0.8697412357249305,1.4564457,44,c3_lora_abstracts/fl_ditto_lora__personal
Cardiology and Cardiovascular Medicine,78,233,0.8711070760426983,3.0441244,44,c3_lora_abstracts/fl_ditto_lora__personal
Cell Biology,69,107,0.8421373425436814,1.9481181,44,c3_lora_abstracts/fl_ditto_lora__personal
Cellular and Molecular Neuroscience,33,108,0.8146745230078564,2.506904,44,c3_lora_abstracts/fl_ditto_lora__personal
Civil and Structural Engineering,57,222,0.8774695748379958,3.3933647,44,c3_lora_abstracts/fl_ditto_lora__personal
Clinical Psychology,31,169,0.8386142393586563,3.936476,44,c3_lora_abstracts/fl_ditto_lora__personal
Cognitive Neuroscience,33,180,0.8414141414141414,4.159828,44,c3_lora_abstracts/fl_ditto_lora__personal
Complementary and alternative medicine,46,74,0.920828437132785,2.3045266,44,c3_lora_abstracts/fl_ditto_lora__personal
Computational Mechanics,20,85,0.7708823529411765,2.818299,44,c3_lora_abstracts/fl_ditto_lora__personal
Computational Theory and Mathematics,31,102,0.8255850727387729,3.234739,44,c3_lora_abstracts/fl_ditto_lora__personal
Computer Graphics and Computer-Aided Design,48,27,0.7754629629629629,1.372678,44,c3_lora_abstracts/fl_ditto_lora__personal
Computer Networks and Communications,154,146,0.8418430884184309,1.6666938,44,c3_lora_abstracts/fl_ditto_lora__personal
Computer Science Applications,21,23,0.84472049689441,1.7568372,44,c3_lora_abstracts/fl_ditto_lora__personal
Computer Vision and Pattern Recognition,159,208,0.8679245283018868,2.0150144,44,c3_lora_abstracts/fl_ditto_lora__personal
Control and Systems Engineering,63,167,0.8820929569432563,2.8882785,44,c3_lora_abstracts/fl_ditto_lora__personal
Ecology,21,129,0.804171280915467,2.9626424,44,c3_lora_abstracts/fl_ditto_lora__personal
Economics and Econometrics,108,193,0.9278689311072731,2.427437,44,c3_lora_abstracts/fl_ditto_lora__personal
Education,90,108,0.9667695473251029,2.1090689,44,c3_lora_abstracts/fl_ditto_lora__personal
Electrical and Electronic Engineering,160,392,0.830907206632653,2.4275007,44,c3_lora_abstracts/fl_ditto_lora__personal
"Electronic, Optical and Magnetic Materials",44,78,0.6692890442890442,1.661292,44,c3_lora_abstracts/fl_ditto_lora__personal
Endocrine and Autonomic Systems,20,27,0.8685185185185185,1.9896377,44,c3_lora_abstracts/fl_ditto_lora__personal
"Endocrinology, Diabetes and Metabolism",46,127,0.7740499828825744,2.3519566,44,c3_lora_abstracts/fl_ditto_lora__personal
Environmental Engineering,37,88,0.8372235872235873,2.4052594,44,c3_lora_abstracts/fl_ditto_lora__personal
Epidemiology,110,374,0.8596499756927565,3.2218301,44,c3_lora_abstracts/fl_ditto_lora__personal
Experimental and Cognitive Psychology,37,64,0.8312922297297297,2.1632516,44,c3_lora_abstracts/fl_ditto_lora__personal
Food Science,26,104,0.8293269230769231,3.2217143,44,c3_lora_abstracts/fl_ditto_lora__personal
General Health Professions,23,171,0.8546910755148741,5.661298,44,c3_lora_abstracts/fl_ditto_lora__personal
Genetics,98,290,0.809271639690359,2.4876387,44,c3_lora_abstracts/fl_ditto_lora__personal
Global and Planetary Change,33,118,0.818823831535696,3.4042108,44,c3_lora_abstracts/fl_ditto_lora__personal
Health Information Management,32,23,0.890625,1.5841602,44,c3_lora_abstracts/fl_ditto_lora__personal
Hepatology,20,82,0.7743902439024389,2.8430564,44,c3_lora_abstracts/fl_ditto_lora__personal
Human-Computer Interaction,20,26,0.8519230769230769,1.8587995,44,c3_lora_abstracts/fl_ditto_lora__personal
Immunology,111,204,0.8469793322734501,2.1793976,44,c3_lora_abstracts/fl_ditto_lora__personal
Industrial and Manufacturing Engineering,118,107,0.9045620148899098,1.7528925,44,c3_lora_abstracts/fl_ditto_lora__personal
Infectious Diseases,30,220,0.7781818181818182,3.677216,44,c3_lora_abstracts/fl_ditto_lora__personal
Information Systems,161,141,0.8804678208008458,1.6868719,44,c3_lora_abstracts/fl_ditto_lora__personal
Inorganic Chemistry,69,87,0.9157088122605364,2.042525,44,c3_lora_abstracts/fl_ditto_lora__personal
Management Information Systems,26,41,0.8921200750469043,2.2345173,44,c3_lora_abstracts/fl_ditto_lora__personal
Management Science and Operations Research,137,124,0.8159288909818695,1.5915713,44,c3_lora_abstracts/fl_ditto_lora__personal
Management of Technology and Innovation,27,27,0.9451303155006858,1.9081981,44,c3_lora_abstracts/fl_ditto_lora__personal
"Management, Monitoring, Policy and Law",24,51,0.9293300653594772,2.6999516,44,c3_lora_abstracts/fl_ditto_lora__personal
Materials Chemistry,130,365,0.7273761854583771,2.0139706,44,c3_lora_abstracts/fl_ditto_lora__personal
Mechanical Engineering,75,295,0.7300564971751413,2.465825,44,c3_lora_abstracts/fl_ditto_lora__personal
Mechanics of Materials,30,218,0.8334097859327216,4.2669587,44,c3_lora_abstracts/fl_ditto_lora__personal
Media Technology,30,32,0.8213541666666666,1.6883328,44,c3_lora_abstracts/fl_ditto_lora__personal
Molecular Biology,614,1001,0.841955275994364,2.0388062,44,c3_lora_abstracts/fl_ditto_lora__personal
Neurology,99,219,0.9024722106913887,2.6224265,44,c3_lora_abstracts/fl_ditto_lora__personal
Nutrition and Dietetics,23,80,0.8907608695652173,3.508948,44,c3_lora_abstracts/fl_ditto_lora__personal
Obstetrics and Gynecology,25,66,0.882121212121212,2.9567184,44,c3_lora_abstracts/fl_ditto_lora__personal
Oncology,148,318,0.863239418663947,2.4677718,44,c3_lora_abstracts/fl_ditto_lora__personal
Organic Chemistry,57,206,0.7505535683869868,2.844904,44,c3_lora_abstracts/fl_ditto_lora__personal
Organizational Behavior and Human Resource Management,20,46,0.9434782608695651,2.9558082,44,c3_lora_abstracts/fl_ditto_lora__personal
Orthopedics and Sports Medicine,31,50,0.85,2.097903,44,c3_lora_abstracts/fl_ditto_lora__personal
Pathology and Forensic Medicine,77,178,0.8936961914490005,2.6337054,44,c3_lora_abstracts/fl_ditto_lora__personal
"Pediatrics, Perinatology and Child Health",26,101,0.8716679360243716,3.6746671,44,c3_lora_abstracts/fl_ditto_lora__personal
Pharmacology,67,188,0.8540409653858368,2.6769483,44,c3_lora_abstracts/fl_ditto_lora__personal
Physiology,82,256,0.8374857088414634,2.8520749,44,c3_lora_abstracts/fl_ditto_lora__personal
Plant Science,120,297,0.8038580246913581,2.3807638,44,c3_lora_abstracts/fl_ditto_lora__personal
Pollution,26,72,0.8183760683760684,2.7809477,44,c3_lora_abstracts/fl_ditto_lora__personal
Psychiatry and Mental health,29,179,0.9131188595646312,5.57737,44,c3_lora_abstracts/fl_ditto_lora__personal
"Public Health, Environmental and Occupational Health",53,312,0.862814465408805,4.1903186,44,c3_lora_abstracts/fl_ditto_lora__personal
Pulmonary and Respiratory Medicine,120,378,0.866060405643739,3.1140692,44,c3_lora_abstracts/fl_ditto_lora__personal
"Radiology, Nuclear Medicine and Imaging",83,216,0.8375725122713074,2.5780787,44,c3_lora_abstracts/fl_ditto_lora__personal
"Renewable Energy, Sustainability and the Environment",55,129,0.7806906272022551,2.1595316,44,c3_lora_abstracts/fl_ditto_lora__personal
Reproductive Medicine,22,76,0.8394138755980861,2.883813,44,c3_lora_abstracts/fl_ditto_lora__personal
Rheumatology,45,130,0.8141880341880342,2.7681797,44,c3_lora_abstracts/fl_ditto_lora__personal
Signal Processing,39,54,0.8169515669515669,1.8961974,44,c3_lora_abstracts/fl_ditto_lora__personal
Social Psychology,38,113,0.8695854680950164,3.1553032,44,c3_lora_abstracts/fl_ditto_lora__personal
Sociology and Political Science,86,313,0.8891819600267479,3.7208095,44,c3_lora_abstracts/fl_ditto_lora__personal
Surgery,134,523,0.886754088068263,3.719912,44,c3_lora_abstracts/fl_ditto_lora__personal
Water Science and Technology,44,81,0.851010101010101,2.2277262,44,c3_lora_abstracts/fl_ditto_lora__personal
Accounting,24,47,0.8231382978723405,2.2689183,44,c3_lora_abstracts/fl_fedavg_lora
Aerospace Engineering,27,181,0.8220789850624104,3.7517557,44,c3_lora_abstracts/fl_fedavg_lora
Artificial Intelligence,347,321,0.8805201684218086,1.721052,44,c3_lora_abstracts/fl_fedavg_lora
Atmospheric Science,30,65,0.8164102564102564,2.5299683,44,c3_lora_abstracts/fl_fedavg_lora
"Atomic and Molecular Physics, and Optics",24,99,0.5538720538720538,1.5612282,44,c3_lora_abstracts/fl_fedavg_lora
Automotive Engineering,26,59,0.8135593220338984,2.4031715,44,c3_lora_abstracts/fl_fedavg_lora
Biomaterials,39,72,0.6492165242165242,1.5331421,44,c3_lora_abstracts/fl_fedavg_lora
Biomedical Engineering,163,341,0.7463163197380493,2.009313,44,c3_lora_abstracts/fl_fedavg_lora
Building and Construction,47,107,0.7976734937363292,2.1107876,44,c3_lora_abstracts/fl_fedavg_lora
Business and International Management,50,21,0.7514285714285714,1.2360598,44,c3_lora_abstracts/fl_fedavg_lora
Cancer Research,453,277,0.8089192786158862,1.3746829,44,c3_lora_abstracts/fl_fedavg_lora
Cardiology and Cardiovascular Medicine,78,233,0.8469792010564543,2.8859043,44,c3_lora_abstracts/fl_fedavg_lora
Cell Biology,69,107,0.8199241500744955,1.8560263,44,c3_lora_abstracts/fl_fedavg_lora
Cellular and Molecular Neuroscience,33,108,0.7890011223344557,2.3518193,44,c3_lora_abstracts/fl_fedavg_lora
Civil and Structural Engineering,57,222,0.8538011695906432,3.285311,44,c3_lora_abstracts/fl_fedavg_lora
Clinical Psychology,31,169,0.8146592861233058,3.7582324,44,c3_lora_abstracts/fl_fedavg_lora
Cognitive Neuroscience,33,180,0.8649831649831651,4.3592277,44,c3_lora_abstracts/fl_fedavg_lora
Complementary and alternative medicine,46,74,0.879406580493537,2.1394887,44,c3_lora_abstracts/fl_fedavg_lora
Computational Mechanics,20,85,0.6894117647058824,2.6452327,44,c3_lora_abstracts/fl_fedavg_lora
Computational Theory and Mathematics,31,102,0.7768817204301075,2.774093,44,c3_lora_abstracts/fl_fedavg_lora
Computer Graphics and Computer-Aided Design,48,27,0.7608024691358025,1.3499516,44,c3_lora_abstracts/fl_fedavg_lora
Computer Networks and Communications,154,146,0.8258984166518413,1.6176533,44,c3_lora_abstracts/fl_fedavg_lora
Computer Science Applications,21,23,0.8260869565217391,1.6972066,44,c3_lora_abstracts/fl_fedavg_lora
Computer Vision and Pattern Recognition,159,208,0.8327134736332849,1.8836623,44,c3_lora_abstracts/fl_fedavg_lora
Control and Systems Engineering,63,167,0.8171276494629788,2.6417313,44,c3_lora_abstracts/fl_fedavg_lora
Ecology,21,129,0.792174234034699,3.1479132,44,c3_lora_abstracts/fl_fedavg_lora
Economics and Econometrics,108,193,0.8716657071579352,2.1295137,44,c3_lora_abstracts/fl_fedavg_lora
Education,90,108,0.9525720164609053,2.0935376,44,c3_lora_abstracts/fl_fedavg_lora
Electrical and Electronic Engineering,160,392,0.7741470025510204,2.1855464,44,c3_lora_abstracts/fl_fedavg_lora
"Electronic, Optical and Magnetic Materials",44,78,0.608974358974359,1.5013672,44,c3_lora_abstracts/fl_fedavg_lora
Endocrine and Autonomic Systems,20,27,0.8120370370370371,1.8364933,44,c3_lora_abstracts/fl_fedavg_lora
"Endocrinology, Diabetes and Metabolism",46,127,0.7316843546730571,2.2081363,44,c3_lora_abstracts/fl_fedavg_lora
Environmental Engineering,37,88,0.7853194103194103,2.2629807,44,c3_lora_abstracts/fl_fedavg_lora
Epidemiology,110,374,0.8459528439474964,3.0040138,44,c3_lora_abstracts/fl_fedavg_lora
Experimental and Cognitive Psychology,37,64,0.817356418918919,2.103213,44,c3_lora_abstracts/fl_fedavg_lora
Food Science,26,104,0.7464866863905325,2.581673,44,c3_lora_abstracts/fl_fedavg_lora
General Health Professions,23,171,0.8249427917620137,5.5690594,44,c3_lora_abstracts/fl_fedavg_lora
Genetics,98,290,0.7543983110485574,2.0679536,44,c3_lora_abstracts/fl_fedavg_lora
Global and Planetary Change,33,118,0.8253723677452491,3.3470294,44,c3_lora_abstracts/fl_fedavg_lora
Health Information Management,32,23,0.8464673913043479,1.5146669,44,c3_lora_abstracts/fl_fedavg_lora
Hepatology,20,82,0.7692073170731708,2.4395554,44,c3_lora_abstracts/fl_fedavg_lora
Human-Computer Interaction,20,26,0.8711538461538461,1.9498167,44,c3_lora_abstracts/fl_fedavg_lora
Immunology,111,204,0.8000353294470942,1.9802656,44,c3_lora_abstracts/fl_fedavg_lora
Industrial and Manufacturing Engineering,118,107,0.8899493109456678,1.7117982,44,c3_lora_abstracts/fl_fedavg_lora
Infectious Diseases,30,220,0.730909090909091,3.3882823,44,c3_lora_abstracts/fl_fedavg_lora
Information Systems,161,141,0.8479141888022554,1.6274158,44,c3_lora_abstracts/fl_fedavg_lora
Inorganic Chemistry,69,87,0.8572380476428452,1.8578936,44,c3_lora_abstracts/fl_fedavg_lora
Management Information Systems,26,41,0.8484990619136961,2.0159976,44,c3_lora_abstracts/fl_fedavg_lora
Management Science and Operations Research,137,124,0.7341947256887215,1.4455711,44,c3_lora_abstracts/fl_fedavg_lora
Management of Technology and Innovation,27,27,0.9382716049382716,1.8920777,44,c3_lora_abstracts/fl_fedavg_lora
"Management, Monitoring, Policy and Law",24,51,0.8321078431372549,2.2776535,44,c3_lora_abstracts/fl_fedavg_lora
Materials Chemistry,130,365,0.6762697576396207,1.7115422,44,c3_lora_abstracts/fl_fedavg_lora
Mechanical Engineering,75,295,0.6803615819209039,2.0369008,44,c3_lora_abstracts/fl_fedavg_lora
Mechanics of Materials,30,218,0.7701070336391437,3.210487,44,c3_lora_abstracts/fl_fedavg_lora
Media Technology,30,32,0.7885416666666667,1.5929141,44,c3_lora_abstracts/fl_fedavg_lora
Molecular Biology,614,1001,0.8014322810739748,1.8884362,44,c3_lora_abstracts/fl_fedavg_lora
Neurology,99,219,0.889142567224759,2.5569334,44,c3_lora_abstracts/fl_fedavg_lora
Nutrition and Dietetics,23,80,0.8633152173913045,3.3238995,44,c3_lora_abstracts/fl_fedavg_lora
Obstetrics and Gynecology,25,66,0.9127272727272726,3.0211298,44,c3_lora_abstracts/fl_fedavg_lora
Oncology,148,318,0.8362017678055415,2.3229387,44,c3_lora_abstracts/fl_fedavg_lora
Organic Chemistry,57,206,0.6922159768352921,2.168824,44,c3_lora_abstracts/fl_fedavg_lora
Organizational Behavior and Human Resource Management,20,46,0.8771739130434784,2.5528457,44,c3_lora_abstracts/fl_fedavg_lora
Orthopedics and Sports Medicine,31,50,0.8161290322580644,2.0144835,44,c3_lora_abstracts/fl_fedavg_lora
Pathology and Forensic Medicine,77,178,0.8574347001313293,2.4716823,44,c3_lora_abstracts/fl_fedavg_lora
"Pediatrics, Perinatology and Child Health",26,101,0.8316831683168318,3.3995054,44,c3_lora_abstracts/fl_fedavg_lora
Pharmacology,67,188,0.8231581454429978,2.3721418,44,c3_lora_abstracts/fl_fedavg_lora
Physiology,82,256,0.8148104039634146,2.7500634,44,c3_lora_abstracts/fl_fedavg_lora
Plant Science,120,297,0.7079826038159371,1.7977697,44,c3_lora_abstracts/fl_fedavg_lora
Pollution,26,72,0.7179487179487181,1.9141709,44,c3_lora_abstracts/fl_fedavg_lora
Psychiatry and Mental health,29,179,0.8251781930263917,4.7252116,44,c3_lora_abstracts/fl_fedavg_lora
"Public Health, Environmental and Occupational Health",53,312,0.8304910498306726,3.7798836,44,c3_lora_abstracts/fl_fedavg_lora
Pulmonary and Respiratory Medicine,120,378,0.8386022927689595,2.860989,44,c3_lora_abstracts/fl_fedavg_lora
"Radiology, Nuclear Medicine and Imaging",83,216,0.8324687639446676,2.4843106,44,c3_lora_abstracts/fl_fedavg_lora
"Renewable Energy, Sustainability and the Environment",55,129,0.6595489781536293,1.7450615,44,c3_lora_abstracts/fl_fedavg_lora
Reproductive Medicine,22,76,0.8441985645933014,2.9464996,44,c3_lora_abstracts/fl_fedavg_lora
Rheumatology,45,130,0.7768376068376068,2.5402868,44,c3_lora_abstracts/fl_fedavg_lora
Signal Processing,39,54,0.8003323836657169,1.8775284,44,c3_lora_abstracts/fl_fedavg_lora
Social Psychology,38,113,0.8504890544946437,2.9864008,44,c3_lora_abstracts/fl_fedavg_lora
Sociology and Political Science,86,313,0.8512891002303292,3.3050618,44,c3_lora_abstracts/fl_fedavg_lora
Surgery,134,523,0.8445820610142405,3.443937,44,c3_lora_abstracts/fl_fedavg_lora
Water Science and Technology,44,81,0.7755331088664421,1.9423165,44,c3_lora_abstracts/fl_fedavg_lora
Accounting,24,47,0.8599290780141844,2.3768864,44,c3_lora_abstracts/fl_fedavg_lora_ft__personal
Aerospace Engineering,27,181,0.8826478412113771,4.6031604,44,c3_lora_abstracts/fl_fedavg_lora_ft__personal
Artificial Intelligence,347,321,0.8984306965803909,1.764108,44,c3_lora_abstracts/fl_fedavg_lora_ft__personal
Atmospheric Science,30,65,0.8187179487179487,2.5273793,44,c3_lora_abstracts/fl_fedavg_lora_ft__personal
"Atomic and Molecular Physics, and Optics",24,99,0.6702441077441078,2.2173064,44,c3_lora_abstracts/fl_fedavg_lora_ft__personal
Automotive Engineering,26,59,0.8376792698826597,2.3540626,44,c3_lora_abstracts/fl_fedavg_lora_ft__personal
Biomaterials,39,72,0.7243589743589743,1.8409992,44,c3_lora_abstracts/fl_fedavg_lora_ft__personal
Biomedical Engineering,163,341,0.8269614810283721,2.2837486,44,c3_lora_abstracts/fl_fedavg_lora_ft__personal
Building and Construction,47,107,0.8513620998210379,2.4109612,44,c3_lora_abstracts/fl_fedavg_lora_ft__personal
Business and International Management,50,21,0.8185714285714286,1.2989591,44,c3_lora_abstracts/fl_fedavg_lora_ft__personal
Cancer Research,453,277,0.8711199305074075,1.4573662,44,c3_lora_abstracts/fl_fedavg_lora_ft__personal
Cardiology and Cardiovascular Medicine,78,233,0.8693188070870473,3.0253022,44,c3_lora_abstracts/fl_fedavg_lora_ft__personal
Cell Biology,69,107,0.8458621156711363,2.0440223,44,c3_lora_abstracts/fl_fedavg_lora_ft__personal
Cellular and Molecular Neuroscience,33,108,0.8313692480359147,2.6362243,44,c3_lora_abstracts/fl_fedavg_lora_ft__personal
Civil and Structural Engineering,57,222,0.8772324956535482,3.4260461,44,c3_lora_abstracts/fl_fedavg_lora_ft__personal
Clinical Psychology,31,169,0.824584844435961,3.9677043,44,c3_lora_abstracts/fl_fedavg_lora_ft__personal
Cognitive Neuroscience,33,180,0.8467171717171716,4.215777,44,c3_lora_abstracts/fl_fedavg_lora_ft__personal
Complementary and alternative medicine,46,74,0.9346357226792009,2.3386855,44,c3_lora_abstracts/fl_fedavg_lora_ft__personal
Computational Mechanics,20,85,0.7902941176470588,3.181604,44,c3_lora_abstracts/fl_fedavg_lora_ft__personal
Computational Theory and Mathematics,31,102,0.8412397216951296,3.1659257,44,c3_lora_abstracts/fl_fedavg_lora_ft__personal
Computer Graphics and Computer-Aided Design,48,27,0.7939814814814814,1.3918998,44,c3_lora_abstracts/fl_fedavg_lora_ft__personal
Computer Networks and Communications,154,146,0.8562088596335172,1.6874056,44,c3_lora_abstracts/fl_fedavg_lora_ft__personal
Computer Science Applications,21,23,0.8633540372670807,1.8227648,44,c3_lora_abstracts/fl_fedavg_lora_ft__personal
Computer Vision and Pattern Recognition,159,208,0.8747732220609579,2.0205023,44,c3_lora_abstracts/fl_fedavg_lora_ft__personal
Control and Systems Engineering,63,167,0.8719703450242373,2.8432808,44,c3_lora_abstracts/fl_fedavg_lora_ft__personal
Ecology,21,129,0.8300110741971208,3.5701885,44,c3_lora_abstracts/fl_fedavg_lora_ft__personal
Economics and Econometrics,108,193,0.9262857417002496,2.4236999,44,c3_lora_abstracts/fl_fedavg_lora_ft__personal
Education,90,108,0.9708847736625514,2.1217494,44,c3_lora_abstracts/fl_fedavg_lora_ft__personal
Electrical and Electronic Engineering,160,392,0.8481983418367347,2.519145,44,c3_lora_abstracts/fl_fedavg_lora_ft__personal
"Electronic, Optical and Magnetic Materials",44,78,0.6608391608391608,1.6258157,44,c3_lora_abstracts/fl_fedavg_lora_ft__personal
Endocrine and Autonomic Systems,20,27,0.9407407407407408,2.1997855,44,c3_lora_abstracts/fl_fedavg_lora_ft__personal
"Endocrinology, Diabetes and Metabolism",46,127,0.7695138651146868,2.2790062,44,c3_lora_abstracts/fl_fedavg_lora_ft__personal
Environmental Engineering,37,88,0.8416769041769042,2.4570029,44,c3_lora_abstracts/fl_fedavg_lora_ft__personal
Epidemiology,110,374,0.8635512882839085,3.2453117,44,c3_lora_abstracts/fl_fedavg_lora_ft__personal
Experimental and Cognitive Psychology,37,64,0.8171452702702702,2.130425,44,c3_lora_abstracts/fl_fedavg_lora_ft__personal
Food Science,26,104,0.8315458579881657,3.4171157,44,c3_lora_abstracts/fl_fedavg_lora_ft__personal
General Health Professions,23,171,0.8432494279176201,5.495748,44,c3_lora_abstracts/fl_fedavg_lora_ft__personal
Genetics,98,290,0.8235045742434904,2.5863447,44,c3_lora_abstracts/fl_fedavg_lora_ft__personal
Global and Planetary Change,33,118,0.8226759116589625,3.439439,44,c3_lora_abstracts/fl_fedavg_lora_ft__personal
Health Information Management,32,23,0.8994565217391304,1.588845,44,c3_lora_abstracts/fl_fedavg_lora_ft__personal
Hepatology,20,82,0.7524390243902439,2.690748,44,c3_lora_abstracts/fl_fedavg_lora_ft__personal
Human-Computer Interaction,20,26,0.8653846153846153,1.8755186,44,c3_lora_abstracts/fl_fedavg_lora_ft__personal
Immunology,111,204,0.8674041688747571,2.2231479,44,c3_lora_abstracts/fl_fedavg_lora_ft__personal
Industrial and Manufacturing Engineering,118,107,0.9233328053223506,1.7866759,44,c3_lora_abstracts/fl_fedavg_lora_ft__personal
Infectious Diseases,30,220,0.7715151515151515,3.5418298,44,c3_lora_abstracts/fl_fedavg_lora_ft__personal
Information Systems,161,141,0.8913263732875204,1.7069227,44,c3_lora_abstracts/fl_fedavg_lora_ft__personal
Inorganic Chemistry,69,87,0.9235382308845578,2.0921936,44,c3_lora_abstracts/fl_fedavg_lora_ft__personal
Management Information Systems,26,41,0.9071294559099438,2.2730365,44,c3_lora_abstracts/fl_fedavg_lora_ft__personal
Management Science and Operations Research,137,124,0.8399458441252649,1.6344178,44,c3_lora_abstracts/fl_fedavg_lora_ft__personal
Management of Technology and Innovation,27,27,0.9348422496570644,1.8825939,44,c3_lora_abstracts/fl_fedavg_lora_ft__personal
"Management, Monitoring, Policy and Law",24,51,0.9309640522875817,2.7368205,44,c3_lora_abstracts/fl_fedavg_lora_ft__personal
Materials Chemistry,130,365,0.7483667017913593,2.1353421,44,c3_lora_abstracts/fl_fedavg_lora_ft__personal
Mechanical Engineering,75,295,0.7491073446327683,2.6075706,44,c3_lora_abstracts/fl_fedavg_lora_ft__personal
Mechanics of Materials,30,218,0.8428899082568807,4.7509103,44,c3_lora_abstracts/fl_fedavg_lora_ft__personal
Media Technology,30,32,0.8375,1.7356077,44,c3_lora_abstracts/fl_fedavg_lora_ft__personal
Molecular Biology,614,1001,0.8491052921020348,2.062366,44,c3_lora_abstracts/fl_fedavg_lora_ft__personal
Neurology,99,219,0.9059775840597758,2.619636,44,c3_lora_abstracts/fl_fedavg_lora_ft__personal
Nutrition and Dietetics,23,80,0.9008152173913043,3.5904324,44,c3_lora_abstracts/fl_fedavg_lora_ft__personal
Obstetrics and Gynecology,25,66,0.8836363636363636,3.0483282,44,c3_lora_abstracts/fl_fedavg_lora_ft__personal
Oncology,148,318,0.8559939656637771,2.4489262,44,c3_lora_abstracts/fl_fedavg_lora_ft__personal
Organic Chemistry,57,206,0.7646056889797308,2.9355497,44,c3_lora_abstracts/fl_fedavg_lora_ft__personal
Organizational Behavior and Human Resource Management,20,46,0.9342391304347827,2.9310746,44,c3_lora_abstracts/fl_fedavg_lora_ft__personal
Orthopedics and Sports Medicine,31,50,0.8354838709677419,2.016632,44,c3_lora_abstracts/fl_fedavg_lora_ft__personal
Pathology and Forensic Medicine,77,178,0.8935137895812053,2.6748464,44,c3_lora_abstracts/fl_fedavg_lora_ft__personal
"Pediatrics, Perinatology and Child Health",26,101,0.8882330540746382,3.7646966,44,c3_lora_abstracts/fl_fedavg_lora_ft__personal
Pharmacology,67,188,0.8721022546840267,2.7218385,44,c3_lora_abstracts/fl_fedavg_lora_ft__personal
Physiology,82,256,0.8362709603658537,2.945619,44,c3_lora_abstracts/fl_fedavg_lora_ft__personal
Plant Science,120,297,0.8138748597081931,2.4146128,44,c3_lora_abstracts/fl_fedavg_lora_ft__personal
Pollution,26,72,0.8237179487179487,2.7031682,44,c3_lora_abstracts/fl_fedavg_lora_ft__personal
Psychiatry and Mental health,29,179,0.9081101907146985,5.4980583,44,c3_lora_abstracts/fl_fedavg_lora_ft__personal
"Public Health, Environmental and Occupational Health",53,312,0.8681059506531205,4.1940713,44,c3_lora_abstracts/fl_fedavg_lora_ft__personal
Pulmonary and Respiratory Medicine,120,378,0.8733465608465609,3.1599221,44,c3_lora_abstracts/fl_fedavg_lora_ft__personal
"Radiology, Nuclear Medicine and Imaging",83,216,0.8540551093261937,2.6515908,44,c3_lora_abstracts/fl_fedavg_lora_ft__personal
"Renewable Energy, Sustainability and the Environment",55,129,0.771599718111346,2.217896,44,c3_lora_abstracts/fl_fedavg_lora_ft__personal
Reproductive Medicine,22,76,0.8573564593301435,2.9406796,44,c3_lora_abstracts/fl_fedavg_lora_ft__personal
Rheumatology,45,130,0.8172649572649572,2.790322,44,c3_lora_abstracts/fl_fedavg_lora_ft__personal
Signal Processing,39,54,0.8219373219373219,1.9289218,44,c3_lora_abstracts/fl_fedavg_lora_ft__personal
Social Psychology,38,113,0.8836748952026083,3.2443419,44,c3_lora_abstracts/fl_fedavg_lora_ft__personal
Sociology and Political Science,86,313,0.8867486440300171,3.6887376,44,c3_lora_abstracts/fl_fedavg_lora_ft__personal
Surgery,134,523,0.887439000028538,3.7083025,44,c3_lora_abstracts/fl_fedavg_lora_ft__personal
Water Science and Technology,44,81,0.8647586980920313,2.3311455,44,c3_lora_abstracts/fl_fedavg_lora_ft__personal
Accounting,24,47,0.8572695035460992,2.3285105,44,c3_lora_abstracts/fl_fedper_lora__personal
Aerospace Engineering,27,181,0.8822385921833434,4.0066833,44,c3_lora_abstracts/fl_fedper_lora__personal
Artificial Intelligence,347,321,0.8879626886440968,1.7445049,44,c3_lora_abstracts/fl_fedper_lora__personal
Atmospheric Science,30,65,0.8182051282051281,2.5704892,44,c3_lora_abstracts/fl_fedper_lora__personal
"Atomic and Molecular Physics, and Optics",24,99,0.6294191919191918,2.1300704,44,c3_lora_abstracts/fl_fedper_lora__personal
Automotive Engineering,26,59,0.8102998696219035,2.3281207,44,c3_lora_abstracts/fl_fedper_lora__personal
Biomaterials,39,72,0.7218660968660968,1.8144933,44,c3_lora_abstracts/fl_fedper_lora__personal
Biomedical Engineering,163,341,0.8136840400841983,2.177651,44,c3_lora_abstracts/fl_fedper_lora__personal
Building and Construction,47,107,0.8385364883674686,2.3498182,44,c3_lora_abstracts/fl_fedper_lora__personal
Business and International Management,50,21,0.8014285714285714,1.2896056,44,c3_lora_abstracts/fl_fedper_lora__personal
Cancer Research,453,277,0.867031662163993,1.4554098,44,c3_lora_abstracts/fl_fedper_lora__personal
Cardiology and Cardiovascular Medicine,78,233,0.8540772532188843,2.9829895,44,c3_lora_abstracts/fl_fedper_lora__personal
Cell Biology,69,107,0.8302180685358256,1.9316617,44,c3_lora_abstracts/fl_fedper_lora__personal
Cellular and Molecular Neuroscience,33,108,0.8028900112233446,2.5226521,44,c3_lora_abstracts/fl_fedper_lora__personal
Civil and Structural Engineering,57,222,0.8660897739845108,3.3869474,44,c3_lora_abstracts/fl_fedper_lora__personal
Clinical Psychology,31,169,0.8210536361901126,3.809179,44,c3_lora_abstracts/fl_fedper_lora__personal
Cognitive Neuroscience,33,180,0.8446969696969697,4.1367927,44,c3_lora_abstracts/fl_fedper_lora__personal
Complementary and alternative medicine,46,74,0.9230317273795535,2.295544,44,c3_lora_abstracts/fl_fedper_lora__personal
Computational Mechanics,20,85,0.7885294117647058,2.9858606,44,c3_lora_abstracts/fl_fedper_lora__personal
Computational Theory and Mathematics,31,102,0.8360215053763441,3.1210918,44,c3_lora_abstracts/fl_fedper_lora__personal
Computer Graphics and Computer-Aided Design,48,27,0.7465277777777778,1.3370731,44,c3_lora_abstracts/fl_fedper_lora__personal
Computer Networks and Communications,154,146,0.8304127379469846,1.6499528,44,c3_lora_abstracts/fl_fedper_lora__personal
Computer Science Applications,21,23,0.8178053830227744,1.7218316,44,c3_lora_abstracts/fl_fedper_lora__personal
Computer Vision and Pattern Recognition,159,208,0.8603047895500726,1.9970579,44,c3_lora_abstracts/fl_fedper_lora__personal
Control and Systems Engineering,63,167,0.8517726451858187,2.7531605,44,c3_lora_abstracts/fl_fedper_lora__personal
Ecology,21,129,0.7875599852344038,2.9819636,44,c3_lora_abstracts/fl_fedper_lora__personal
Economics and Econometrics,108,193,0.9237190558434081,2.4213738,44,c3_lora_abstracts/fl_fedper_lora__personal
Education,90,108,0.9594650205761318,2.095937,44,c3_lora_abstracts/fl_fedper_lora__personal
Electrical and Electronic Engineering,160,392,0.8113679846938777,2.29879,44,c3_lora_abstracts/fl_fedper_lora__personal
"Electronic, Optical and Magnetic Materials",44,78,0.6730769230769231,1.570261,44,c3_lora_abstracts/fl_fedper_lora__personal
Endocrine and Autonomic Systems,20,27,0.8648148148148147,1.9710151,44,c3_lora_abstracts/fl_fedper_lora__personal
"Endocrinology, Diabetes and Metabolism",46,127,0.764977747346799,2.3042066,44,c3_lora_abstracts/fl_fedper_lora__personal
Environmental Engineering,37,88,0.8207923832923834,2.445522,44,c3_lora_abstracts/fl_fedper_lora__personal
Epidemiology,110,374,0.8590666018473506,3.186323,44,c3_lora_abstracts/fl_fedper_lora__personal
Experimental and Cognitive Psychology,37,64,0.8338260135135136,2.185217,44,c3_lora_abstracts/fl_fedper_lora__personal
Food Science,26,104,0.8211908284023669,3.185727,44,c3_lora_abstracts/fl_fedper_lora__personal
General Health Professions,23,171,0.8367658276125096,5.4119725,44,c3_lora_abstracts/fl_fedper_lora__personal
Genetics,98,290,0.7975897255453905,2.4099596,44,c3_lora_abstracts/fl_fedper_lora__personal
Global and Planetary Change,33,118,0.809065228556754,3.3668156,44,c3_lora_abstracts/fl_fedper_lora__personal
Health Information Management,32,23,0.8980978260869565,1.5918132,44,c3_lora_abstracts/fl_fedper_lora__personal
Hepatology,20,82,0.7832317073170733,2.7902722,44,c3_lora_abstracts/fl_fedper_lora__personal
Human-Computer Interaction,20,26,0.8788461538461538,1.8935037,44,c3_lora_abstracts/fl_fedper_lora__personal
Immunology,111,204,0.8331566860978625,2.0879798,44,c3_lora_abstracts/fl_fedper_lora__personal
Industrial and Manufacturing Engineering,118,107,0.8815143354981785,1.7106854,44,c3_lora_abstracts/fl_fedper_lora__personal
Infectious Diseases,30,220,0.7650000000000001,3.5714123,44,c3_lora_abstracts/fl_fedper_lora__personal
Information Systems,161,141,0.8807101008766134,1.6869423,44,c3_lora_abstracts/fl_fedper_lora__personal
Inorganic Chemistry,69,87,0.9097951024487756,2.029598,44,c3_lora_abstracts/fl_fedper_lora__personal
Management Information Systems,26,41,0.8592870544090057,2.0962443,44,c3_lora_abstracts/fl_fedper_lora__personal
Management Science and Operations Research,137,124,0.8224923475394397,1.5882479,44,c3_lora_abstracts/fl_fedper_lora__personal
Management of Technology and Innovation,27,27,0.934156378600823,1.8842502,44,c3_lora_abstracts/fl_fedper_lora__personal
"Management, Monitoring, Policy and Law",24,51,0.9248366013071896,2.7430782,44,c3_lora_abstracts/fl_fedper_lora__personal
Materials Chemistry,130,365,0.7151106427818756,1.9323925,44,c3_lora_abstracts/fl_fedper_lora__personal
Mechanical Engineering,75,295,0.7055141242937853,2.3316252,44,c3_lora_abstracts/fl_fedper_lora__personal
Mechanics of Materials,30,218,0.8429663608562692,4.2236853,44,c3_lora_abstracts/fl_fedper_lora__personal
Media Technology,30,32,0.8046875,1.6528641,44,c3_lora_abstracts/fl_fedper_lora__personal
Molecular Biology,614,1001,0.834957387888984,2.0161748,44,c3_lora_abstracts/fl_fedper_lora__personal
Neurology,99,219,0.9088141690881417,2.6433368,44,c3_lora_abstracts/fl_fedper_lora__personal
Nutrition and Dietetics,23,80,0.8831521739130435,3.5130613,44,c3_lora_abstracts/fl_fedper_lora__personal
Obstetrics and Gynecology,25,66,0.870909090909091,2.925028,44,c3_lora_abstracts/fl_fedper_lora__personal
Oncology,148,318,0.8612102668706443,2.4457386,44,c3_lora_abstracts/fl_fedper_lora__personal
Organic Chemistry,57,206,0.7406745017884517,2.6293151,44,c3_lora_abstracts/fl_fedper_lora__personal
Organizational Behavior and Human Resource Management,20,46,0.9271739130434783,2.7946587,44,c3_lora_abstracts/fl_fedper_lora__personal
Orthopedics and Sports Medicine,31,50,0.8538709677419355,2.1335163,44,c3_lora_abstracts/fl_fedper_lora__personal
Pathology and Forensic Medicine,77,178,0.8922369765066394,2.6262133,44,c3_lora_abstracts/fl_fedper_lora__personal
"Pediatrics, Perinatology and Child Health",26,101,0.8815689261233817,3.7698321,44,c3_lora_abstracts/fl_fedper_lora__personal
Pharmacology,67,188,0.8588440774849159,2.7009554,44,c3_lora_abstracts/fl_fedper_lora__personal
Physiology,82,256,0.8414872332317073,2.8844829,44,c3_lora_abstracts/fl_fedper_lora__personal
Plant Science,120,297,0.7941638608305276,2.3230324,44,c3_lora_abstracts/fl_fedper_lora__personal
Pollution,26,72,0.8587072649572649,3.057955,44,c3_lora_abstracts/fl_fedper_lora__personal
Psychiatry and Mental health,29,179,0.8906761702947409,5.380642,44,c3_lora_abstracts/fl_fedper_lora__personal
"Public Health, Environmental and Occupational Health",53,312,0.8516872278664731,3.9847078,44,c3_lora_abstracts/fl_fedper_lora__personal
Pulmonary and Respiratory Medicine,120,378,0.8672729276895944,3.0915563,44,c3_lora_abstracts/fl_fedper_lora__personal
"Radiology, Nuclear Medicine and Imaging",83,216,0.8349509147701919,2.563522,44,c3_lora_abstracts/fl_fedper_lora__personal
"Renewable Energy, Sustainability and the Environment",55,129,0.7372093023255814,2.011655,44,c3_lora_abstracts/fl_fedper_lora__personal
Reproductive Medicine,22,76,0.8382177033492823,2.9458418,44,c3_lora_abstracts/fl_fedper_lora__personal
Rheumatology,45,130,0.8121367521367521,2.7918437,44,c3_lora_abstracts/fl_fedper_lora__personal
Signal Processing,39,54,0.8228869895536562,1.9263458,44,c3_lora_abstracts/fl_fedper_lora__personal
Social Psychology,38,113,0.8631811830461109,3.1654272,44,c3_lora_abstracts/fl_fedper_lora__personal
Sociology and Political Science,86,313,0.8891448101642023,3.5939841,44,c3_lora_abstracts/fl_fedper_lora__personal
Surgery,134,523,0.8716360834451071,3.5864682,44,c3_lora_abstracts/fl_fedper_lora__personal
Water Science and Technology,44,81,0.813692480359147,2.0300555,44,c3_lora_abstracts/fl_fedper_lora__personal
Accounting,24,47,0.8763297872340425,2.3765073,44,c3_lora_abstracts/local_lora__personal
Aerospace Engineering,27,181,0.8895027624309393,5.045263,44,c3_lora_abstracts/local_lora__personal
Artificial Intelligence,347,321,0.8984845628304919,1.7604705,44,c3_lora_abstracts/local_lora__personal
Atmospheric Science,30,65,0.8171794871794871,2.5415812,44,c3_lora_abstracts/local_lora__personal
"Atomic and Molecular Physics, and Optics",24,99,0.5963804713804715,2.1128805,44,c3_lora_abstracts/local_lora__personal
Automotive Engineering,26,59,0.7904172099087353,2.379995,44,c3_lora_abstracts/local_lora__personal
Biomaterials,39,72,0.739494301994302,1.9227843,44,c3_lora_abstracts/local_lora__personal
Biomedical Engineering,163,341,0.8150603601820701,2.1579986,44,c3_lora_abstracts/local_lora__personal
Building and Construction,47,107,0.858719427321535,2.415545,44,c3_lora_abstracts/local_lora__personal
Business and International Management,50,21,0.8161904761904762,1.3022686,44,c3_lora_abstracts/local_lora__personal
Cancer Research,453,277,0.8667208581378855,1.450503,44,c3_lora_abstracts/local_lora__personal
Cardiology and Cardiovascular Medicine,78,233,0.8620831957741829,2.9861557,44,c3_lora_abstracts/local_lora__personal
Cell Biology,69,107,0.8430854666124882,2.036875,44,c3_lora_abstracts/local_lora__personal
Cellular and Molecular Neuroscience,33,108,0.8179012345679012,2.433709,44,c3_lora_abstracts/local_lora__personal
Civil and Structural Engineering,57,222,0.8721352931879248,3.5870812,44,c3_lora_abstracts/local_lora__personal
Clinical Psychology,31,169,0.7703760259591526,3.3831415,44,c3_lora_abstracts/local_lora__personal
Cognitive Neuroscience,33,180,0.7946969696969696,3.9283345,44,c3_lora_abstracts/local_lora__personal
Complementary and alternative medicine,46,74,0.9101057579318449,2.2630444,44,c3_lora_abstracts/local_lora__personal
Computational Mechanics,20,85,0.7420588235294118,2.6788473,44,c3_lora_abstracts/local_lora__personal
Computational Theory and Mathematics,31,102,0.8481973434535105,3.0560699,44,c3_lora_abstracts/local_lora__personal
Computer Graphics and Computer-Aided Design,48,27,0.6944444444444445,1.2766666,44,c3_lora_abstracts/local_lora__personal
Computer Networks and Communications,154,146,0.8356609144280377,1.657703,44,c3_lora_abstracts/local_lora__personal
Computer Science Applications,21,23,0.8426501035196687,1.8082265,44,c3_lora_abstracts/local_lora__personal
Computer Vision and Pattern Recognition,159,208,0.8560716013546201,1.9895099,44,c3_lora_abstracts/local_lora__personal
Control and Systems Engineering,63,167,0.8656971770744225,2.8563945,44,c3_lora_abstracts/local_lora__personal
Ecology,21,129,0.7310815799187892,2.1450362,44,c3_lora_abstracts/local_lora__personal
Economics and Econometrics,108,193,0.9186576472845903,2.3722436,44,c3_lora_abstracts/local_lora__personal
Education,90,108,0.959619341563786,2.0836396,44,c3_lora_abstracts/local_lora__personal
Electrical and Electronic Engineering,160,392,0.8295440051020407,2.4767113,44,c3_lora_abstracts/local_lora__personal
"Electronic, Optical and Magnetic Materials",44,78,0.7122668997668997,1.7392105,44,c3_lora_abstracts/local_lora__personal
Endocrine and Autonomic Systems,20,27,0.8342592592592593,1.874518,44,c3_lora_abstracts/local_lora__personal
"Endocrinology, Diabetes and Metabolism",46,127,0.7494008901061281,2.3976302,44,c3_lora_abstracts/local_lora__personal
Environmental Engineering,37,88,0.8398341523341524,2.4743822,44,c3_lora_abstracts/local_lora__personal
Epidemiology,110,374,0.8618011667476908,3.2137372,44,c3_lora_abstracts/local_lora__personal
Experimental and Cognitive Psychology,37,64,0.838893581081081,2.1968396,44,c3_lora_abstracts/local_lora__personal
Food Science,26,104,0.8463387573964497,3.2809498,44,c3_lora_abstracts/local_lora__personal
General Health Professions,23,171,0.8320620391558606,5.7702794,44,c3_lora_abstracts/local_lora__personal
Genetics,98,290,0.7886523574947221,2.4440403,44,c3_lora_abstracts/local_lora__personal
Global and Planetary Change,33,118,0.8094504365690807,3.370229,44,c3_lora_abstracts/local_lora__personal
Health Information Management,32,23,0.8756793478260869,1.5746801,44,c3_lora_abstracts/local_lora__personal
Hepatology,20,82,0.8146341463414634,2.8335052,44,c3_lora_abstracts/local_lora__personal
Human-Computer Interaction,20,26,0.8788461538461538,1.8840039,44,c3_lora_abstracts/local_lora__personal
Immunology,111,204,0.8439542483660131,2.1519032,44,c3_lora_abstracts/local_lora__personal
Industrial and Manufacturing Engineering,118,107,0.9004435292254079,1.7450492,44,c3_lora_abstracts/local_lora__personal
Infectious Diseases,30,220,0.7611363636363636,3.77762,44,c3_lora_abstracts/local_lora__personal
Information Systems,161,141,0.8787498348090392,1.6820027,44,c3_lora_abstracts/local_lora__personal
Inorganic Chemistry,69,87,0.9065467266366816,2.046545,44,c3_lora_abstracts/local_lora__personal
Management Information Systems,26,41,0.8710131332082552,2.1789944,44,c3_lora_abstracts/local_lora__personal
Management Science and Operations Research,137,124,0.8418295267247469,1.641141,44,c3_lora_abstracts/local_lora__personal
Management of Technology and Innovation,27,27,0.9341563786008231,1.8817691,44,c3_lora_abstracts/local_lora__personal
"Management, Monitoring, Policy and Law",24,51,0.917483660130719,2.64928,44,c3_lora_abstracts/local_lora__personal
Materials Chemistry,130,365,0.7614857744994732,2.2006052,44,c3_lora_abstracts/local_lora__personal
Mechanical Engineering,75,295,0.7223728813559321,2.4980257,44,c3_lora_abstracts/local_lora__personal
Mechanics of Materials,30,218,0.840519877675841,4.5346947,44,c3_lora_abstracts/local_lora__personal
Media Technology,30,32,0.8093750000000001,1.6845726,44,c3_lora_abstracts/local_lora__personal
Molecular Biology,614,1001,0.84004187994416,2.0199008,44,c3_lora_abstracts/local_lora__personal
Neurology,99,219,0.9073843457405102,2.6259093,44,c3_lora_abstracts/local_lora__personal
Nutrition and Dietetics,23,80,0.8684782608695651,3.3031092,44,c3_lora_abstracts/local_lora__personal
Obstetrics and Gynecology,25,66,0.8793939393939394,2.9879787,44,c3_lora_abstracts/local_lora__personal
Oncology,148,318,0.863101308856026,2.4621139,44,c3_lora_abstracts/local_lora__personal
Organic Chemistry,57,206,0.7333077840231647,2.8021512,44,c3_lora_abstracts/local_lora__personal
Organizational Behavior and Human Resource Management,20,46,0.8907608695652174,2.5913298,44,c3_lora_abstracts/local_lora__personal
Orthopedics and Sports Medicine,31,50,0.8883870967741936,2.191157,44,c3_lora_abstracts/local_lora__personal
Pathology and Forensic Medicine,77,178,0.8893550269954764,2.5969148,44,c3_lora_abstracts/local_lora__personal
"Pediatrics, Perinatology and Child Health",26,101,0.8907083015993907,3.8313153,44,c3_lora_abstracts/local_lora__personal
Pharmacology,67,188,0.8566608447126072,2.7625344,44,c3_lora_abstracts/local_lora__personal
Physiology,82,256,0.833031631097561,2.8901517,44,c3_lora_abstracts/local_lora__personal
Plant Science,120,297,0.8014309764309765,2.3428106,44,c3_lora_abstracts/local_lora__personal
Pollution,26,72,0.8207799145299145,2.7326255,44,c3_lora_abstracts/local_lora__personal
Psychiatry and Mental health,29,179,0.8936621074937392,5.288738,44,c3_lora_abstracts/local_lora__personal
"Public Health, Environmental and Occupational Health",53,312,0.8441884373488147,3.9249768,44,c3_lora_abstracts/local_lora__personal
Pulmonary and Respiratory Medicine,120,378,0.8782517636684304,3.2353787,44,c3_lora_abstracts/local_lora__personal
"Radiology, Nuclear Medicine and Imaging",83,216,0.8395805443998215,2.593913,44,c3_lora_abstracts/local_lora__personal
"Renewable Energy, Sustainability and the Environment",55,129,0.7794221282593375,2.0693357,44,c3_lora_abstracts/local_lora__personal
Reproductive Medicine,22,76,0.847488038277512,3.0260074,44,c3_lora_abstracts/local_lora__personal
Rheumatology,45,130,0.817094017094017,2.710696,44,c3_lora_abstracts/local_lora__personal
Signal Processing,39,54,0.8494776828110161,2.0109131,44,c3_lora_abstracts/local_lora__personal
Social Psychology,38,113,0.8471122496506753,3.0776534,44,c3_lora_abstracts/local_lora__personal
Sociology and Political Science,86,313,0.894160041607846,3.6106937,44,c3_lora_abstracts/local_lora__personal
Surgery,134,523,0.8674053251904912,3.538578,44,c3_lora_abstracts/local_lora__personal
Water Science and Technology,44,81,0.8507295173961841,2.2086456,44,c3_lora_abstracts/local_lora__personal
Accounting,24,47,0.8439716312056738,2.258817,44,c3_lora_abstracts_modernbert-large/central_lora
Aerospace Engineering,27,181,0.8343564559034172,3.8058465,44,c3_lora_abstracts_modernbert-large/central_lora
Artificial Intelligence,347,321,0.8917557704220419,1.741941,44,c3_lora_abstracts_modernbert-large/central_lora
Atmospheric Science,30,65,0.8448717948717949,2.5492501,44,c3_lora_abstracts_modernbert-large/central_lora
"Atomic and Molecular Physics, and Optics",24,99,0.5631313131313131,1.7166269,44,c3_lora_abstracts_modernbert-large/central_lora
Automotive Engineering,26,59,0.8265971316818774,2.3954213,44,c3_lora_abstracts_modernbert-large/central_lora
Biomaterials,39,72,0.7207977207977208,1.7596328,44,c3_lora_abstracts_modernbert-large/central_lora
Biomedical Engineering,163,341,0.792301603008114,2.155093,44,c3_lora_abstracts_modernbert-large/central_lora
Building and Construction,47,107,0.8331676277589979,2.3101714,44,c3_lora_abstracts_modernbert-large/central_lora
Business and International Management,50,21,0.7966666666666666,1.2844334,44,c3_lora_abstracts_modernbert-large/central_lora
Cancer Research,453,277,0.8429005188036436,1.425226,44,c3_lora_abstracts_modernbert-large/central_lora
Cardiology and Cardiovascular Medicine,78,233,0.8670078133597448,3.0827537,44,c3_lora_abstracts_modernbert-large/central_lora
Cell Biology,69,107,0.8449817147501016,1.9930072,44,c3_lora_abstracts_modernbert-large/central_lora
Cellular and Molecular Neuroscience,33,108,0.8233726150392817,2.7116487,44,c3_lora_abstracts_modernbert-large/central_lora
Civil and Structural Engineering,57,222,0.874387545440177,3.5301478,44,c3_lora_abstracts_modernbert-large/central_lora
Clinical Psychology,31,169,0.8397594960870396,3.9886944,44,c3_lora_abstracts_modernbert-large/central_lora
Cognitive Neuroscience,33,180,0.8363636363636364,4.240249,44,c3_lora_abstracts_modernbert-large/central_lora
Complementary and alternative medicine,46,74,0.9098119858989424,2.2443132,44,c3_lora_abstracts_modernbert-large/central_lora
Computational Mechanics,20,85,0.7829411764705883,3.3026311,44,c3_lora_abstracts_modernbert-large/central_lora
Computational Theory and Mathematics,31,102,0.8164136622390893,2.9235835,44,c3_lora_abstracts_modernbert-large/central_lora
Computer Graphics and Computer-Aided Design,48,27,0.7943672839506173,1.3774658,44,c3_lora_abstracts_modernbert-large/central_lora
Computer Networks and Communications,154,146,0.8509384451165274,1.6810979,44,c3_lora_abstracts_modernbert-large/central_lora
Computer Science Applications,21,23,0.8426501035196687,1.7198544,44,c3_lora_abstracts_modernbert-large/central_lora
Computer Vision and Pattern Recognition,159,208,0.8488147073052733,1.9531708,44,c3_lora_abstracts_modernbert-large/central_lora
Control and Systems Engineering,63,167,0.8553369451573044,2.726843,44,c3_lora_abstracts_modernbert-large/central_lora
Ecology,21,129,0.8263196751568845,3.646326,44,c3_lora_abstracts_modernbert-large/central_lora
Economics and Econometrics,108,193,0.9176741508347726,2.3471868,44,c3_lora_abstracts_modernbert-large/central_lora
Education,90,108,0.9437242798353909,2.0708425,44,c3_lora_abstracts_modernbert-large/central_lora
Electrical and Electronic Engineering,160,392,0.8180803571428571,2.4148881,44,c3_lora_abstracts_modernbert-large/central_lora
"Electronic, Optical and Magnetic Materials",44,78,0.7221736596736597,1.746952,44,c3_lora_abstracts_modernbert-large/central_lora
Endocrine and Autonomic Systems,20,27,0.9277777777777778,2.1611118,44,c3_lora_abstracts_modernbert-large/central_lora
"Endocrinology, Diabetes and Metabolism",46,127,0.7710544334132147,2.3458235,44,c3_lora_abstracts_modernbert-large/central_lora
Environmental Engineering,37,88,0.8178746928746929,2.3791611,44,c3_lora_abstracts_modernbert-large/central_lora
Epidemiology,110,374,0.870855614973262,3.2265341,44,c3_lora_abstracts_modernbert-large/central_lora
Experimental and Cognitive Psychology,37,64,0.8505067567567568,2.147519,44,c3_lora_abstracts_modernbert-large/central_lora
Food Science,26,104,0.8304363905325445,3.1353757,44,c3_lora_abstracts_modernbert-large/central_lora
General Health Professions,23,171,0.8457920162725655,5.2115984,44,c3_lora_abstracts_modernbert-large/central_lora
Genetics,98,290,0.8003166783954961,2.3576324,44,c3_lora_abstracts_modernbert-large/central_lora
Global and Planetary Change,33,118,0.8629943502824858,3.52223,44,c3_lora_abstracts_modernbert-large/central_lora
Health Information Management,32,23,0.8845108695652174,1.5734336,44,c3_lora_abstracts_modernbert-large/central_lora
Hepatology,20,82,0.7814024390243903,2.5526683,44,c3_lora_abstracts_modernbert-large/central_lora
Human-Computer Interaction,20,26,0.9057692307692308,2.0398617,44,c3_lora_abstracts_modernbert-large/central_lora
Immunology,111,204,0.8450582935877053,2.1555426,44,c3_lora_abstracts_modernbert-large/central_lora
Industrial and Manufacturing Engineering,118,107,0.896325043560906,1.7335541,44,c3_lora_abstracts_modernbert-large/central_lora
Infectious Diseases,30,220,0.745530303030303,3.4861677,44,c3_lora_abstracts_modernbert-large/central_lora
Information Systems,161,141,0.8694991410070041,1.6624515,44,c3_lora_abstracts_modernbert-large/central_lora
Inorganic Chemistry,69,87,0.9188738963851407,2.0574217,44,c3_lora_abstracts_modernbert-large/central_lora
Management Information Systems,26,41,0.8635084427767354,2.0714376,44,c3_lora_abstracts_modernbert-large/central_lora
Management Science and Operations Research,137,124,0.8305862962090887,1.6008707,44,c3_lora_abstracts_modernbert-large/central_lora
Management of Technology and Innovation,27,27,0.9396433470507544,1.8853693,44,c3_lora_abstracts_modernbert-large/central_lora
"Management, Monitoring, Policy and Law",24,51,0.8807189542483661,2.6167426,44,c3_lora_abstracts_modernbert-large/central_lora
Materials Chemistry,130,365,0.7458798735511065,1.9850522,44,c3_lora_abstracts_modernbert-large/central_lora
Mechanical Engineering,75,295,0.7174689265536722,2.1556666,44,c3_lora_abstracts_modernbert-large/central_lora
Mechanics of Materials,30,218,0.8230886850152905,3.821772,44,c3_lora_abstracts_modernbert-large/central_lora
Media Technology,30,32,0.8520833333333333,1.77162,44,c3_lora_abstracts_modernbert-large/central_lora
Molecular Biology,614,1001,0.8372572053353812,1.99494,44,c3_lora_abstracts_modernbert-large/central_lora
Neurology,99,219,0.8911489322448227,2.600648,44,c3_lora_abstracts_modernbert-large/central_lora
Nutrition and Dietetics,23,80,0.9171195652173914,3.666406,44,c3_lora_abstracts_modernbert-large/central_lora
Obstetrics and Gynecology,25,66,0.8848484848484849,2.950415,44,c3_lora_abstracts_modernbert-large/central_lora
Oncology,148,318,0.870697348291688,2.4771264,44,c3_lora_abstracts_modernbert-large/central_lora
Organic Chemistry,57,206,0.7159342531084993,2.4591331,44,c3_lora_abstracts_modernbert-large/central_lora
Organizational Behavior and Human Resource Management,20,46,0.8826086956521739,2.634966,44,c3_lora_abstracts_modernbert-large/central_lora
Orthopedics and Sports Medicine,31,50,0.8587096774193548,2.1607888,44,c3_lora_abstracts_modernbert-large/central_lora
Pathology and Forensic Medicine,77,178,0.8921640157595214,2.6237016,44,c3_lora_abstracts_modernbert-large/central_lora
"Pediatrics, Perinatology and Child Health",26,101,0.8606245239908606,3.5374281,44,c3_lora_abstracts_modernbert-large/central_lora
Pharmacology,67,188,0.8578516989520482,2.6916056,44,c3_lora_abstracts_modernbert-large/central_lora
Physiology,82,256,0.8571598704268293,2.96701,44,c3_lora_abstracts_modernbert-large/central_lora
Plant Science,120,297,0.77996632996633,2.2518053,44,c3_lora_abstracts_modernbert-large/central_lora
Pollution,26,72,0.8052884615384615,2.4837425,44,c3_lora_abstracts_modernbert-large/central_lora
Psychiatry and Mental health,29,179,0.8719899826623001,5.185155,44,c3_lora_abstracts_modernbert-large/central_lora
"Public Health, Environmental and Occupational Health",53,312,0.8651124818577649,4.09568,44,c3_lora_abstracts_modernbert-large/central_lora
Pulmonary and Respiratory Medicine,120,378,0.8703483245149912,3.1331375,44,c3_lora_abstracts_modernbert-large/central_lora
"Radiology, Nuclear Medicine and Imaging",83,216,0.8644578313253012,2.725486,44,c3_lora_abstracts_modernbert-large/central_lora
"Renewable Energy, Sustainability and the Environment",55,129,0.7580690627202255,2.1255114,44,c3_lora_abstracts_modernbert-large/central_lora
Reproductive Medicine,22,76,0.8543660287081339,3.2230685,44,c3_lora_abstracts_modernbert-large/central_lora
Rheumatology,45,130,0.8079487179487178,2.736686,44,c3_lora_abstracts_modernbert-large/central_lora
Signal Processing,39,54,0.8105413105413106,1.874786,44,c3_lora_abstracts_modernbert-large/central_lora
Social Psychology,38,113,0.8641127154168607,3.1237733,44,c3_lora_abstracts_modernbert-large/central_lora
Sociology and Political Science,86,313,0.8857455977412882,3.5542197,44,c3_lora_abstracts_modernbert-large/central_lora
Surgery,134,523,0.8887945549499159,3.8377693,44,c3_lora_abstracts_modernbert-large/central_lora
Water Science and Technology,44,81,0.8183221099887766,2.1062253,44,c3_lora_abstracts_modernbert-large/central_lora
Accounting,24,47,0.8492907801418439,2.3221765,44,c3_lora_abstracts_modernbert-large/fl_fedavg_lora
Aerospace Engineering,27,181,0.8252506650296706,3.5346181,44,c3_lora_abstracts_modernbert-large/fl_fedavg_lora
Artificial Intelligence,347,321,0.879950083941573,1.7085702,44,c3_lora_abstracts_modernbert-large/fl_fedavg_lora
Atmospheric Science,30,65,0.8364102564102563,2.547584,44,c3_lora_abstracts_modernbert-large/fl_fedavg_lora
"Atomic and Molecular Physics, and Optics",24,99,0.5526094276094274,1.6989703,44,c3_lora_abstracts_modernbert-large/fl_fedavg_lora
Automotive Engineering,26,59,0.8057366362451108,2.3090293,44,c3_lora_abstracts_modernbert-large/fl_fedavg_lora
Biomaterials,39,72,0.6394230769230769,1.5845195,44,c3_lora_abstracts_modernbert-large/fl_fedavg_lora
Biomedical Engineering,163,341,0.7391648525628339,1.9815819,44,c3_lora_abstracts_modernbert-large/fl_fedavg_lora
Building and Construction,47,107,0.8067210180950487,2.221747,44,c3_lora_abstracts_modernbert-large/fl_fedavg_lora
Business and International Management,50,21,0.7633333333333334,1.2444373,44,c3_lora_abstracts_modernbert-large/fl_fedavg_lora
Cancer Research,453,277,0.8082100078896406,1.3759503,44,c3_lora_abstracts_modernbert-large/fl_fedavg_lora
Cardiology and Cardiovascular Medicine,78,233,0.8466765709254979,2.8731256,44,c3_lora_abstracts_modernbert-large/fl_fedavg_lora
Cell Biology,69,107,0.8244616009752134,1.8830739,44,c3_lora_abstracts_modernbert-large/fl_fedavg_lora
Cellular and Molecular Neuroscience,33,108,0.7904040404040404,2.411499,44,c3_lora_abstracts_modernbert-large/fl_fedavg_lora
Civil and Structural Engineering,57,222,0.8609925715188873,3.337236,44,c3_lora_abstracts_modernbert-large/fl_fedavg_lora
Clinical Psychology,31,169,0.8361328497804924,3.8240383,44,c3_lora_abstracts_modernbert-large/fl_fedavg_lora
Cognitive Neuroscience,33,180,0.8451178451178452,4.275886,44,c3_lora_abstracts_modernbert-large/fl_fedavg_lora
Complementary and alternative medicine,46,74,0.8852820211515864,2.1386929,44,c3_lora_abstracts_modernbert-large/fl_fedavg_lora
Computational Mechanics,20,85,0.778235294117647,2.9602647,44,c3_lora_abstracts_modernbert-large/fl_fedavg_lora
Computational Theory and Mathematics,31,102,0.7784629981024668,2.634754,44,c3_lora_abstracts_modernbert-large/fl_fedavg_lora
Computer Graphics and Computer-Aided Design,48,27,0.7827932098765432,1.3634831,44,c3_lora_abstracts_modernbert-large/fl_fedavg_lora
Computer Networks and Communications,154,146,0.8400640455434977,1.6472788,44,c3_lora_abstracts_modernbert-large/fl_fedavg_lora
Computer Science Applications,21,23,0.8354037267080745,1.7479311,44,c3_lora_abstracts_modernbert-large/fl_fedavg_lora
Computer Vision and Pattern Recognition,159,208,0.8193940493468795,1.855884,44,c3_lora_abstracts_modernbert-large/fl_fedavg_lora
Control and Systems Engineering,63,167,0.8301017013591863,2.6548831,44,c3_lora_abstracts_modernbert-large/fl_fedavg_lora
Ecology,21,129,0.7967884828349945,3.655767,44,c3_lora_abstracts_modernbert-large/fl_fedavg_lora
Economics and Econometrics,108,193,0.870442333525235,2.1351938,44,c3_lora_abstracts_modernbert-large/fl_fedavg_lora
Education,90,108,0.9454732510288066,2.063874,44,c3_lora_abstracts_modernbert-large/fl_fedavg_lora
Electrical and Electronic Engineering,160,392,0.7867745535714287,2.2162404,44,c3_lora_abstracts_modernbert-large/fl_fedavg_lora
"Electronic, Optical and Magnetic Materials",44,78,0.6513694638694639,1.5496874,44,c3_lora_abstracts_modernbert-large/fl_fedavg_lora
Endocrine and Autonomic Systems,20,27,0.8194444444444444,1.9055258,44,c3_lora_abstracts_modernbert-large/fl_fedavg_lora
"Endocrinology, Diabetes and Metabolism",46,127,0.749743238616912,2.3760085,44,c3_lora_abstracts_modernbert-large/fl_fedavg_lora
Environmental Engineering,37,88,0.7828624078624078,2.3265557,44,c3_lora_abstracts_modernbert-large/fl_fedavg_lora
Epidemiology,110,374,0.8478974234321828,3.0209825,44,c3_lora_abstracts_modernbert-large/fl_fedavg_lora
Experimental and Cognitive Psychology,37,64,0.8184121621621622,2.0247395,44,c3_lora_abstracts_modernbert-large/fl_fedavg_lora
Food Science,26,104,0.7901257396449702,2.7620666,44,c3_lora_abstracts_modernbert-large/fl_fedavg_lora
General Health Professions,23,171,0.8527841342486651,5.534111,44,c3_lora_abstracts_modernbert-large/fl_fedavg_lora
Genetics,98,290,0.7683849401829698,2.150484,44,c3_lora_abstracts_modernbert-large/fl_fedavg_lora
Global and Planetary Change,33,118,0.8328197226502312,3.315982,44,c3_lora_abstracts_modernbert-large/fl_fedavg_lora
Health Information Management,32,23,0.8369565217391306,1.4914262,44,c3_lora_abstracts_modernbert-large/fl_fedavg_lora
Hepatology,20,82,0.7820121951219512,2.4836802,44,c3_lora_abstracts_modernbert-large/fl_fedavg_lora
Human-Computer Interaction,20,26,0.8634615384615384,1.9574901,44,c3_lora_abstracts_modernbert-large/fl_fedavg_lora
Immunology,111,204,0.8169713831478538,2.0444255,44,c3_lora_abstracts_modernbert-large/fl_fedavg_lora
Industrial and Manufacturing Engineering,118,107,0.8887216854110566,1.7184778,44,c3_lora_abstracts_modernbert-large/fl_fedavg_lora
Infectious Diseases,30,220,0.7203030303030303,3.2926137,44,c3_lora_abstracts_modernbert-large/fl_fedavg_lora
Information Systems,161,141,0.8572529844500243,1.6318011,44,c3_lora_abstracts_modernbert-large/fl_fedavg_lora
Inorganic Chemistry,69,87,0.8646510078294186,1.8996435,44,c3_lora_abstracts_modernbert-large/fl_fedavg_lora
Management Information Systems,26,41,0.8424015009380864,2.0625284,44,c3_lora_abstracts_modernbert-large/fl_fedavg_lora
Management Science and Operations Research,137,124,0.7289557334589122,1.4289461,44,c3_lora_abstracts_modernbert-large/fl_fedavg_lora
Management of Technology and Innovation,27,27,0.9368998628257887,1.8895901,44,c3_lora_abstracts_modernbert-large/fl_fedavg_lora
"Management, Monitoring, Policy and Law",24,51,0.8349673202614379,2.3042233,44,c3_lora_abstracts_modernbert-large/fl_fedavg_lora
Materials Chemistry,130,365,0.697218124341412,1.8154306,44,c3_lora_abstracts_modernbert-large/fl_fedavg_lora
Mechanical Engineering,75,295,0.7062372881355934,2.1160424,44,c3_lora_abstracts_modernbert-large/fl_fedavg_lora
Mechanics of Materials,30,218,0.7756880733944954,3.1989279,44,c3_lora_abstracts_modernbert-large/fl_fedavg_lora
Media Technology,30,32,0.7890625,1.5724751,44,c3_lora_abstracts_modernbert-large/fl_fedavg_lora
Molecular Biology,614,1001,0.8092754151386072,1.9065627,44,c3_lora_abstracts_modernbert-large/fl_fedavg_lora
Neurology,99,219,0.8893270605599373,2.5484107,44,c3_lora_abstracts_modernbert-large/fl_fedavg_lora
Nutrition and Dietetics,23,80,0.9057065217391305,3.6124895,44,c3_lora_abstracts_modernbert-large/fl_fedavg_lora
Obstetrics and Gynecology,25,66,0.9015151515151515,2.960677,44,c3_lora_abstracts_modernbert-large/fl_fedavg_lora
Oncology,148,318,0.8566101478837327,2.3918207,44,c3_lora_abstracts_modernbert-large/fl_fedavg_lora
Organic Chemistry,57,206,0.6855305740078351,2.0792747,44,c3_lora_abstracts_modernbert-large/fl_fedavg_lora
Organizational Behavior and Human Resource Management,20,46,0.8896739130434782,2.5967853,44,c3_lora_abstracts_modernbert-large/fl_fedavg_lora
Orthopedics and Sports Medicine,31,50,0.8387096774193548,2.0565703,44,c3_lora_abstracts_modernbert-large/fl_fedavg_lora
Pathology and Forensic Medicine,77,178,0.869874507514957,2.4542422,44,c3_lora_abstracts_modernbert-large/fl_fedavg_lora
"Pediatrics, Perinatology and Child Health",26,101,0.8482482863670983,3.5151908,44,c3_lora_abstracts_modernbert-large/fl_fedavg_lora
Pharmacology,67,188,0.8355033343918705,2.5319068,44,c3_lora_abstracts_modernbert-large/fl_fedavg_lora
Physiology,82,256,0.837819169207317,2.8304503,44,c3_lora_abstracts_modernbert-large/fl_fedavg_lora
Plant Science,120,297,0.7154461279461279,1.9547904,44,c3_lora_abstracts_modernbert-large/fl_fedavg_lora
Pollution,26,72,0.7475961538461539,2.065203,44,c3_lora_abstracts_modernbert-large/fl_fedavg_lora
Psychiatry and Mental health,29,179,0.8424195723367367,5.0698776,44,c3_lora_abstracts_modernbert-large/fl_fedavg_lora
"Public Health, Environmental and Occupational Health",53,312,0.8374758103531689,3.7782307,44,c3_lora_abstracts_modernbert-large/fl_fedavg_lora
Pulmonary and Respiratory Medicine,120,378,0.8410383597883597,2.9054065,44,c3_lora_abstracts_modernbert-large/fl_fedavg_lora
"Radiology, Nuclear Medicine and Imaging",83,216,0.8410029004908522,2.4947145,44,c3_lora_abstracts_modernbert-large/fl_fedavg_lora
"Renewable Energy, Sustainability and the Environment",55,129,0.6684284707540521,1.7153738,44,c3_lora_abstracts_modernbert-large/fl_fedavg_lora
Reproductive Medicine,22,76,0.8358253588516746,3.0801814,44,c3_lora_abstracts_modernbert-large/fl_fedavg_lora
Rheumatology,45,130,0.7724786324786325,2.5475276,44,c3_lora_abstracts_modernbert-large/fl_fedavg_lora
Signal Processing,39,54,0.8122032288698955,1.8971262,44,c3_lora_abstracts_modernbert-large/fl_fedavg_lora
Social Psychology,38,113,0.8634140661387983,3.0178413,44,c3_lora_abstracts_modernbert-large/fl_fedavg_lora
Sociology and Political Science,86,313,0.8683966119325357,3.4093192,44,c3_lora_abstracts_modernbert-large/fl_fedavg_lora
Surgery,134,523,0.8714648554550384,3.6214669,44,c3_lora_abstracts_modernbert-large/fl_fedavg_lora
Water Science and Technology,44,81,0.7679573512906845,1.8975674,44,c3_lora_abstracts_modernbert-large/fl_fedavg_lora
Accounting,24,47,0.8687943262411348,2.3543463,44,c3_lora_abstracts_modernbert-large/fl_fedavg_lora_ft__personal
Aerospace Engineering,27,181,0.8832617147534274,4.5536017,44,c3_lora_abstracts_modernbert-large/fl_fedavg_lora_ft__personal
Artificial Intelligence,347,321,0.9056846849273255,1.7713538,44,c3_lora_abstracts_modernbert-large/fl_fedavg_lora_ft__personal
Atmospheric Science,30,65,0.8274358974358975,2.5223737,44,c3_lora_abstracts_modernbert-large/fl_fedavg_lora_ft__personal
"Atomic and Molecular Physics, and Optics",24,99,0.6464646464646465,2.1688914,44,c3_lora_abstracts_modernbert-large/fl_fedavg_lora_ft__personal
Automotive Engineering,26,59,0.825619295958279,2.3005767,44,c3_lora_abstracts_modernbert-large/fl_fedavg_lora_ft__personal
Biomaterials,39,72,0.709045584045584,1.7660025,44,c3_lora_abstracts_modernbert-large/fl_fedavg_lora_ft__personal
Biomedical Engineering,163,341,0.8226166273860713,2.2554147,44,c3_lora_abstracts_modernbert-large/fl_fedavg_lora_ft__personal
Building and Construction,47,107,0.8514615231656393,2.49204,44,c3_lora_abstracts_modernbert-large/fl_fedavg_lora_ft__personal
Business and International Management,50,21,0.8376190476190476,1.3118138,44,c3_lora_abstracts_modernbert-large/fl_fedavg_lora_ft__personal
Cancer Research,453,277,0.8679959515783265,1.4554453,44,c3_lora_abstracts_modernbert-large/fl_fedavg_lora_ft__personal
Cardiology and Cardiovascular Medicine,78,233,0.867695609111918,3.0004323,44,c3_lora_abstracts_modernbert-large/fl_fedavg_lora_ft__personal
Cell Biology,69,107,0.8539211702559935,2.0551972,44,c3_lora_abstracts_modernbert-large/fl_fedavg_lora_ft__personal
Cellular and Molecular Neuroscience,33,108,0.837962962962963,2.6048615,44,c3_lora_abstracts_modernbert-large/fl_fedavg_lora_ft__personal
Civil and Structural Engineering,57,222,0.8974632527264106,3.606713,44,c3_lora_abstracts_modernbert-large/fl_fedavg_lora_ft__personal
Clinical Psychology,31,169,0.8464401603359418,4.160647,44,c3_lora_abstracts_modernbert-large/fl_fedavg_lora_ft__personal
Cognitive Neuroscience,33,180,0.8335016835016834,4.2881584,44,c3_lora_abstracts_modernbert-large/fl_fedavg_lora_ft__personal
Complementary and alternative medicine,46,74,0.9350763807285546,2.3499901,44,c3_lora_abstracts_modernbert-large/fl_fedavg_lora_ft__personal
Computational Mechanics,20,85,0.8329411764705882,3.363458,44,c3_lora_abstracts_modernbert-large/fl_fedavg_lora_ft__personal
Computational Theory and Mathematics,31,102,0.8529411764705883,3.247337,44,c3_lora_abstracts_modernbert-large/fl_fedavg_lora_ft__personal
Computer Graphics and Computer-Aided Design,48,27,0.8595679012345679,1.45173,44,c3_lora_abstracts_modernbert-large/fl_fedavg_lora_ft__personal
Computer Networks and Communications,154,146,0.8706858210282867,1.7146237,44,c3_lora_abstracts_modernbert-large/fl_fedavg_lora_ft__personal
Computer Science Applications,21,23,0.8612836438923395,1.8060067,44,c3_lora_abstracts_modernbert-large/fl_fedavg_lora_ft__personal
Computer Vision and Pattern Recognition,159,208,0.87471274794388,2.0250008,44,c3_lora_abstracts_modernbert-large/fl_fedavg_lora_ft__personal
Control and Systems Engineering,63,167,0.8821404809428761,2.802464,44,c3_lora_abstracts_modernbert-large/fl_fedavg_lora_ft__personal
Ecology,21,129,0.8078626799557033,3.7689495,44,c3_lora_abstracts_modernbert-large/fl_fedavg_lora_ft__personal
Economics and Econometrics,108,193,0.9264536557282672,2.3918772,44,c3_lora_abstracts_modernbert-large/fl_fedavg_lora_ft__personal
Education,90,108,0.9686213991769548,2.1137404,44,c3_lora_abstracts_modernbert-large/fl_fedavg_lora_ft__personal
Electrical and Electronic Engineering,160,392,0.8509885204081633,2.5452871,44,c3_lora_abstracts_modernbert-large/fl_fedavg_lora_ft__personal
"Electronic, Optical and Magnetic Materials",44,78,0.7326631701631702,1.812823,44,c3_lora_abstracts_modernbert-large/fl_fedavg_lora_ft__personal
Endocrine and Autonomic Systems,20,27,0.9481481481481481,2.211751,44,c3_lora_abstracts_modernbert-large/fl_fedavg_lora_ft__personal
"Endocrinology, Diabetes and Metabolism",46,127,0.7695138651146868,2.3536978,44,c3_lora_abstracts_modernbert-large/fl_fedavg_lora_ft__personal
Environmental Engineering,37,88,0.8410626535626535,2.4086468,44,c3_lora_abstracts_modernbert-large/fl_fedavg_lora_ft__personal
Epidemiology,110,374,0.8765192027224112,3.2795517,44,c3_lora_abstracts_modernbert-large/fl_fedavg_lora_ft__personal
Experimental and Cognitive Psychology,37,64,0.8329814189189189,2.1178691,44,c3_lora_abstracts_modernbert-large/fl_fedavg_lora_ft__personal
Food Science,26,104,0.8557692307692308,3.4806201,44,c3_lora_abstracts_modernbert-large/fl_fedavg_lora_ft__personal
General Health Professions,23,171,0.8482074752097635,5.3127747,44,c3_lora_abstracts_modernbert-large/fl_fedavg_lora_ft__personal
Genetics,98,290,0.8340957072484168,2.632487,44,c3_lora_abstracts_modernbert-large/fl_fedavg_lora_ft__personal
Global and Planetary Change,33,118,0.8371854134565999,3.4994185,44,c3_lora_abstracts_modernbert-large/fl_fedavg_lora_ft__personal
Health Information Management,32,23,0.8940217391304348,1.5849848,44,c3_lora_abstracts_modernbert-large/fl_fedavg_lora_ft__personal
Hepatology,20,82,0.7542682926829268,2.6664264,44,c3_lora_abstracts_modernbert-large/fl_fedavg_lora_ft__personal
Human-Computer Interaction,20,26,0.8721153846153846,1.9042286,44,c3_lora_abstracts_modernbert-large/fl_fedavg_lora_ft__personal
Immunology,111,204,0.8679341105811694,2.2414622,44,c3_lora_abstracts_modernbert-large/fl_fedavg_lora_ft__personal
Industrial and Manufacturing Engineering,118,107,0.9282829082844923,1.7908311,44,c3_lora_abstracts_modernbert-large/fl_fedavg_lora_ft__personal
Infectious Diseases,30,220,0.7734090909090909,3.6478806,44,c3_lora_abstracts_modernbert-large/fl_fedavg_lora_ft__personal
Information Systems,161,141,0.9035284789216335,1.7225028,44,c3_lora_abstracts_modernbert-large/fl_fedavg_lora_ft__personal
Inorganic Chemistry,69,87,0.933616525070798,2.106212,44,c3_lora_abstracts_modernbert-large/fl_fedavg_lora_ft__personal
Management Information Systems,26,41,0.8658536585365854,2.1444924,44,c3_lora_abstracts_modernbert-large/fl_fedavg_lora_ft__personal
Management Science and Operations Research,137,124,0.8402107369908172,1.6331735,44,c3_lora_abstracts_modernbert-large/fl_fedavg_lora_ft__personal
Management of Technology and Innovation,27,27,0.953360768175583,1.9247712,44,c3_lora_abstracts_modernbert-large/fl_fedavg_lora_ft__personal
"Management, Monitoring, Policy and Law",24,51,0.9264705882352942,2.7649724,44,c3_lora_abstracts_modernbert-large/fl_fedavg_lora_ft__personal
Materials Chemistry,130,365,0.7565648050579558,2.095193,44,c3_lora_abstracts_modernbert-large/fl_fedavg_lora_ft__personal
Mechanical Engineering,75,295,0.7612655367231638,2.6999838,44,c3_lora_abstracts_modernbert-large/fl_fedavg_lora_ft__personal
Mechanics of Materials,30,218,0.8430428134556576,4.5062895,44,c3_lora_abstracts_modernbert-large/fl_fedavg_lora_ft__personal
Media Technology,30,32,0.878125,1.8108157,44,c3_lora_abstracts_modernbert-large/fl_fedavg_lora_ft__personal
Molecular Biology,614,1001,0.8511089887311385,2.0673497,44,c3_lora_abstracts_modernbert-large/fl_fedavg_lora_ft__personal
Neurology,99,219,0.9091370324247036,2.6728308,44,c3_lora_abstracts_modernbert-large/fl_fedavg_lora_ft__personal
Nutrition and Dietetics,23,80,0.9146739130434782,3.80443,44,c3_lora_abstracts_modernbert-large/fl_fedavg_lora_ft__personal
Obstetrics and Gynecology,25,66,0.8684848484848485,2.9418552,44,c3_lora_abstracts_modernbert-large/fl_fedavg_lora_ft__personal
Oncology,148,318,0.8732364439911611,2.5141537,44,c3_lora_abstracts_modernbert-large/fl_fedavg_lora_ft__personal
Organic Chemistry,57,206,0.7983733605859308,2.9160464,44,c3_lora_abstracts_modernbert-large/fl_fedavg_lora_ft__personal
Organizational Behavior and Human Resource Management,20,46,0.9510869565217391,3.010199,44,c3_lora_abstracts_modernbert-large/fl_fedavg_lora_ft__personal
Orthopedics and Sports Medicine,31,50,0.8596774193548388,2.0465477,44,c3_lora_abstracts_modernbert-large/fl_fedavg_lora_ft__personal
Pathology and Forensic Medicine,77,178,0.8924923391215526,2.643248,44,c3_lora_abstracts_modernbert-large/fl_fedavg_lora_ft__personal
"Pediatrics, Perinatology and Child Health",26,101,0.9067022086824067,3.9190307,44,c3_lora_abstracts_modernbert-large/fl_fedavg_lora_ft__personal
Pharmacology,67,188,0.8684106065417593,2.8282487,44,c3_lora_abstracts_modernbert-large/fl_fedavg_lora_ft__personal
Physiology,82,256,0.8588033536585366,2.9438684,44,c3_lora_abstracts_modernbert-large/fl_fedavg_lora_ft__personal
Plant Science,120,297,0.820117845117845,2.4834127,44,c3_lora_abstracts_modernbert-large/fl_fedavg_lora_ft__personal
Pollution,26,72,0.8373397435897436,2.8833053,44,c3_lora_abstracts_modernbert-large/fl_fedavg_lora_ft__personal
Psychiatry and Mental health,29,179,0.919668657291466,5.558095,44,c3_lora_abstracts_modernbert-large/fl_fedavg_lora_ft__personal
"Public Health, Environmental and Occupational Health",53,312,0.8769654088050315,4.377586,44,c3_lora_abstracts_modernbert-large/fl_fedavg_lora_ft__personal
Pulmonary and Respiratory Medicine,120,378,0.8805996472663139,3.243124,44,c3_lora_abstracts_modernbert-large/fl_fedavg_lora_ft__personal
"Radiology, Nuclear Medicine and Imaging",83,216,0.8581827309236948,2.6753175,44,c3_lora_abstracts_modernbert-large/fl_fedavg_lora_ft__personal
"Renewable Energy, Sustainability and the Environment",55,129,0.774277660324172,2.2230535,44,c3_lora_abstracts_modernbert-large/fl_fedavg_lora_ft__personal
Reproductive Medicine,22,76,0.8370215311004785,3.0688274,44,c3_lora_abstracts_modernbert-large/fl_fedavg_lora_ft__personal
Rheumatology,45,130,0.8318803418803419,2.8248572,44,c3_lora_abstracts_modernbert-large/fl_fedavg_lora_ft__personal
Signal Processing,39,54,0.8269230769230769,1.9319932,44,c3_lora_abstracts_modernbert-large/fl_fedavg_lora_ft__personal
Social Psychology,38,113,0.9118537494177923,3.3330362,44,c3_lora_abstracts_modernbert-large/fl_fedavg_lora_ft__personal
Sociology and Political Science,86,313,0.9081098149936846,3.8309832,44,c3_lora_abstracts_modernbert-large/fl_fedavg_lora_ft__personal
Surgery,134,523,0.9059601609543106,3.8937266,44,c3_lora_abstracts_modernbert-large/fl_fedavg_lora_ft__personal
Water Science and Technology,44,81,0.8566217732884399,2.2584221,44,c3_lora_abstracts_modernbert-large/fl_fedavg_lora_ft__personal
Accounting,24,47,0.8834219858156028,2.3991933,44,c3_lora_abstracts_modernbert-large/local_lora__personal
Aerospace Engineering,27,181,0.8824432166973604,4.673053,44,c3_lora_abstracts_modernbert-large/local_lora__personal
Artificial Intelligence,347,321,0.890462980419618,1.746696,44,c3_lora_abstracts_modernbert-large/local_lora__personal
Atmospheric Science,30,65,0.8064102564102564,2.5184171,44,c3_lora_abstracts_modernbert-large/local_lora__personal
"Atomic and Molecular Physics, and Optics",24,99,0.6529882154882154,2.0246956,44,c3_lora_abstracts_modernbert-large/local_lora__personal
Automotive Engineering,26,59,0.8259452411994785,2.3681366,44,c3_lora_abstracts_modernbert-large/local_lora__personal
Biomaterials,39,72,0.7288105413105413,1.87837,44,c3_lora_abstracts_modernbert-large/local_lora__personal
Biomedical Engineering,163,341,0.8063886440098592,2.1165848,44,c3_lora_abstracts_modernbert-large/local_lora__personal
Building and Construction,47,107,0.8490753628952078,2.463797,44,c3_lora_abstracts_modernbert-large/local_lora__personal
Business and International Management,50,21,0.8152380952380953,1.2997664,44,c3_lora_abstracts_modernbert-large/local_lora__personal
Cancer Research,453,277,0.8685139582885059,1.4540564,44,c3_lora_abstracts_modernbert-large/local_lora__personal
Cardiology and Cardiovascular Medicine,78,233,0.8483272807307142,2.9044724,44,c3_lora_abstracts_modernbert-large/local_lora__personal
Cell Biology,69,107,0.8402410944060682,2.0141454,44,c3_lora_abstracts_modernbert-large/local_lora__personal
Cellular and Molecular Neuroscience,33,108,0.8094837261503929,2.426466,44,c3_lora_abstracts_modernbert-large/local_lora__personal
Civil and Structural Engineering,57,222,0.871977240398293,3.4814217,44,c3_lora_abstracts_modernbert-large/local_lora__personal
Clinical Psychology,31,169,0.7816377171215881,3.36543,44,c3_lora_abstracts_modernbert-large/local_lora__personal
Cognitive Neuroscience,33,180,0.8223063973063974,4.274451,44,c3_lora_abstracts_modernbert-large/local_lora__personal
Complementary and alternative medicine,46,74,0.9004112808460634,2.2742968,44,c3_lora_abstracts_modernbert-large/local_lora__personal
Computational Mechanics,20,85,0.788235294117647,2.8537843,44,c3_lora_abstracts_modernbert-large/local_lora__personal
Computational Theory and Mathematics,31,102,0.8227387729285262,2.9578674,44,c3_lora_abstracts_modernbert-large/local_lora__personal
Computer Graphics and Computer-Aided Design,48,27,0.8067129629629629,1.3767033,44,c3_lora_abstracts_modernbert-large/local_lora__personal
Computer Networks and Communications,154,146,0.8303237858032378,1.638243,44,c3_lora_abstracts_modernbert-large/local_lora__personal
Computer Science Applications,21,23,0.8819875776397516,1.8665538,44,c3_lora_abstracts_modernbert-large/local_lora__personal
Computer Vision and Pattern Recognition,159,208,0.8729892356071602,2.0250924,44,c3_lora_abstracts_modernbert-large/local_lora__personal
Control and Systems Engineering,63,167,0.8678357570573139,2.7773395,44,c3_lora_abstracts_modernbert-large/local_lora__personal
Ecology,21,129,0.7541528239202657,2.9038835,44,c3_lora_abstracts_modernbert-large/local_lora__personal
Economics and Econometrics,108,193,0.9314191134139321,2.4643433,44,c3_lora_abstracts_modernbert-large/local_lora__personal
Education,90,108,0.9573045267489712,2.0755155,44,c3_lora_abstracts_modernbert-large/local_lora__personal
Electrical and Electronic Engineering,160,392,0.8381297831632654,2.5058882,44,c3_lora_abstracts_modernbert-large/local_lora__personal
"Electronic, Optical and Magnetic Materials",44,78,0.7444638694638693,1.8907405,44,c3_lora_abstracts_modernbert-large/local_lora__personal
Endocrine and Autonomic Systems,20,27,0.8925925925925926,2.0488753,44,c3_lora_abstracts_modernbert-large/local_lora__personal
"Endocrinology, Diabetes and Metabolism",46,127,0.7393871961656967,2.3866212,44,c3_lora_abstracts_modernbert-large/local_lora__personal
Environmental Engineering,37,88,0.8590294840294841,2.5477061,44,c3_lora_abstracts_modernbert-large/local_lora__personal
Epidemiology,110,374,0.8649732620320855,3.2096698,44,c3_lora_abstracts_modernbert-large/local_lora__personal
Experimental and Cognitive Psychology,37,64,0.8566300675675675,2.2396502,44,c3_lora_abstracts_modernbert-large/local_lora__personal
Food Science,26,104,0.8389423076923076,3.211731,44,c3_lora_abstracts_modernbert-large/local_lora__personal
General Health Professions,23,171,0.8220188151538266,4.7685256,44,c3_lora_abstracts_modernbert-large/local_lora__personal
Genetics,98,290,0.8023399014778325,2.4430966,44,c3_lora_abstracts_modernbert-large/local_lora__personal
Global and Planetary Change,33,118,0.8510529019003596,3.506479,44,c3_lora_abstracts_modernbert-large/local_lora__personal
Health Information Management,32,23,0.8885869565217391,1.5976359,44,c3_lora_abstracts_modernbert-large/local_lora__personal
Hepatology,20,82,0.7990853658536584,2.7899566,44,c3_lora_abstracts_modernbert-large/local_lora__personal
Human-Computer Interaction,20,26,0.8471153846153846,1.7691602,44,c3_lora_abstracts_modernbert-large/local_lora__personal
Immunology,111,204,0.842541070482247,2.1844697,44,c3_lora_abstracts_modernbert-large/local_lora__personal
Industrial and Manufacturing Engineering,118,107,0.8822271503247268,1.7100412,44,c3_lora_abstracts_modernbert-large/local_lora__personal
Infectious Diseases,30,220,0.7462878787878788,4.0638933,44,c3_lora_abstracts_modernbert-large/local_lora__personal
Information Systems,161,141,0.8744768952909563,1.6792352,44,c3_lora_abstracts_modernbert-large/local_lora__personal
Inorganic Chemistry,69,87,0.8942195568882225,2.024327,44,c3_lora_abstracts_modernbert-large/local_lora__personal
Management Information Systems,26,41,0.8747654784240151,2.1478188,44,c3_lora_abstracts_modernbert-large/local_lora__personal
Management Science and Operations Research,137,124,0.8400341417471157,1.6237978,44,c3_lora_abstracts_modernbert-large/local_lora__personal
Management of Technology and Innovation,27,27,0.9478737997256516,1.902895,44,c3_lora_abstracts_modernbert-large/local_lora__personal
"Management, Monitoring, Policy and Law",24,51,0.8950163398692811,2.5479774,44,c3_lora_abstracts_modernbert-large/local_lora__personal
Materials Chemistry,130,365,0.75463645943098,2.1156926,44,c3_lora_abstracts_modernbert-large/local_lora__personal
Mechanical Engineering,75,295,0.7454237288135592,2.6686413,44,c3_lora_abstracts_modernbert-large/local_lora__personal
Mechanics of Materials,30,218,0.8428134556574923,4.412349,44,c3_lora_abstracts_modernbert-large/local_lora__personal
Media Technology,30,32,0.7937500000000001,1.6687826,44,c3_lora_abstracts_modernbert-large/local_lora__personal
Molecular Biology,614,1001,0.8300941729280492,2.0065622,44,c3_lora_abstracts_modernbert-large/local_lora__personal
Neurology,99,219,0.8993819473271528,2.6189582,44,c3_lora_abstracts_modernbert-large/local_lora__personal
Nutrition and Dietetics,23,80,0.9043478260869564,3.6886225,44,c3_lora_abstracts_modernbert-large/local_lora__personal
Obstetrics and Gynecology,25,66,0.8712121212121211,2.8703394,44,c3_lora_abstracts_modernbert-large/local_lora__personal
Oncology,148,318,0.8624745028046914,2.460697,44,c3_lora_abstracts_modernbert-large/local_lora__personal
Organic Chemistry,57,206,0.7546414580139669,2.8137717,44,c3_lora_abstracts_modernbert-large/local_lora__personal
Organizational Behavior and Human Resource Management,20,46,0.8728260869565218,2.638297,44,c3_lora_abstracts_modernbert-large/local_lora__personal
Orthopedics and Sports Medicine,31,50,0.9103225806451613,2.298795,44,c3_lora_abstracts_modernbert-large/local_lora__personal
Pathology and Forensic Medicine,77,178,0.8875310083175252,2.6478455,44,c3_lora_abstracts_modernbert-large/local_lora__personal
"Pediatrics, Perinatology and Child Health",26,101,0.8733815689261234,3.4433067,44,c3_lora_abstracts_modernbert-large/local_lora__personal
Pharmacology,67,188,0.8657113369323596,2.7508938,44,c3_lora_abstracts_modernbert-large/local_lora__personal
Physiology,82,256,0.836842606707317,2.8472352,44,c3_lora_abstracts_modernbert-large/local_lora__personal
Plant Science,120,297,0.808557800224467,2.4394326,44,c3_lora_abstracts_modernbert-large/local_lora__personal
Pollution,26,72,0.8669871794871795,3.0791495,44,c3_lora_abstracts_modernbert-large/local_lora__personal
Psychiatry and Mental health,29,179,0.9063764207281834,5.386616,44,c3_lora_abstracts_modernbert-large/local_lora__personal
"Public Health, Environmental and Occupational Health",53,312,0.8549528301886793,4.1633224,44,c3_lora_abstracts_modernbert-large/local_lora__personal
Pulmonary and Respiratory Medicine,120,378,0.8561507936507936,3.0364742,44,c3_lora_abstracts_modernbert-large/local_lora__personal
"Radiology, Nuclear Medicine and Imaging",83,216,0.8258311021865239,2.503982,44,c3_lora_abstracts_modernbert-large/local_lora__personal
"Renewable Energy, Sustainability and the Environment",55,129,0.7516560958421423,2.0424647,44,c3_lora_abstracts_modernbert-large/local_lora__personal
Reproductive Medicine,22,76,0.8250598086124402,2.8580122,44,c3_lora_abstracts_modernbert-large/local_lora__personal
Rheumatology,45,130,0.8193162393162393,2.747823,44,c3_lora_abstracts_modernbert-large/local_lora__personal
Signal Processing,39,54,0.8243114909781577,1.9229255,44,c3_lora_abstracts_modernbert-large/local_lora__personal
Social Psychology,38,113,0.8870517000465766,3.251522,44,c3_lora_abstracts_modernbert-large/local_lora__personal
Sociology and Political Science,86,313,0.9044319786016792,3.7328572,44,c3_lora_abstracts_modernbert-large/local_lora__personal
Surgery,134,523,0.8681829856453868,3.4163508,44,c3_lora_abstracts_modernbert-large/local_lora__personal
Water Science and Technology,44,81,0.861391694725028,2.251838,44,c3_lora_abstracts_modernbert-large/local_lora__personal
Accounting,24,47,0.8661347517730497,2.356501,44,c3_lora_abstracts_qwen3-1.7b/central_lora
Aerospace Engineering,27,181,0.8444853693472478,3.8151395,44,c3_lora_abstracts_qwen3-1.7b/central_lora
Artificial Intelligence,347,321,0.8990187364773268,1.7515894,44,c3_lora_abstracts_qwen3-1.7b/central_lora
Atmospheric Science,30,65,0.8348717948717949,2.5565512,44,c3_lora_abstracts_qwen3-1.7b/central_lora
"Atomic and Molecular Physics, and Optics",24,99,0.5845959595959597,1.8968682,44,c3_lora_abstracts_qwen3-1.7b/central_lora
Automotive Engineering,26,59,0.795632333767927,2.338702,44,c3_lora_abstracts_qwen3-1.7b/central_lora
Biomaterials,39,72,0.7868589743589745,1.9329187,44,c3_lora_abstracts_qwen3-1.7b/central_lora
Biomedical Engineering,163,341,0.8137290178651746,2.2182374,44,c3_lora_abstracts_qwen3-1.7b/central_lora
Building and Construction,47,107,0.8473851660369854,2.305264,44,c3_lora_abstracts_qwen3-1.7b/central_lora
Business and International Management,50,21,0.8,1.2829673,44,c3_lora_abstracts_qwen3-1.7b/central_lora
Cancer Research,453,277,0.8547788111347534,1.43846,44,c3_lora_abstracts_qwen3-1.7b/central_lora
Cardiology and Cardiovascular Medicine,78,233,0.8806811929129525,3.0473943,44,c3_lora_abstracts_qwen3-1.7b/central_lora
Cell Biology,69,107,0.8682784775836381,2.0804157,44,c3_lora_abstracts_qwen3-1.7b/central_lora
Cellular and Molecular Neuroscience,33,108,0.8553591470258137,2.8138225,44,c3_lora_abstracts_qwen3-1.7b/central_lora
Civil and Structural Engineering,57,222,0.8999920973605184,3.7135508,44,c3_lora_abstracts_qwen3-1.7b/central_lora
Clinical Psychology,31,169,0.8221034548577972,4.1432676,44,c3_lora_abstracts_qwen3-1.7b/central_lora
Cognitive Neuroscience,33,180,0.8601010101010101,4.4844494,44,c3_lora_abstracts_qwen3-1.7b/central_lora
Complementary and alternative medicine,46,74,0.9319917743830788,2.2932525,44,c3_lora_abstracts_qwen3-1.7b/central_lora
Computational Mechanics,20,85,0.808235294117647,3.4405224,44,c3_lora_abstracts_qwen3-1.7b/central_lora
Computational Theory and Mathematics,31,102,0.8202087286527515,2.9325364,44,c3_lora_abstracts_qwen3-1.7b/central_lora
Computer Graphics and Computer-Aided Design,48,27,0.8016975308641975,1.3923753,44,c3_lora_abstracts_qwen3-1.7b/central_lora
Computer Networks and Communications,154,146,0.8637920298879204,1.7042212,44,c3_lora_abstracts_qwen3-1.7b/central_lora
Computer Science Applications,21,23,0.8530020703933747,1.7788614,44,c3_lora_abstracts_qwen3-1.7b/central_lora
Computer Vision and Pattern Recognition,159,208,0.8685897435897435,1.9880944,44,c3_lora_abstracts_qwen3-1.7b/central_lora
Control and Systems Engineering,63,167,0.8532934131736527,2.6953113,44,c3_lora_abstracts_qwen3-1.7b/central_lora
Ecology,21,129,0.8361018826135105,3.6363516,44,c3_lora_abstracts_qwen3-1.7b/central_lora
Economics and Econometrics,108,193,0.9254461715601612,2.3864784,44,c3_lora_abstracts_qwen3-1.7b/central_lora
Education,90,108,0.9638888888888888,2.110598,44,c3_lora_abstracts_qwen3-1.7b/central_lora
Electrical and Electronic Engineering,160,392,0.8301100127551021,2.4173312,44,c3_lora_abstracts_qwen3-1.7b/central_lora
"Electronic, Optical and Magnetic Materials",44,78,0.7333916083916083,1.8151386,44,c3_lora_abstracts_qwen3-1.7b/central_lora
Endocrine and Autonomic Systems,20,27,0.887962962962963,2.0892467,44,c3_lora_abstracts_qwen3-1.7b/central_lora
"Endocrinology, Diabetes and Metabolism",46,127,0.7693426908592949,2.5084422,44,c3_lora_abstracts_qwen3-1.7b/central_lora
Environmental Engineering,37,88,0.8015970515970516,2.4292336,44,c3_lora_abstracts_qwen3-1.7b/central_lora
Epidemiology,110,374,0.8785488575595528,3.2536879,44,c3_lora_abstracts_qwen3-1.7b/central_lora
Experimental and Cognitive Psychology,37,64,0.8796452702702702,2.2464929,44,c3_lora_abstracts_qwen3-1.7b/central_lora
Food Science,26,104,0.8073224852071006,3.1277192,44,c3_lora_abstracts_qwen3-1.7b/central_lora
General Health Professions,23,171,0.9042715484363082,6.170911,44,c3_lora_abstracts_qwen3-1.7b/central_lora
Genetics,98,290,0.8076530612244898,2.314531,44,c3_lora_abstracts_qwen3-1.7b/central_lora
Global and Planetary Change,33,118,0.868130457113508,3.5976114,44,c3_lora_abstracts_qwen3-1.7b/central_lora
Health Information Management,32,23,0.9266304347826086,1.6310472,44,c3_lora_abstracts_qwen3-1.7b/central_lora
Hepatology,20,82,0.8487804878048781,3.1365943,44,c3_lora_abstracts_qwen3-1.7b/central_lora
Human-Computer Interaction,20,26,0.8942307692307692,2.0095325,44,c3_lora_abstracts_qwen3-1.7b/central_lora
Immunology,111,204,0.8565403638933051,2.2014399,44,c3_lora_abstracts_qwen3-1.7b/central_lora
Industrial and Manufacturing Engineering,118,107,0.9173530809440836,1.7597102,44,c3_lora_abstracts_qwen3-1.7b/central_lora
Infectious Diseases,30,220,0.7764393939393939,3.737759,44,c3_lora_abstracts_qwen3-1.7b/central_lora
Information Systems,161,141,0.888925597991278,1.7002281,44,c3_lora_abstracts_qwen3-1.7b/central_lora
Inorganic Chemistry,69,87,0.9250374812593704,2.095312,44,c3_lora_abstracts_qwen3-1.7b/central_lora
Management Information Systems,26,41,0.8564727954971857,2.053091,44,c3_lora_abstracts_qwen3-1.7b/central_lora
Management Science and Operations Research,137,124,0.8416234989404286,1.6037405,44,c3_lora_abstracts_qwen3-1.7b/central_lora
Management of Technology and Innovation,27,27,0.9465020576131687,1.8982022,44,c3_lora_abstracts_qwen3-1.7b/central_lora
"Management, Monitoring, Policy and Law",24,51,0.9199346405228758,2.7407393,44,c3_lora_abstracts_qwen3-1.7b/central_lora
Materials Chemistry,130,365,0.7817808219178083,2.1800752,44,c3_lora_abstracts_qwen3-1.7b/central_lora
Mechanical Engineering,75,295,0.712858757062147,2.1970873,44,c3_lora_abstracts_qwen3-1.7b/central_lora
Mechanics of Materials,30,218,0.8159785932721713,3.8868637,44,c3_lora_abstracts_qwen3-1.7b/central_lora
Media Technology,30,32,0.8130208333333333,1.6786622,44,c3_lora_abstracts_qwen3-1.7b/central_lora
Molecular Biology,614,1001,0.8493770073574634,2.0341403,44,c3_lora_abstracts_qwen3-1.7b/central_lora
Neurology,99,219,0.905908399059084,2.650254,44,c3_lora_abstracts_qwen3-1.7b/central_lora
Nutrition and Dietetics,23,80,0.9149456521739131,3.6015105,44,c3_lora_abstracts_qwen3-1.7b/central_lora
Obstetrics and Gynecology,25,66,0.895151515151515,3.080114,44,c3_lora_abstracts_qwen3-1.7b/central_lora
Oncology,148,318,0.8831378548359681,2.5392418,44,c3_lora_abstracts_qwen3-1.7b/central_lora
Organic Chemistry,57,206,0.7359904615908703,2.6144326,44,c3_lora_abstracts_qwen3-1.7b/central_lora
Organizational Behavior and Human Resource Management,20,46,0.8728260869565219,2.5916553,44,c3_lora_abstracts_qwen3-1.7b/central_lora
Orthopedics and Sports Medicine,31,50,0.8809677419354839,2.1452224,44,c3_lora_abstracts_qwen3-1.7b/central_lora
Pathology and Forensic Medicine,77,178,0.8868378812199037,2.6191626,44,c3_lora_abstracts_qwen3-1.7b/central_lora
"Pediatrics, Perinatology and Child Health",26,101,0.8741431835491241,3.6004417,44,c3_lora_abstracts_qwen3-1.7b/central_lora
Pharmacology,67,188,0.8599158463004128,2.5945225,44,c3_lora_abstracts_qwen3-1.7b/central_lora
Physiology,82,256,0.872141768292683,3.0411956,44,c3_lora_abstracts_qwen3-1.7b/central_lora
Plant Science,120,297,0.8308361391694725,2.5604584,44,c3_lora_abstracts_qwen3-1.7b/central_lora
Pollution,26,72,0.8413461538461539,2.7113693,44,c3_lora_abstracts_qwen3-1.7b/central_lora
Psychiatry and Mental health,29,179,0.869774609901753,5.4541464,44,c3_lora_abstracts_qwen3-1.7b/central_lora
"Public Health, Environmental and Occupational Health",53,312,0.8751511852926948,4.2244744,44,c3_lora_abstracts_qwen3-1.7b/central_lora
Pulmonary and Respiratory Medicine,120,378,0.8770833333333332,3.1718817,44,c3_lora_abstracts_qwen3-1.7b/central_lora
"Radiology, Nuclear Medicine and Imaging",83,216,0.8704261490406069,2.6743362,44,c3_lora_abstracts_qwen3-1.7b/central_lora
"Renewable Energy, Sustainability and the Environment",55,129,0.7627906976744186,1.9727657,44,c3_lora_abstracts_qwen3-1.7b/central_lora
Reproductive Medicine,22,76,0.9013157894736843,3.4000828,44,c3_lora_abstracts_qwen3-1.7b/central_lora
Rheumatology,45,130,0.8105982905982906,2.6366868,44,c3_lora_abstracts_qwen3-1.7b/central_lora
Signal Processing,39,54,0.8295346628679962,1.951131,44,c3_lora_abstracts_qwen3-1.7b/central_lora
Social Psychology,38,113,0.8849557522123893,3.3290854,44,c3_lora_abstracts_qwen3-1.7b/central_lora
Sociology and Political Science,86,313,0.9109332045471432,3.7024674,44,c3_lora_abstracts_qwen3-1.7b/central_lora
Surgery,134,523,0.8985902228817672,3.8843868,44,c3_lora_abstracts_qwen3-1.7b/central_lora
Water Science and Technology,44,81,0.8331930415263749,2.1995645,44,c3_lora_abstracts_qwen3-1.7b/central_lora
Accounting,24,47,0.8679078014184397,2.411881,44,c3_lora_abstracts_qwen3-1.7b/fl_fedavg_lora
Aerospace Engineering,27,181,0.8289339062819726,3.817817,44,c3_lora_abstracts_qwen3-1.7b/fl_fedavg_lora
Artificial Intelligence,347,321,0.889107346458743,1.7263368,44,c3_lora_abstracts_qwen3-1.7b/fl_fedavg_lora
Atmospheric Science,30,65,0.8512820512820513,2.602093,44,c3_lora_abstracts_qwen3-1.7b/fl_fedavg_lora
"Atomic and Molecular Physics, and Optics",24,99,0.5627104377104377,1.8007815,44,c3_lora_abstracts_qwen3-1.7b/fl_fedavg_lora
Automotive Engineering,26,59,0.8037809647979139,2.3085093,44,c3_lora_abstracts_qwen3-1.7b/fl_fedavg_lora
Biomaterials,39,72,0.7094017094017094,1.6631967,44,c3_lora_abstracts_qwen3-1.7b/fl_fedavg_lora
Biomedical Engineering,163,341,0.7819117356026123,2.1248116,44,c3_lora_abstracts_qwen3-1.7b/fl_fedavg_lora
Building and Construction,47,107,0.82879300059654,2.1844501,44,c3_lora_abstracts_qwen3-1.7b/fl_fedavg_lora
Business and International Management,50,21,0.8014285714285714,1.2714127,44,c3_lora_abstracts_qwen3-1.7b/fl_fedavg_lora
Cancer Research,453,277,0.8134259369944454,1.370207,44,c3_lora_abstracts_qwen3-1.7b/fl_fedavg_lora
Cardiology and Cardiovascular Medicine,78,233,0.8713546825134807,2.95532,44,c3_lora_abstracts_qwen3-1.7b/fl_fedavg_lora
Cell Biology,69,107,0.8585940674522552,1.9729,44,c3_lora_abstracts_qwen3-1.7b/fl_fedavg_lora
Cellular and Molecular Neuroscience,33,108,0.8386644219977554,2.6763897,44,c3_lora_abstracts_qwen3-1.7b/fl_fedavg_lora
Civil and Structural Engineering,57,222,0.8837126600284495,3.5432425,44,c3_lora_abstracts_qwen3-1.7b/fl_fedavg_lora
Clinical Psychology,31,169,0.810078259209773,3.8704329,44,c3_lora_abstracts_qwen3-1.7b/fl_fedavg_lora
Cognitive Neuroscience,33,180,0.8568181818181818,4.290436,44,c3_lora_abstracts_qwen3-1.7b/fl_fedavg_lora
Complementary and alternative medicine,46,74,0.9111339600470035,2.1775248,44,c3_lora_abstracts_qwen3-1.7b/fl_fedavg_lora
Computational Mechanics,20,85,0.7829411764705883,3.3453047,44,c3_lora_abstracts_qwen3-1.7b/fl_fedavg_lora
Computational Theory and Mathematics,31,102,0.7432005060088551,2.2047741,44,c3_lora_abstracts_qwen3-1.7b/fl_fedavg_lora
Computer Graphics and Computer-Aided Design,48,27,0.7384259259259258,1.3262914,44,c3_lora_abstracts_qwen3-1.7b/fl_fedavg_lora
Computer Networks and Communications,154,146,0.862213129336417,1.69411,44,c3_lora_abstracts_qwen3-1.7b/fl_fedavg_lora
Computer Science Applications,21,23,0.8519668737060041,1.806163,44,c3_lora_abstracts_qwen3-1.7b/fl_fedavg_lora
Computer Vision and Pattern Recognition,159,208,0.8403785679729076,1.898205,44,c3_lora_abstracts_qwen3-1.7b/fl_fedavg_lora
Control and Systems Engineering,63,167,0.8375154452998765,2.636853,44,c3_lora_abstracts_qwen3-1.7b/fl_fedavg_lora
Ecology,21,129,0.8433001107419712,3.670004,44,c3_lora_abstracts_qwen3-1.7b/fl_fedavg_lora
Economics and Econometrics,108,193,0.8856265592016888,2.158878,44,c3_lora_abstracts_qwen3-1.7b/fl_fedavg_lora
Education,90,108,0.963888888888889,2.1036944,44,c3_lora_abstracts_qwen3-1.7b/fl_fedavg_lora
Electrical and Electronic Engineering,160,392,0.8069355867346939,2.2416394,44,c3_lora_abstracts_qwen3-1.7b/fl_fedavg_lora
"Electronic, Optical and Magnetic Materials",44,78,0.6997377622377623,1.7354888,44,c3_lora_abstracts_qwen3-1.7b/fl_fedavg_lora
Endocrine and Autonomic Systems,20,27,0.8444444444444444,1.9461977,44,c3_lora_abstracts_qwen3-1.7b/fl_fedavg_lora
"Endocrinology, Diabetes and Metabolism",46,127,0.7595001711742554,2.4289339,44,c3_lora_abstracts_qwen3-1.7b/fl_fedavg_lora
Environmental Engineering,37,88,0.8039004914004914,2.427761,44,c3_lora_abstracts_qwen3-1.7b/fl_fedavg_lora
Epidemiology,110,374,0.8679508993680116,3.104674,44,c3_lora_abstracts_qwen3-1.7b/fl_fedavg_lora
Experimental and Cognitive Psychology,37,64,0.8581081081081081,2.0930526,44,c3_lora_abstracts_qwen3-1.7b/fl_fedavg_lora
Food Science,26,104,0.7710798816568049,2.7276556,44,c3_lora_abstracts_qwen3-1.7b/fl_fedavg_lora
General Health Professions,23,171,0.878464276633613,5.7922683,44,c3_lora_abstracts_qwen3-1.7b/fl_fedavg_lora
Genetics,98,290,0.7676636171710063,2.141046,44,c3_lora_abstracts_qwen3-1.7b/fl_fedavg_lora
Global and Planetary Change,33,118,0.883025166923472,3.5947404,44,c3_lora_abstracts_qwen3-1.7b/fl_fedavg_lora
Health Information Management,32,23,0.845108695652174,1.4973512,44,c3_lora_abstracts_qwen3-1.7b/fl_fedavg_lora
Hepatology,20,82,0.8091463414634147,2.7164955,44,c3_lora_abstracts_qwen3-1.7b/fl_fedavg_lora
Human-Computer Interaction,20,26,0.8730769230769231,2.007674,44,c3_lora_abstracts_qwen3-1.7b/fl_fedavg_lora
Immunology,111,204,0.8347906730259671,2.1057518,44,c3_lora_abstracts_qwen3-1.7b/fl_fedavg_lora
Industrial and Manufacturing Engineering,118,107,0.9148186282274672,1.765679,44,c3_lora_abstracts_qwen3-1.7b/fl_fedavg_lora
Infectious Diseases,30,220,0.761060606060606,3.5777354,44,c3_lora_abstracts_qwen3-1.7b/fl_fedavg_lora
Information Systems,161,141,0.8828465706356549,1.6824228,44,c3_lora_abstracts_qwen3-1.7b/fl_fedavg_lora
Inorganic Chemistry,69,87,0.8938030984507745,1.9950248,44,c3_lora_abstracts_qwen3-1.7b/fl_fedavg_lora
Management Information Systems,26,41,0.849906191369606,2.0799532,44,c3_lora_abstracts_qwen3-1.7b/fl_fedavg_lora
Management Science and Operations Research,137,124,0.7463209324228867,1.4640828,44,c3_lora_abstracts_qwen3-1.7b/fl_fedavg_lora
Management of Technology and Innovation,27,27,0.9643347050754458,1.925166,44,c3_lora_abstracts_qwen3-1.7b/fl_fedavg_lora
"Management, Monitoring, Policy and Law",24,51,0.9113562091503268,2.7160454,44,c3_lora_abstracts_qwen3-1.7b/fl_fedavg_lora
Materials Chemistry,130,365,0.7328451001053742,1.9828326,44,c3_lora_abstracts_qwen3-1.7b/fl_fedavg_lora
Mechanical Engineering,75,295,0.7115254237288136,2.1892176,44,c3_lora_abstracts_qwen3-1.7b/fl_fedavg_lora
Mechanics of Materials,30,218,0.7777522935779817,3.2071846,44,c3_lora_abstracts_qwen3-1.7b/fl_fedavg_lora
Media Technology,30,32,0.7958333333333333,1.6627225,44,c3_lora_abstracts_qwen3-1.7b/fl_fedavg_lora
Molecular Biology,614,1001,0.8213081706567048,1.9254152,44,c3_lora_abstracts_qwen3-1.7b/fl_fedavg_lora
Neurology,99,219,0.8917485355841521,2.5683615,44,c3_lora_abstracts_qwen3-1.7b/fl_fedavg_lora
Nutrition and Dietetics,23,80,0.8883152173913044,3.5247638,44,c3_lora_abstracts_qwen3-1.7b/fl_fedavg_lora
Obstetrics and Gynecology,25,66,0.920909090909091,3.1487305,44,c3_lora_abstracts_qwen3-1.7b/fl_fedavg_lora
Oncology,148,318,0.8633031616522183,2.428501,44,c3_lora_abstracts_qwen3-1.7b/fl_fedavg_lora
Organic Chemistry,57,206,0.7488076988587974,2.5390897,44,c3_lora_abstracts_qwen3-1.7b/fl_fedavg_lora
Organizational Behavior and Human Resource Management,20,46,0.8826086956521738,2.50541,44,c3_lora_abstracts_qwen3-1.7b/fl_fedavg_lora
Orthopedics and Sports Medicine,31,50,0.8806451612903226,2.1094835,44,c3_lora_abstracts_qwen3-1.7b/fl_fedavg_lora
Pathology and Forensic Medicine,77,178,0.869874507514957,2.5186005,44,c3_lora_abstracts_qwen3-1.7b/fl_fedavg_lora
"Pediatrics, Perinatology and Child Health",26,101,0.8511043412033512,3.5677092,44,c3_lora_abstracts_qwen3-1.7b/fl_fedavg_lora
Pharmacology,67,188,0.8489996824388695,2.526565,44,c3_lora_abstracts_qwen3-1.7b/fl_fedavg_lora
Physiology,82,256,0.8476086128048781,2.8902235,44,c3_lora_abstracts_qwen3-1.7b/fl_fedavg_lora
Plant Science,120,297,0.7605078563411896,2.162679,44,c3_lora_abstracts_qwen3-1.7b/fl_fedavg_lora
Pollution,26,72,0.7686965811965812,2.2291687,44,c3_lora_abstracts_qwen3-1.7b/fl_fedavg_lora
Psychiatry and Mental health,29,179,0.8560007705644385,5.035786,44,c3_lora_abstracts_qwen3-1.7b/fl_fedavg_lora
"Public Health, Environmental and Occupational Health",53,312,0.8610909530720852,4.035191,44,c3_lora_abstracts_qwen3-1.7b/fl_fedavg_lora
Pulmonary and Respiratory Medicine,120,378,0.8488425925925926,2.957143,44,c3_lora_abstracts_qwen3-1.7b/fl_fedavg_lora
"Radiology, Nuclear Medicine and Imaging",83,216,0.8548917893797411,2.5922422,44,c3_lora_abstracts_qwen3-1.7b/fl_fedavg_lora
"Renewable Energy, Sustainability and the Environment",55,129,0.7116279069767442,1.7552952,44,c3_lora_abstracts_qwen3-1.7b/fl_fedavg_lora
Reproductive Medicine,22,76,0.8911483253588517,3.3384566,44,c3_lora_abstracts_qwen3-1.7b/fl_fedavg_lora
Rheumatology,45,130,0.785982905982906,2.5702975,44,c3_lora_abstracts_qwen3-1.7b/fl_fedavg_lora
Signal Processing,39,54,0.8264482431149098,1.959668,44,c3_lora_abstracts_qwen3-1.7b/fl_fedavg_lora
Social Psychology,38,113,0.8707498835584537,3.1786976,44,c3_lora_abstracts_qwen3-1.7b/fl_fedavg_lora
Sociology and Political Science,86,313,0.8850211754216509,3.491027,44,c3_lora_abstracts_qwen3-1.7b/fl_fedavg_lora
Surgery,134,523,0.8909135013270169,3.8015888,44,c3_lora_abstracts_qwen3-1.7b/fl_fedavg_lora
Water Science and Technology,44,81,0.8090628507295173,2.1138313,44,c3_lora_abstracts_qwen3-1.7b/fl_fedavg_lora
Accounting,24,47,0.8767730496453902,2.3105905,44,c3_lora_abstracts_qwen3-1.7b/fl_fedavg_lora_ft__personal
Aerospace Engineering,27,181,0.9028033558420298,4.990646,44,c3_lora_abstracts_qwen3-1.7b/fl_fedavg_lora_ft__personal
Artificial Intelligence,347,321,0.9106538464991427,1.7760183,44,c3_lora_abstracts_qwen3-1.7b/fl_fedavg_lora_ft__personal
Atmospheric Science,30,65,0.8543589743589743,2.6042328,44,c3_lora_abstracts_qwen3-1.7b/fl_fedavg_lora_ft__personal
"Atomic and Molecular Physics, and Optics",24,99,0.6601430976430975,2.4059148,44,c3_lora_abstracts_qwen3-1.7b/fl_fedavg_lora_ft__personal
Automotive Engineering,26,59,0.8047588005215124,2.262036,44,c3_lora_abstracts_qwen3-1.7b/fl_fedavg_lora_ft__personal
Biomaterials,39,72,0.7679843304843305,1.8655957,44,c3_lora_abstracts_qwen3-1.7b/fl_fedavg_lora_ft__personal
Biomedical Engineering,163,341,0.8471744957990752,2.3478153,44,c3_lora_abstracts_qwen3-1.7b/fl_fedavg_lora_ft__personal
Building and Construction,47,107,0.8611055875919665,2.5114682,44,c3_lora_abstracts_qwen3-1.7b/fl_fedavg_lora_ft__personal
Business and International Management,50,21,0.8166666666666667,1.2972074,44,c3_lora_abstracts_qwen3-1.7b/fl_fedavg_lora_ft__personal
Cancer Research,453,277,0.8766147863023086,1.4697325,44,c3_lora_abstracts_qwen3-1.7b/fl_fedavg_lora_ft__personal
Cardiology and Cardiovascular Medicine,78,233,0.897188290965115,3.1204755,44,c3_lora_abstracts_qwen3-1.7b/fl_fedavg_lora_ft__personal
Cell Biology,69,107,0.8764052553162671,2.0747323,44,c3_lora_abstracts_qwen3-1.7b/fl_fedavg_lora_ft__personal
Cellular and Molecular Neuroscience,33,108,0.8654601571268238,2.7285945,44,c3_lora_abstracts_qwen3-1.7b/fl_fedavg_lora_ft__personal
Civil and Structural Engineering,57,222,0.9053658922079975,3.693227,44,c3_lora_abstracts_qwen3-1.7b/fl_fedavg_lora_ft__personal
Clinical Psychology,31,169,0.8493033021569003,4.210081,44,c3_lora_abstracts_qwen3-1.7b/fl_fedavg_lora_ft__personal
Cognitive Neuroscience,33,180,0.837037037037037,4.2488794,44,c3_lora_abstracts_qwen3-1.7b/fl_fedavg_lora_ft__personal
Complementary and alternative medicine,46,74,0.9339012925969449,2.3269043,44,c3_lora_abstracts_qwen3-1.7b/fl_fedavg_lora_ft__personal
Computational Mechanics,20,85,0.8458823529411764,3.5293937,44,c3_lora_abstracts_qwen3-1.7b/fl_fedavg_lora_ft__personal
Computational Theory and Mathematics,31,102,0.8461416824794434,3.139964,44,c3_lora_abstracts_qwen3-1.7b/fl_fedavg_lora_ft__personal
Computer Graphics and Computer-Aided Design,48,27,0.8043981481481481,1.3881586,44,c3_lora_abstracts_qwen3-1.7b/fl_fedavg_lora_ft__personal
Computer Networks and Communications,154,146,0.8742883828500267,1.7154534,44,c3_lora_abstracts_qwen3-1.7b/fl_fedavg_lora_ft__personal
Computer Science Applications,21,23,0.9109730848861284,1.9386293,44,c3_lora_abstracts_qwen3-1.7b/fl_fedavg_lora_ft__personal
Computer Vision and Pattern Recognition,159,208,0.8840257619738752,2.0341785,44,c3_lora_abstracts_qwen3-1.7b/fl_fedavg_lora_ft__personal
Control and Systems Engineering,63,167,0.8961125368310997,2.9677904,44,c3_lora_abstracts_qwen3-1.7b/fl_fedavg_lora_ft__personal
Ecology,21,129,0.8388704318936876,4.0864396,44,c3_lora_abstracts_qwen3-1.7b/fl_fedavg_lora_ft__personal
Economics and Econometrics,108,193,0.9298599117251967,2.423078,44,c3_lora_abstracts_qwen3-1.7b/fl_fedavg_lora_ft__personal
Education,90,108,0.9693415637860082,2.1091008,44,c3_lora_abstracts_qwen3-1.7b/fl_fedavg_lora_ft__personal
Electrical and Electronic Engineering,160,392,0.8577008928571428,2.538044,44,c3_lora_abstracts_qwen3-1.7b/fl_fedavg_lora_ft__personal
"Electronic, Optical and Magnetic Materials",44,78,0.7715617715617715,1.9430822,44,c3_lora_abstracts_qwen3-1.7b/fl_fedavg_lora_ft__personal
Endocrine and Autonomic Systems,20,27,0.9055555555555556,2.1568768,44,c3_lora_abstracts_qwen3-1.7b/fl_fedavg_lora_ft__personal
"Endocrinology, Diabetes and Metabolism",46,127,0.7907394727832935,2.5437126,44,c3_lora_abstracts_qwen3-1.7b/fl_fedavg_lora_ft__personal
Environmental Engineering,37,88,0.8293918918918919,2.4885943,44,c3_lora_abstracts_qwen3-1.7b/fl_fedavg_lora_ft__personal
Epidemiology,110,374,0.8854885755955274,3.3166723,44,c3_lora_abstracts_qwen3-1.7b/fl_fedavg_lora_ft__personal
Experimental and Cognitive Psychology,37,64,0.8692989864864866,2.2023578,44,c3_lora_abstracts_qwen3-1.7b/fl_fedavg_lora_ft__personal
Food Science,26,104,0.8583579881656805,3.415262,44,c3_lora_abstracts_qwen3-1.7b/fl_fedavg_lora_ft__personal
General Health Professions,23,171,0.8862191711161963,5.5040207,44,c3_lora_abstracts_qwen3-1.7b/fl_fedavg_lora_ft__personal
Genetics,98,290,0.8270232230823363,2.568023,44,c3_lora_abstracts_qwen3-1.7b/fl_fedavg_lora_ft__personal
Global and Planetary Change,33,118,0.8889316897791474,3.6999505,44,c3_lora_abstracts_qwen3-1.7b/fl_fedavg_lora_ft__personal
Health Information Management,32,23,0.9089673913043479,1.5817437,44,c3_lora_abstracts_qwen3-1.7b/fl_fedavg_lora_ft__personal
Hepatology,20,82,0.7923780487804878,3.258373,44,c3_lora_abstracts_qwen3-1.7b/fl_fedavg_lora_ft__personal
Human-Computer Interaction,20,26,0.8692307692307693,1.8805383,44,c3_lora_abstracts_qwen3-1.7b/fl_fedavg_lora_ft__personal
Immunology,111,204,0.8756182653241477,2.3204396,44,c3_lora_abstracts_qwen3-1.7b/fl_fedavg_lora_ft__personal
Industrial and Manufacturing Engineering,118,107,0.9314905750039602,1.7898325,44,c3_lora_abstracts_qwen3-1.7b/fl_fedavg_lora_ft__personal
Infectious Diseases,30,220,0.8363636363636364,4.268265,44,c3_lora_abstracts_qwen3-1.7b/fl_fedavg_lora_ft__personal
Information Systems,161,141,0.9095414298929563,1.7327676,44,c3_lora_abstracts_qwen3-1.7b/fl_fedavg_lora_ft__personal
Inorganic Chemistry,69,87,0.9353656505080793,2.1225839,44,c3_lora_abstracts_qwen3-1.7b/fl_fedavg_lora_ft__personal
Management Information Systems,26,41,0.8738273921200751,2.1495955,44,c3_lora_abstracts_qwen3-1.7b/fl_fedavg_lora_ft__personal
Management Science and Operations Research,137,124,0.8538674358370615,1.6448959,44,c3_lora_abstracts_qwen3-1.7b/fl_fedavg_lora_ft__personal
Management of Technology and Innovation,27,27,0.9547325102880658,1.912062,44,c3_lora_abstracts_qwen3-1.7b/fl_fedavg_lora_ft__personal
"Management, Monitoring, Policy and Law",24,51,0.9575163398692811,2.918748,44,c3_lora_abstracts_qwen3-1.7b/fl_fedavg_lora_ft__personal
Materials Chemistry,130,365,0.8034351949420444,2.3914266,44,c3_lora_abstracts_qwen3-1.7b/fl_fedavg_lora_ft__personal
Mechanical Engineering,75,295,0.7775367231638418,2.7610917,44,c3_lora_abstracts_qwen3-1.7b/fl_fedavg_lora_ft__personal
Mechanics of Materials,30,218,0.8691896024464832,4.8746996,44,c3_lora_abstracts_qwen3-1.7b/fl_fedavg_lora_ft__personal
Media Technology,30,32,0.8015625,1.6849177,44,c3_lora_abstracts_qwen3-1.7b/fl_fedavg_lora_ft__personal
Molecular Biology,614,1001,0.8636648367918727,2.0984983,44,c3_lora_abstracts_qwen3-1.7b/fl_fedavg_lora_ft__personal
Neurology,99,219,0.9070153590701535,2.6720743,44,c3_lora_abstracts_qwen3-1.7b/fl_fedavg_lora_ft__personal
Nutrition and Dietetics,23,80,0.9192934782608695,3.8686829,44,c3_lora_abstracts_qwen3-1.7b/fl_fedavg_lora_ft__personal
Obstetrics and Gynecology,25,66,0.8715151515151515,3.064869,44,c3_lora_abstracts_qwen3-1.7b/fl_fedavg_lora_ft__personal
Oncology,148,318,0.8772310045894951,2.5584826,44,c3_lora_abstracts_qwen3-1.7b/fl_fedavg_lora_ft__personal
Organic Chemistry,57,206,0.7995656617271334,3.0145686,44,c3_lora_abstracts_qwen3-1.7b/fl_fedavg_lora_ft__personal
Organizational Behavior and Human Resource Management,20,46,0.923913043478261,2.7130985,44,c3_lora_abstracts_qwen3-1.7b/fl_fedavg_lora_ft__personal
Orthopedics and Sports Medicine,31,50,0.9064516129032257,2.189503,44,c3_lora_abstracts_qwen3-1.7b/fl_fedavg_lora_ft__personal
Pathology and Forensic Medicine,77,178,0.8881146942944697,2.6475697,44,c3_lora_abstracts_qwen3-1.7b/fl_fedavg_lora_ft__personal
"Pediatrics, Perinatology and Child Health",26,101,0.9137471439451638,3.8550224,44,c3_lora_abstracts_qwen3-1.7b/fl_fedavg_lora_ft__personal
Pharmacology,67,188,0.8667831057478564,2.7932398,44,c3_lora_abstracts_qwen3-1.7b/fl_fedavg_lora_ft__personal
Physiology,82,256,0.8678306021341463,2.9423568,44,c3_lora_abstracts_qwen3-1.7b/fl_fedavg_lora_ft__personal
Plant Science,120,297,0.8382435465768798,2.6387131,44,c3_lora_abstracts_qwen3-1.7b/fl_fedavg_lora_ft__personal
Pollution,26,72,0.8480235042735044,3.027554,44,c3_lora_abstracts_qwen3-1.7b/fl_fedavg_lora_ft__personal
Psychiatry and Mental health,29,179,0.9074359468310537,5.3727946,44,c3_lora_abstracts_qwen3-1.7b/fl_fedavg_lora_ft__personal
"Public Health, Environmental and Occupational Health",53,312,0.8990686985970004,4.5974674,44,c3_lora_abstracts_qwen3-1.7b/fl_fedavg_lora_ft__personal
Pulmonary and Respiratory Medicine,120,378,0.8843143738977073,3.280827,44,c3_lora_abstracts_qwen3-1.7b/fl_fedavg_lora_ft__personal
"Radiology, Nuclear Medicine and Imaging",83,216,0.8765060240963856,2.7758977,44,c3_lora_abstracts_qwen3-1.7b/fl_fedavg_lora_ft__personal
"Renewable Energy, Sustainability and the Environment",55,129,0.8014799154334038,2.2346756,44,c3_lora_abstracts_qwen3-1.7b/fl_fedavg_lora_ft__personal
Reproductive Medicine,22,76,0.9198564593301436,3.5283587,44,c3_lora_abstracts_qwen3-1.7b/fl_fedavg_lora_ft__personal
Rheumatology,45,130,0.8306837606837606,2.8605177,44,c3_lora_abstracts_qwen3-1.7b/fl_fedavg_lora_ft__personal
Signal Processing,39,54,0.8207502374169041,1.9125623,44,c3_lora_abstracts_qwen3-1.7b/fl_fedavg_lora_ft__personal
Social Psychology,38,113,0.9094084769445738,3.3354707,44,c3_lora_abstracts_qwen3-1.7b/fl_fedavg_lora_ft__personal
Sociology and Political Science,86,313,0.9133479456126012,3.8021834,44,c3_lora_abstracts_qwen3-1.7b/fl_fedavg_lora_ft__personal
Surgery,134,523,0.9185454182243658,3.9349089,44,c3_lora_abstracts_qwen3-1.7b/fl_fedavg_lora_ft__personal
Water Science and Technology,44,81,0.8629349046015713,2.3352997,44,c3_lora_abstracts_qwen3-1.7b/fl_fedavg_lora_ft__personal
Accounting,24,37,0.5,1.0,45,topic_only/logreg
Aerospace Engineering,35,179,0.5,1.0,45,topic_only/logreg
Artificial Intelligence,357,317,0.5,1.0,45,topic_only/logreg
Atmospheric Science,28,74,0.5,1.0,45,topic_only/logreg
"Atomic and Molecular Physics, and Optics",21,101,0.5,1.0,45,topic_only/logreg
Automotive Engineering,21,56,0.5,1.0,45,topic_only/logreg
Biochemistry,20,60,0.5,1.0,45,topic_only/logreg
Biomaterials,40,81,0.5,1.0,45,topic_only/logreg
Biomedical Engineering,164,342,0.5,1.0,45,topic_only/logreg
Building and Construction,35,92,0.5,1.0,45,topic_only/logreg
Business and International Management,55,22,0.5,1.0,45,topic_only/logreg
Cancer Research,483,238,0.5,1.0,45,topic_only/logreg
Cardiology and Cardiovascular Medicine,77,227,0.5,1.0,45,topic_only/logreg
Cell Biology,67,119,0.5,1.0,45,topic_only/logreg
Cellular and Molecular Neuroscience,41,100,0.5,1.0,45,topic_only/logreg
Civil and Structural Engineering,78,233,0.5,1.0,45,topic_only/logreg
Clinical Psychology,28,166,0.5,1.0,45,topic_only/logreg
Cognitive Neuroscience,40,183,0.5,1.0,45,topic_only/logreg
Complementary and alternative medicine,43,73,0.5,1.0,45,topic_only/logreg
Computational Mechanics,27,101,0.5,1.0,45,topic_only/logreg
Computational Theory and Mathematics,36,104,0.5,1.0,45,topic_only/logreg
Computer Graphics and Computer-Aided Design,39,23,0.5,1.0,45,topic_only/logreg
Computer Networks and Communications,150,127,0.5,1.0,45,topic_only/logreg
Computer Vision and Pattern Recognition,155,201,0.5,1.0,45,topic_only/logreg
Control and Systems Engineering,60,163,0.5,1.0,45,topic_only/logreg
Economics and Econometrics,140,215,0.5,1.0,45,topic_only/logreg
Education,90,116,0.5,1.0,45,topic_only/logreg
Electrical and Electronic Engineering,153,407,0.5,1.0,45,topic_only/logreg
"Electronic, Optical and Magnetic Materials",33,89,0.5,1.0,45,topic_only/logreg
"Endocrinology, Diabetes and Metabolism",46,122,0.5,1.0,45,topic_only/logreg
Environmental Engineering,35,75,0.5,1.0,45,topic_only/logreg
Epidemiology,120,383,0.5,1.0,45,topic_only/logreg
Experimental and Cognitive Psychology,28,73,0.5,1.0,45,topic_only/logreg
Food Science,23,101,0.5,1.0,45,topic_only/logreg
General Health Professions,28,154,0.5,1.0,45,topic_only/logreg
Genetics,80,267,0.4379447565543071,0.9178554,45,topic_only/logreg
Global and Planetary Change,31,110,0.5,1.0,45,topic_only/logreg
Health Information Management,25,20,0.5,1.0,45,topic_only/logreg
"Health, Toxicology and Mutagenesis",35,107,0.5,1.0,45,topic_only/logreg
Hematology,27,83,0.5,1.0,45,topic_only/logreg
Hepatology,23,73,0.5,1.0,45,topic_only/logreg
Immunology,100,228,0.5,1.0,45,topic_only/logreg
Industrial and Manufacturing Engineering,127,112,0.5956130483689539,1.0994545,45,topic_only/logreg
Infectious Diseases,33,188,0.5,1.0,45,topic_only/logreg
Information Systems,173,155,0.5,1.0,45,topic_only/logreg
Inorganic Chemistry,77,86,0.5,1.0,45,topic_only/logreg
Management Information Systems,20,41,0.5,1.0,45,topic_only/logreg
Management Science and Operations Research,135,135,0.5,1.0,45,topic_only/logreg
"Management, Monitoring, Policy and Law",21,53,0.5,1.0,45,topic_only/logreg
Materials Chemistry,135,412,0.5,1.0,45,topic_only/logreg
Mechanical Engineering,78,284,0.5,1.0,45,topic_only/logreg
Mechanics of Materials,24,190,0.5,1.0,45,topic_only/logreg
Media Technology,27,28,0.5,1.0,45,topic_only/logreg
Molecular Biology,563,1085,0.5,1.0,45,topic_only/logreg
Nephrology,23,79,0.5,1.0,45,topic_only/logreg
Neurology,99,222,0.582992082992083,1.1461257,45,topic_only/logreg
Nuclear and High Energy Physics,21,69,0.5,1.0,45,topic_only/logreg
Nutrition and Dietetics,21,71,0.5,1.0,45,topic_only/logreg
Obstetrics and Gynecology,21,63,0.5,1.0,45,topic_only/logreg
Ocean Engineering,21,84,0.5,1.0,45,topic_only/logreg
Oncology,136,310,0.5,1.0,45,topic_only/logreg
Organic Chemistry,64,147,0.5,1.0,45,topic_only/logreg
Organizational Behavior and Human Resource Management,27,46,0.5,1.0,45,topic_only/logreg
Orthopedics and Sports Medicine,31,57,0.5,1.0,45,topic_only/logreg
Pathology and Forensic Medicine,84,165,0.5,1.0,45,topic_only/logreg
"Pediatrics, Perinatology and Child Health",22,99,0.5,1.0,45,topic_only/logreg
Pharmacology,59,180,0.49364406779661013,0.9907975,45,topic_only/logreg
Physiology,67,263,0.5463935077464388,1.1942526,45,topic_only/logreg
Plant Science,122,299,0.5,1.0,45,topic_only/logreg
Pollution,22,72,0.5,1.0,45,topic_only/logreg
Polymers and Plastics,20,58,0.5,1.0,45,topic_only/logreg
Psychiatry and Mental health,35,167,0.5,1.0,45,topic_only/logreg
"Public Health, Environmental and Occupational Health",54,349,0.5,1.0,45,topic_only/logreg
Pulmonary and Respiratory Medicine,125,398,0.5,1.0,45,topic_only/logreg
"Radiology, Nuclear Medicine and Imaging",82,197,0.5,1.0,45,topic_only/logreg
Rehabilitation,21,54,0.5,1.0,45,topic_only/logreg
"Renewable Energy, Sustainability and the Environment",43,148,0.5,1.0,45,topic_only/logreg
Rheumatology,38,115,0.5,1.0,45,topic_only/logreg
Signal Processing,30,48,0.5,1.0,45,topic_only/logreg
Social Psychology,44,125,0.5,1.0,45,topic_only/logreg
Sociology and Political Science,76,279,0.5,1.0,45,topic_only/logreg
Statistical and Nonlinear Physics,23,88,0.5,1.0,45,topic_only/logreg
Strategy and Management,36,66,0.5,1.0,45,topic_only/logreg
Surgery,125,487,0.5,1.0,45,topic_only/logreg
Water Science and Technology,40,72,0.5,1.0,45,topic_only/logreg
Accounting,24,37,0.5,1.0,45,topic_only/xgb
Aerospace Engineering,35,179,0.5,1.0,45,topic_only/xgb
Artificial Intelligence,357,317,0.5,1.0,45,topic_only/xgb
Atmospheric Science,28,74,0.5,1.0,45,topic_only/xgb
"Atomic and Molecular Physics, and Optics",21,101,0.5,1.0,45,topic_only/xgb
Automotive Engineering,21,56,0.5,1.0,45,topic_only/xgb
Biochemistry,20,60,0.5,1.0,45,topic_only/xgb
Biomaterials,40,81,0.5,1.0,45,topic_only/xgb
Biomedical Engineering,164,342,0.5,1.0,45,topic_only/xgb
Building and Construction,35,92,0.5,1.0,45,topic_only/xgb
Business and International Management,55,22,0.5,1.0,45,topic_only/xgb
Cancer Research,483,238,0.5,1.0,45,topic_only/xgb
Cardiology and Cardiovascular Medicine,77,227,0.5,1.0,45,topic_only/xgb
Cell Biology,67,119,0.5,1.0,45,topic_only/xgb
Cellular and Molecular Neuroscience,41,100,0.5,1.0,45,topic_only/xgb
Civil and Structural Engineering,78,233,0.5,1.0,45,topic_only/xgb
Clinical Psychology,28,166,0.5,1.0,45,topic_only/xgb
Cognitive Neuroscience,40,183,0.5,1.0,45,topic_only/xgb
Complementary and alternative medicine,43,73,0.5,1.0,45,topic_only/xgb
Computational Mechanics,27,101,0.5,1.0,45,topic_only/xgb
Computational Theory and Mathematics,36,104,0.5,1.0,45,topic_only/xgb
Computer Graphics and Computer-Aided Design,39,23,0.5,1.0,45,topic_only/xgb
Computer Networks and Communications,150,127,0.5,1.0,45,topic_only/xgb
Computer Vision and Pattern Recognition,155,201,0.5,1.0,45,topic_only/xgb
Control and Systems Engineering,60,163,0.5,1.0,45,topic_only/xgb
Economics and Econometrics,140,215,0.5,1.0,45,topic_only/xgb
Education,90,116,0.5,1.0,45,topic_only/xgb
Electrical and Electronic Engineering,153,407,0.5,1.0,45,topic_only/xgb
"Electronic, Optical and Magnetic Materials",33,89,0.5,1.0,45,topic_only/xgb
"Endocrinology, Diabetes and Metabolism",46,122,0.5,1.0,45,topic_only/xgb
Environmental Engineering,35,75,0.5,1.0,45,topic_only/xgb
Epidemiology,120,383,0.5,1.0,45,topic_only/xgb
Experimental and Cognitive Psychology,28,73,0.5,1.0,45,topic_only/xgb
Food Science,23,101,0.5,1.0,45,topic_only/xgb
General Health Professions,28,154,0.5,1.0,45,topic_only/xgb
Genetics,80,267,0.4379447565543071,0.9178554,45,topic_only/xgb
Global and Planetary Change,31,110,0.5,1.0,45,topic_only/xgb
Health Information Management,25,20,0.5,1.0,45,topic_only/xgb
"Health, Toxicology and Mutagenesis",35,107,0.5,1.0,45,topic_only/xgb
Hematology,27,83,0.5,1.0,45,topic_only/xgb
Hepatology,23,73,0.5,1.0,45,topic_only/xgb
Immunology,100,228,0.5,1.0,45,topic_only/xgb
Industrial and Manufacturing Engineering,127,112,0.5956130483689539,1.0994545,45,topic_only/xgb
Infectious Diseases,33,188,0.5,1.0,45,topic_only/xgb
Information Systems,173,155,0.5,1.0,45,topic_only/xgb
Inorganic Chemistry,77,86,0.5,1.0,45,topic_only/xgb
Management Information Systems,20,41,0.5,1.0,45,topic_only/xgb
Management Science and Operations Research,135,135,0.5,1.0,45,topic_only/xgb
"Management, Monitoring, Policy and Law",21,53,0.5,1.0,45,topic_only/xgb
Materials Chemistry,135,412,0.5,1.0,45,topic_only/xgb
Mechanical Engineering,78,284,0.5,1.0,45,topic_only/xgb
Mechanics of Materials,24,190,0.5,1.0,45,topic_only/xgb
Media Technology,27,28,0.5,1.0,45,topic_only/xgb
Molecular Biology,563,1085,0.5,1.0,45,topic_only/xgb
Nephrology,23,79,0.5,1.0,45,topic_only/xgb
Neurology,99,222,0.582992082992083,1.1461257,45,topic_only/xgb
Nuclear and High Energy Physics,21,69,0.5,1.0,45,topic_only/xgb
Nutrition and Dietetics,21,71,0.5,1.0,45,topic_only/xgb
Obstetrics and Gynecology,21,63,0.5,1.0,45,topic_only/xgb
Ocean Engineering,21,84,0.5,1.0,45,topic_only/xgb
Oncology,136,310,0.5,1.0,45,topic_only/xgb
Organic Chemistry,64,147,0.5,1.0,45,topic_only/xgb
Organizational Behavior and Human Resource Management,27,46,0.5,1.0,45,topic_only/xgb
Orthopedics and Sports Medicine,31,57,0.5,1.0,45,topic_only/xgb
Pathology and Forensic Medicine,84,165,0.5,1.0,45,topic_only/xgb
"Pediatrics, Perinatology and Child Health",22,99,0.5,1.0,45,topic_only/xgb
Pharmacology,59,180,0.49364406779661013,0.9907975,45,topic_only/xgb
Physiology,67,263,0.5463935077464388,1.1942526,45,topic_only/xgb
Plant Science,122,299,0.5,1.0,45,topic_only/xgb
Pollution,22,72,0.5,1.0,45,topic_only/xgb
Polymers and Plastics,20,58,0.5,1.0,45,topic_only/xgb
Psychiatry and Mental health,35,167,0.5,1.0,45,topic_only/xgb
"Public Health, Environmental and Occupational Health",54,349,0.5,1.0,45,topic_only/xgb
Pulmonary and Respiratory Medicine,125,398,0.5,1.0,45,topic_only/xgb
"Radiology, Nuclear Medicine and Imaging",82,197,0.5,1.0,45,topic_only/xgb
Rehabilitation,21,54,0.5,1.0,45,topic_only/xgb
"Renewable Energy, Sustainability and the Environment",43,148,0.5,1.0,45,topic_only/xgb
Rheumatology,38,115,0.5,1.0,45,topic_only/xgb
Signal Processing,30,48,0.5,1.0,45,topic_only/xgb
Social Psychology,44,125,0.5,1.0,45,topic_only/xgb
Sociology and Political Science,76,279,0.5,1.0,45,topic_only/xgb
Statistical and Nonlinear Physics,23,88,0.5,1.0,45,topic_only/xgb
Strategy and Management,36,66,0.5,1.0,45,topic_only/xgb
Surgery,125,487,0.5,1.0,45,topic_only/xgb
Water Science and Technology,40,72,0.5,1.0,45,topic_only/xgb
Accounting,24,37,0.6463963963963965,1.454104,45,tabular/central_xgb
Aerospace Engineering,35,179,0.6067837190742218,1.4123466,45,tabular/central_xgb
Artificial Intelligence,357,317,0.7346004647915948,1.349421,45,tabular/central_xgb
Atmospheric Science,28,74,0.7654440154440154,2.2365685,45,tabular/central_xgb
"Atomic and Molecular Physics, and Optics",21,101,0.5007072135785007,1.4832307,45,tabular/central_xgb
Automotive Engineering,21,56,0.6275510204081632,1.9069651,45,tabular/central_xgb
Biochemistry,20,60,0.6841666666666666,1.8338474,45,tabular/central_xgb
Biomaterials,40,81,0.5405864197530864,1.2315457,45,tabular/central_xgb
Biomedical Engineering,164,342,0.6691538296961916,1.6764431,45,tabular/central_xgb
Building and Construction,35,92,0.7074534161490683,1.7347564,45,tabular/central_xgb
Business and International Management,55,22,0.5958677685950413,1.096101,45,tabular/central_xgb
Cancer Research,483,238,0.6799371922682116,1.1768825,45,tabular/central_xgb
Cardiology and Cardiovascular Medicine,77,227,0.6962068768236169,1.9024882,45,tabular/central_xgb
Cell Biology,67,119,0.5922488398344412,1.2272989,45,tabular/central_xgb
Cellular and Molecular Neuroscience,41,100,0.6404878048780488,1.4519893,45,tabular/central_xgb
Civil and Structural Engineering,78,233,0.5598107186090019,1.3622262,45,tabular/central_xgb
Clinical Psychology,28,166,0.6566265060240963,1.918215,45,tabular/central_xgb
Cognitive Neuroscience,40,183,0.7403005464480875,2.1929386,45,tabular/central_xgb
Complementary and alternative medicine,43,73,0.7381331634278433,1.7407681,45,tabular/central_xgb
Computational Mechanics,27,101,0.4451778511184451,0.9537005,45,tabular/central_xgb
Computational Theory and Mathematics,36,104,0.6292735042735043,1.3235384,45,tabular/central_xgb
Computer Graphics and Computer-Aided Design,39,23,0.5752508361204014,1.1017694,45,tabular/central_xgb
Computer Networks and Communications,150,127,0.7077952755905512,1.3349234,45,tabular/central_xgb
Computer Vision and Pattern Recognition,155,201,0.6900176536671481,1.3384235,45,tabular/central_xgb
Control and Systems Engineering,60,163,0.6404396728016359,1.6259601,45,tabular/central_xgb
Economics and Econometrics,140,215,0.6867607973421926,1.3778802,45,tabular/central_xgb
Education,90,116,0.8592911877394636,1.9334266,45,tabular/central_xgb
Electrical and Electronic Engineering,153,407,0.6529202999791235,1.5920247,45,tabular/central_xgb
"Electronic, Optical and Magnetic Materials",33,89,0.6414708886618999,1.7604654,45,tabular/central_xgb
"Endocrinology, Diabetes and Metabolism",46,122,0.66535994297933,1.5560782,45,tabular/central_xgb
Environmental Engineering,35,75,0.7382857142857142,1.7529383,45,tabular/central_xgb
Epidemiology,120,383,0.7026436031331593,1.8802088,45,tabular/central_xgb
Experimental and Cognitive Psychology,28,73,0.7255381604696673,1.921871,45,tabular/central_xgb
Food Science,23,101,0.6414119672836849,2.8757699,45,tabular/central_xgb
General Health Professions,28,154,0.7024582560296846,2.8570151,45,tabular/central_xgb
Genetics,80,267,0.668679775280899,1.5699534,45,tabular/central_xgb
Global and Planetary Change,31,110,0.8219941348973606,2.8532526,45,tabular/central_xgb
Health Information Management,25,20,0.704,1.3350091,45,tabular/central_xgb
"Health, Toxicology and Mutagenesis",35,107,0.7303070761014686,2.1422424,45,tabular/central_xgb
Hematology,27,83,0.6675591253904506,1.7478806,45,tabular/central_xgb
Hepatology,23,73,0.6688505062537224,2.088401,45,tabular/central_xgb
Immunology,100,228,0.7032894736842105,1.6606488,45,tabular/central_xgb
Industrial and Manufacturing Engineering,127,112,0.8230455568053994,1.546392,45,tabular/central_xgb
Infectious Diseases,33,188,0.6031592520954223,1.6475358,45,tabular/central_xgb
Information Systems,173,155,0.735931381689353,1.3619459,45,tabular/central_xgb
Inorganic Chemistry,77,86,0.7354273633343401,1.4111459,45,tabular/central_xgb
Management Information Systems,20,41,0.526829268292683,1.2524292,45,tabular/central_xgb
Management Science and Operations Research,135,135,0.48093278463648836,1.0375537,45,tabular/central_xgb
"Management, Monitoring, Policy and Law",21,53,0.7511230907457322,2.3037777,45,tabular/central_xgb
Materials Chemistry,135,412,0.6039284430061129,1.319757,45,tabular/central_xgb
Mechanical Engineering,78,284,0.5656599855543518,1.5705718,45,tabular/central_xgb
Mechanics of Materials,24,190,0.49013157894736836,1.3472822,45,tabular/central_xgb
Media Technology,27,28,0.6759259259259259,1.2484335,45,tabular/central_xgb
Molecular Biology,563,1085,0.6642451973054162,1.4530267,45,tabular/central_xgb
Nephrology,23,79,0.6538249862410567,1.9766295,45,tabular/central_xgb
Neurology,99,222,0.7751387751387752,1.8348643,45,tabular/central_xgb
Nuclear and High Energy Physics,21,69,0.7018633540372671,2.0385656,45,tabular/central_xgb
Nutrition and Dietetics,21,71,0.6371562709590879,2.0313754,45,tabular/central_xgb
Obstetrics and Gynecology,21,63,0.6749811035525322,2.0995338,45,tabular/central_xgb
Ocean Engineering,21,84,0.671201814058957,2.0671413,45,tabular/central_xgb
Oncology,136,310,0.6937381404174573,1.5406828,45,tabular/central_xgb
Organic Chemistry,64,147,0.5403911564625851,1.2016402,45,tabular/central_xgb
Organizational Behavior and Human Resource Management,27,46,0.7801932367149759,1.7597822,45,tabular/central_xgb
Orthopedics and Sports Medicine,31,57,0.7956989247311829,2.1445086,45,tabular/central_xgb
Pathology and Forensic Medicine,84,165,0.6904761904761905,1.5648477,45,tabular/central_xgb
"Pediatrics, Perinatology and Child Health",22,99,0.7451790633608815,2.606001,45,tabular/central_xgb
Pharmacology,59,180,0.7019774011299434,1.7675958,45,tabular/central_xgb
Physiology,67,263,0.6835877645990579,2.10108,45,tabular/central_xgb
Plant Science,122,299,0.6717884752453533,1.9024572,45,tabular/central_xgb
Pollution,22,72,0.6931818181818182,2.1569803,45,tabular/central_xgb
Polymers and Plastics,20,58,0.6767241379310344,1.4992634,45,tabular/central_xgb
Psychiatry and Mental health,35,167,0.7430282292557742,2.0975952,45,tabular/central_xgb
"Public Health, Environmental and Occupational Health",54,349,0.6813647458346599,2.1309555,45,tabular/central_xgb
Pulmonary and Respiratory Medicine,125,398,0.6945929648241205,1.9280821,45,tabular/central_xgb
"Radiology, Nuclear Medicine and Imaging",82,197,0.7554785192521978,2.0481489,45,tabular/central_xgb
Rehabilitation,21,54,0.693121693121693,1.9459873,45,tabular/central_xgb
"Renewable Energy, Sustainability and the Environment",43,148,0.6324638592080452,1.7648574,45,tabular/central_xgb
Rheumatology,38,115,0.6725400457665903,1.5725814,45,tabular/central_xgb
Signal Processing,30,48,0.6097222222222222,1.1483598,45,tabular/central_xgb
Social Psychology,44,125,0.7507272727272728,2.0526104,45,tabular/central_xgb
Sociology and Political Science,76,279,0.8225806451612903,2.7592862,45,tabular/central_xgb
Statistical and Nonlinear Physics,23,88,0.6719367588932805,2.2778082,45,tabular/central_xgb
Strategy and Management,36,66,0.7369528619528619,1.617562,45,tabular/central_xgb
Surgery,125,487,0.6455852156057494,1.9453526,45,tabular/central_xgb
Water Science and Technology,40,72,0.7194444444444443,1.5651357,45,tabular/central_xgb
Accounting,24,37,0.6925675675675675,1.5136653,45,tabular/central_mlp
Aerospace Engineering,35,179,0.5803671189146049,1.4665731,45,tabular/central_mlp
Artificial Intelligence,357,317,0.7432026438335586,1.3602959,45,tabular/central_mlp
Atmospheric Science,28,74,0.7857142857142858,2.2271216,45,tabular/central_mlp
"Atomic and Molecular Physics, and Optics",21,101,0.519094766619519,1.5378581,45,tabular/central_mlp
Automotive Engineering,21,56,0.6709183673469388,1.7634459,45,tabular/central_mlp
Biochemistry,20,60,0.7108333333333333,1.9634372,45,tabular/central_mlp
Biomaterials,40,81,0.4907407407407407,1.1552414,45,tabular/central_mlp
Biomedical Engineering,164,342,0.656807160176865,1.5762788,45,tabular/central_mlp
Building and Construction,35,92,0.715527950310559,1.7654451,45,tabular/central_mlp
Business and International Management,55,22,0.5942148760330579,1.123206,45,tabular/central_mlp
Cancer Research,483,238,0.670859648207109,1.1841142,45,tabular/central_mlp
Cardiology and Cardiovascular Medicine,77,227,0.6778419818067395,1.8698292,45,tabular/central_mlp
Cell Biology,67,119,0.5814624357205569,1.1468667,45,tabular/central_mlp
Cellular and Molecular Neuroscience,41,100,0.6057317073170732,1.4083434,45,tabular/central_mlp
Civil and Structural Engineering,78,233,0.5115549686365137,1.2090745,45,tabular/central_mlp
Clinical Psychology,28,166,0.5886402753872633,1.9873855,45,tabular/central_mlp
Cognitive Neuroscience,40,183,0.7258196721311475,2.284273,45,tabular/central_mlp
Complementary and alternative medicine,43,73,0.689232239566741,1.6175034,45,tabular/central_mlp
Computational Mechanics,27,101,0.4922992299229923,1.0157948,45,tabular/central_mlp
Computational Theory and Mathematics,36,104,0.6040331196581197,1.1565453,45,tabular/central_mlp
Computer Graphics and Computer-Aided Design,39,23,0.5707915273132664,1.0384451,45,tabular/central_mlp
Computer Networks and Communications,150,127,0.7090026246719161,1.3824811,45,tabular/central_mlp
Computer Vision and Pattern Recognition,155,201,0.6904028245867437,1.3326406,45,tabular/central_mlp
Control and Systems Engineering,60,163,0.6257668711656442,1.5089912,45,tabular/central_mlp
Economics and Econometrics,140,215,0.6664784053156146,1.3273053,45,tabular/central_mlp
Education,90,116,0.8589080459770114,1.9085742,45,tabular/central_mlp
Electrical and Electronic Engineering,153,407,0.6524786818904467,1.5588151,45,tabular/central_mlp
"Electronic, Optical and Magnetic Materials",33,89,0.6595165134490977,1.620433,45,tabular/central_mlp
"Endocrinology, Diabetes and Metabolism",46,122,0.6600142551674981,1.7463406,45,tabular/central_mlp
Environmental Engineering,35,75,0.729904761904762,1.7437106,45,tabular/central_mlp
Epidemiology,120,383,0.6848237597911226,1.7316867,45,tabular/central_mlp
Experimental and Cognitive Psychology,28,73,0.7678571428571429,1.8763695,45,tabular/central_mlp
Food Science,23,101,0.6732673267326732,2.512103,45,tabular/central_mlp
General Health Professions,28,154,0.7191558441558442,2.764858,45,tabular/central_mlp
Genetics,80,267,0.6861423220973784,1.6499194,45,tabular/central_mlp
Global and Planetary Change,31,110,0.845601173020528,3.0144293,45,tabular/central_mlp
Health Information Management,25,20,0.638,1.2468679,45,tabular/central_mlp
"Health, Toxicology and Mutagenesis",35,107,0.734712950600801,2.1497266,45,tabular/central_mlp
Hematology,27,83,0.677599286033021,1.7448353,45,tabular/central_mlp
Hepatology,23,73,0.672424061941632,1.9871985,45,tabular/central_mlp
Immunology,100,228,0.7152631578947368,1.7981108,45,tabular/central_mlp
Industrial and Manufacturing Engineering,127,112,0.8192491563554555,1.6021595,45,tabular/central_mlp
Infectious Diseases,33,188,0.6349935525467441,1.5977069,45,tabular/central_mlp
Information Systems,173,155,0.7338057057617005,1.3819625,45,tabular/central_mlp
Inorganic Chemistry,77,86,0.6721534279673814,1.3667549,45,tabular/central_mlp
Management Information Systems,20,41,0.5841463414634146,1.3217599,45,tabular/central_mlp
Management Science and Operations Research,135,135,0.5178326474622771,1.0441247,45,tabular/central_mlp
"Management, Monitoring, Policy and Law",21,53,0.8176100628930818,2.5002425,45,tabular/central_mlp
Materials Chemistry,135,412,0.5758360302049623,1.2391925,45,tabular/central_mlp
Mechanical Engineering,78,284,0.5648248465149874,1.6458015,45,tabular/central_mlp
Mechanics of Materials,24,190,0.46030701754385966,1.4823122,45,tabular/central_mlp
Media Technology,27,28,0.7063492063492063,1.2937473,45,tabular/central_mlp
Molecular Biology,563,1085,0.6764273027150469,1.4521395,45,tabular/central_mlp
Nephrology,23,79,0.6681342872867363,2.0190148,45,tabular/central_mlp
Neurology,99,222,0.7408772408772408,1.6885991,45,tabular/central_mlp
Nuclear and High Energy Physics,21,69,0.7022084195997239,1.8723782,45,tabular/central_mlp
Nutrition and Dietetics,21,71,0.6086519114688129,1.5325711,45,tabular/central_mlp
Obstetrics and Gynecology,21,63,0.7059712773998488,1.9652172,45,tabular/central_mlp
Ocean Engineering,21,84,0.6354875283446711,1.6581705,45,tabular/central_mlp
Oncology,136,310,0.692469165085389,1.4592922,45,tabular/central_mlp
Organic Chemistry,64,147,0.4967049319727891,1.0589341,45,tabular/central_mlp
Organizational Behavior and Human Resource Management,27,46,0.7463768115942028,1.6091691,45,tabular/central_mlp
Orthopedics and Sports Medicine,31,57,0.754951895868704,2.06676,45,tabular/central_mlp
Pathology and Forensic Medicine,84,165,0.6596320346320346,1.4503978,45,tabular/central_mlp
"Pediatrics, Perinatology and Child Health",22,99,0.7231404958677685,2.5985518,45,tabular/central_mlp
Pharmacology,59,180,0.6805084745762712,1.6447086,45,tabular/central_mlp
Physiology,67,263,0.6693433970830259,1.8372853,45,tabular/central_mlp
Plant Science,122,299,0.6836449366741597,1.8737751,45,tabular/central_mlp
Pollution,22,72,0.7083333333333334,2.2482028,45,tabular/central_mlp
Polymers and Plastics,20,58,0.6762931034482759,1.531125,45,tabular/central_mlp
Psychiatry and Mental health,35,167,0.7169375534644995,2.106118,45,tabular/central_mlp
"Public Health, Environmental and Occupational Health",54,349,0.6835933354557996,2.197681,45,tabular/central_mlp
Pulmonary and Respiratory Medicine,125,398,0.6892060301507538,1.9672011,45,tabular/central_mlp
"Radiology, Nuclear Medicine and Imaging",82,197,0.7609260864182246,2.0373209,45,tabular/central_mlp
Rehabilitation,21,54,0.7063492063492063,1.9819525,45,tabular/central_mlp
"Renewable Energy, Sustainability and the Environment",43,148,0.623664362036455,1.6797506,45,tabular/central_mlp
Rheumatology,38,115,0.6240274599542334,1.5592476,45,tabular/central_mlp
Signal Processing,30,48,0.6465277777777778,1.2333636,45,tabular/central_mlp
Social Psychology,44,125,0.7078181818181819,1.8905612,45,tabular/central_mlp
Sociology and Political Science,76,279,0.7947557064704772,2.660953,45,tabular/central_mlp
Statistical and Nonlinear Physics,23,88,0.6413043478260869,2.2187119,45,tabular/central_mlp
Strategy and Management,36,66,0.7247474747474748,1.6338083,45,tabular/central_mlp
Surgery,125,487,0.6758603696098562,2.0407186,45,tabular/central_mlp
Water Science and Technology,40,72,0.6635416666666667,1.4976724,45,tabular/central_mlp
Accounting,24,37,0.688063063063063,1.4779261,45,tabular/fl_fedavg
Aerospace Engineering,35,179,0.5746209098164405,1.5328931,45,tabular/fl_fedavg
Artificial Intelligence,357,317,0.7124875186667727,1.3123982,45,tabular/fl_fedavg
Atmospheric Science,28,74,0.7746138996138996,2.013474,45,tabular/fl_fedavg
"Atomic and Molecular Physics, and Optics",21,101,0.5363036303630363,1.5858265,45,tabular/fl_fedavg
Automotive Engineering,21,56,0.66156462585034,1.518817,45,tabular/fl_fedavg
Biochemistry,20,60,0.7241666666666667,1.9566635,45,tabular/fl_fedavg
Biomaterials,40,81,0.46481481481481485,1.0112188,45,tabular/fl_fedavg
Biomedical Engineering,164,342,0.6434888033090858,1.5360417,45,tabular/fl_fedavg
Building and Construction,35,92,0.70527950310559,1.7316945,45,tabular/fl_fedavg
Business and International Management,55,22,0.5570247933884298,1.0774201,45,tabular/fl_fedavg
Cancer Research,483,238,0.6280033752631488,1.132418,45,tabular/fl_fedavg
Cardiology and Cardiovascular Medicine,77,227,0.6400823845757766,1.6942443,45,tabular/fl_fedavg
Cell Biology,67,119,0.5679167189263765,1.1491876,45,tabular/fl_fedavg
Cellular and Molecular Neuroscience,41,100,0.5925609756097561,1.1895953,45,tabular/fl_fedavg
Civil and Structural Engineering,78,233,0.624353471992957,1.4316016,45,tabular/fl_fedavg
Clinical Psychology,28,166,0.543459552495697,1.4907918,45,tabular/fl_fedavg
Cognitive Neuroscience,40,183,0.7229508196721312,2.0146582,45,tabular/fl_fedavg
Complementary and alternative medicine,43,73,0.6581713921631092,1.5210975,45,tabular/fl_fedavg
Computational Mechanics,27,101,0.4704803813714704,1.1462148,45,tabular/fl_fedavg
Computational Theory and Mathematics,36,104,0.5977564102564102,1.2692461,45,tabular/fl_fedavg
Computer Graphics and Computer-Aided Design,39,23,0.5942028985507246,1.0950209,45,tabular/fl_fedavg
Computer Networks and Communications,150,127,0.7162992125984252,1.3277917,45,tabular/fl_fedavg
Computer Vision and Pattern Recognition,155,201,0.6800353073342962,1.3395792,45,tabular/fl_fedavg
Control and Systems Engineering,60,163,0.6137525562372188,1.5184726,45,tabular/fl_fedavg
Economics and Econometrics,140,215,0.6573421926910299,1.3077753,45,tabular/fl_fedavg
Education,90,116,0.8415708812260536,1.8533989,45,tabular/fl_fedavg
Electrical and Electronic Engineering,153,407,0.660748984278396,1.6521955,45,tabular/fl_fedavg
"Electronic, Optical and Magnetic Materials",33,89,0.634320735444331,1.3372426,45,tabular/fl_fedavg
"Endocrinology, Diabetes and Metabolism",46,122,0.6249109052031362,1.6463499,45,tabular/fl_fedavg
Environmental Engineering,35,75,0.6556190476190477,1.5678921,45,tabular/fl_fedavg
Epidemiology,120,383,0.6616187989556136,1.7996744,45,tabular/fl_fedavg
Experimental and Cognitive Psychology,28,73,0.7460861056751468,1.8443542,45,tabular/fl_fedavg
Food Science,23,101,0.61041756349548,2.0822663,45,tabular/fl_fedavg
General Health Professions,28,154,0.6685992578849721,1.9693106,45,tabular/fl_fedavg
Genetics,80,267,0.6498127340823971,1.4643395,45,tabular/fl_fedavg
Global and Planetary Change,31,110,0.7941348973607038,2.7113874,45,tabular/fl_fedavg
Health Information Management,25,20,0.718,1.3785564,45,tabular/fl_fedavg
"Health, Toxicology and Mutagenesis",35,107,0.7417890520694259,2.0839186,45,tabular/fl_fedavg
Hematology,27,83,0.7068273092369478,2.1353128,45,tabular/fl_fedavg
Hepatology,23,73,0.6923764145324598,2.0528147,45,tabular/fl_fedavg
Immunology,100,228,0.6817763157894736,1.4722606,45,tabular/fl_fedavg
Industrial and Manufacturing Engineering,127,112,0.7840269966254219,1.5523281,45,tabular/fl_fedavg
Infectious Diseases,33,188,0.6368471953578336,1.5340123,45,tabular/fl_fedavg
Information Systems,173,155,0.7227298154018273,1.356269,45,tabular/fl_fedavg
Inorganic Chemistry,77,86,0.5819993959528843,1.3316948,45,tabular/fl_fedavg
Management Information Systems,20,41,0.5073170731707317,1.3524328,45,tabular/fl_fedavg
Management Science and Operations Research,135,135,0.45901234567901233,1.0209142,45,tabular/fl_fedavg
"Management, Monitoring, Policy and Law",21,53,0.8122192273135669,2.5297608,45,tabular/fl_fedavg
Materials Chemistry,135,412,0.5806814095649047,1.3363572,45,tabular/fl_fedavg
Mechanical Engineering,78,284,0.5637639942217407,1.5695233,45,tabular/fl_fedavg
Mechanics of Materials,24,190,0.6289473684210526,1.9730388,45,tabular/fl_fedavg
Media Technology,27,28,0.6521164021164021,1.1765286,45,tabular/fl_fedavg
Molecular Biology,563,1085,0.6526229628962683,1.348783,45,tabular/fl_fedavg
Nephrology,23,79,0.6351128233351678,1.4933472,45,tabular/fl_fedavg
Neurology,99,222,0.7116207116207116,1.6107376,45,tabular/fl_fedavg
Nuclear and High Energy Physics,21,69,0.7163561076604554,2.1086257,45,tabular/fl_fedavg
Nutrition and Dietetics,21,71,0.6234071093226023,1.9235989,45,tabular/fl_fedavg
Obstetrics and Gynecology,21,63,0.674225245653817,1.8582098,45,tabular/fl_fedavg
Ocean Engineering,21,84,0.6105442176870748,1.7021128,45,tabular/fl_fedavg
Oncology,136,310,0.6992884250474383,1.4131165,45,tabular/fl_fedavg
Organic Chemistry,64,147,0.451796343537415,0.98098713,45,tabular/fl_fedavg
Organizational Behavior and Human Resource Management,27,46,0.7648953301127215,1.7734952,45,tabular/fl_fedavg
Orthopedics and Sports Medicine,31,57,0.6785512167515563,1.7617537,45,tabular/fl_fedavg
Pathology and Forensic Medicine,84,165,0.6490981240981242,1.4146254,45,tabular/fl_fedavg
"Pediatrics, Perinatology and Child Health",22,99,0.6531221303948577,1.7803183,45,tabular/fl_fedavg
Pharmacology,59,180,0.6913370998116761,1.6676346,45,tabular/fl_fedavg
Physiology,67,263,0.6929515918506328,1.688225,45,tabular/fl_fedavg
Plant Science,122,299,0.6293656450463292,1.6610291,45,tabular/fl_fedavg
Pollution,22,72,0.6205808080808081,1.5114695,45,tabular/fl_fedavg
Polymers and Plastics,20,58,0.6612068965517242,1.4668787,45,tabular/fl_fedavg
Psychiatry and Mental health,35,167,0.7389221556886227,2.4383376,45,tabular/fl_fedavg
"Public Health, Environmental and Occupational Health",54,349,0.6356786586012948,1.8126755,45,tabular/fl_fedavg
Pulmonary and Respiratory Medicine,125,398,0.6515577889447236,1.6812092,45,tabular/fl_fedavg
"Radiology, Nuclear Medicine and Imaging",82,197,0.7208740869134579,1.7404674,45,tabular/fl_fedavg
Rehabilitation,21,54,0.7028218694885362,1.8052957,45,tabular/fl_fedavg
"Renewable Energy, Sustainability and the Environment",43,148,0.6382778126964174,1.5968288,45,tabular/fl_fedavg
Rheumatology,38,115,0.6345537757437071,1.4647942,45,tabular/fl_fedavg
Signal Processing,30,48,0.6430555555555556,1.2625374,45,tabular/fl_fedavg
Social Psychology,44,125,0.6867272727272727,1.560534,45,tabular/fl_fedavg
Sociology and Political Science,76,279,0.7962176947745709,2.5857055,45,tabular/fl_fedavg
Statistical and Nonlinear Physics,23,88,0.6309288537549407,2.3075037,45,tabular/fl_fedavg
Strategy and Management,36,66,0.6885521885521886,1.6000355,45,tabular/fl_fedavg
Surgery,125,487,0.6255441478439425,1.6917182,45,tabular/fl_fedavg
Water Science and Technology,40,72,0.6631944444444444,1.4941756,45,tabular/fl_fedavg
Aerospace Engineering,41,159,0.5,1.0,46,topic_only/logreg
Artificial Intelligence,319,324,0.5,1.0,46,topic_only/logreg
Atmospheric Science,21,63,0.5,1.0,46,topic_only/logreg
"Atomic and Molecular Physics, and Optics",24,112,0.5,1.0,46,topic_only/logreg
Automotive Engineering,26,46,0.5,1.0,46,topic_only/logreg
Biomaterials,37,73,0.5,1.0,46,topic_only/logreg
Biomedical Engineering,154,377,0.5,1.0,46,topic_only/logreg
Building and Construction,57,81,0.5,1.0,46,topic_only/logreg
Business and International Management,54,21,0.5,1.0,46,topic_only/logreg
Cancer Research,481,281,0.5,1.0,46,topic_only/logreg
Cardiology and Cardiovascular Medicine,54,246,0.5,1.0,46,topic_only/logreg
Cell Biology,56,131,0.5,1.0,46,topic_only/logreg
Cellular and Molecular Neuroscience,35,111,0.5,1.0,46,topic_only/logreg
Civil and Structural Engineering,59,250,0.5,1.0,46,topic_only/logreg
Clinical Psychology,45,171,0.5,1.0,46,topic_only/logreg
Cognitive Neuroscience,29,158,0.5,1.0,46,topic_only/logreg
Complementary and alternative medicine,35,76,0.5,1.0,46,topic_only/logreg
Computational Mechanics,26,87,0.5,1.0,46,topic_only/logreg
Computational Theory and Mathematics,39,108,0.5,1.0,46,topic_only/logreg
Computer Graphics and Computer-Aided Design,46,23,0.5,1.0,46,topic_only/logreg
Computer Networks and Communications,151,138,0.5,1.0,46,topic_only/logreg
Computer Science Applications,20,23,0.5,1.0,46,topic_only/logreg
Computer Vision and Pattern Recognition,164,199,0.5,1.0,46,topic_only/logreg
Control and Systems Engineering,72,162,0.5,1.0,46,topic_only/logreg
Economics and Econometrics,145,207,0.5,1.0,46,topic_only/logreg
Education,102,127,0.5,1.0,46,topic_only/logreg
Electrical and Electronic Engineering,187,387,0.5,1.0,46,topic_only/logreg
"Electronic, Optical and Magnetic Materials",34,90,0.5,1.0,46,topic_only/logreg
"Endocrinology, Diabetes and Metabolism",36,128,0.5,1.0,46,topic_only/logreg
Environmental Engineering,32,69,0.5,1.0,46,topic_only/logreg
Epidemiology,98,368,0.5,1.0,46,topic_only/logreg
Experimental and Cognitive Psychology,23,69,0.5,1.0,46,topic_only/logreg
Food Science,21,95,0.5,1.0,46,topic_only/logreg
Genetics,87,278,0.473621103117506,0.96210164,46,topic_only/logreg
Global and Planetary Change,43,126,0.5,1.0,46,topic_only/logreg
Health Information Management,35,20,0.5,1.0,46,topic_only/logreg
"Health, Toxicology and Mutagenesis",33,85,0.5,1.0,46,topic_only/logreg
Immunology,97,223,0.5,1.0,46,topic_only/logreg
Industrial and Manufacturing Engineering,136,111,0.5967143614202438,1.0957707,46,topic_only/logreg
Infectious Diseases,33,195,0.5,1.0,46,topic_only/logreg
Information Systems,166,144,0.5,1.0,46,topic_only/logreg
Inorganic Chemistry,77,110,0.5,1.0,46,topic_only/logreg
Management Information Systems,24,45,0.5,1.0,46,topic_only/logreg
Management Science and Operations Research,148,125,0.5,1.0,46,topic_only/logreg
Materials Chemistry,115,403,0.5,1.0,46,topic_only/logreg
Mechanical Engineering,83,297,0.5,1.0,46,topic_only/logreg
Mechanics of Materials,28,203,0.5,1.0,46,topic_only/logreg
Media Technology,33,43,0.5,1.0,46,topic_only/logreg
Molecular Biology,623,970,0.5,1.0,46,topic_only/logreg
Nephrology,28,81,0.5,1.0,46,topic_only/logreg
Neurology,99,222,0.5313950313950314,1.0485116,46,topic_only/logreg
Nutrition and Dietetics,30,78,0.5,1.0,46,topic_only/logreg
Obstetrics and Gynecology,24,78,0.5,1.0,46,topic_only/logreg
Ocean Engineering,26,77,0.5,1.0,46,topic_only/logreg
Oncology,124,314,0.5,1.0,46,topic_only/logreg
Ophthalmology,23,89,0.5,1.0,46,topic_only/logreg
Organic Chemistry,66,175,0.5,1.0,46,topic_only/logreg
Organizational Behavior and Human Resource Management,21,42,0.5,1.0,46,topic_only/logreg
Orthopedics and Sports Medicine,28,64,0.5,1.0,46,topic_only/logreg
Pathology and Forensic Medicine,69,185,0.5,1.0,46,topic_only/logreg
"Pediatrics, Perinatology and Child Health",21,110,0.5,1.0,46,topic_only/logreg
Pharmacology,65,174,0.5198054818744474,1.0315241,46,topic_only/logreg
Physiology,83,234,0.549557203171661,1.1862874,46,topic_only/logreg
Plant Science,127,275,0.5,1.0,46,topic_only/logreg
Psychiatry and Mental health,25,187,0.5,1.0,46,topic_only/logreg
"Public Health, Environmental and Occupational Health",53,344,0.5,1.0,46,topic_only/logreg
Pulmonary and Respiratory Medicine,118,391,0.5,1.0,46,topic_only/logreg
"Radiology, Nuclear Medicine and Imaging",85,221,0.5,1.0,46,topic_only/logreg
"Renewable Energy, Sustainability and the Environment",47,136,0.5,1.0,46,topic_only/logreg
Reproductive Medicine,21,53,0.5,1.0,46,topic_only/logreg
Rheumatology,39,115,0.5,1.0,46,topic_only/logreg
Signal Processing,41,48,0.5,1.0,46,topic_only/logreg
Social Psychology,42,128,0.5,1.0,46,topic_only/logreg
Sociology and Political Science,74,299,0.5,1.0,46,topic_only/logreg
Strategy and Management,31,56,0.5,1.0,46,topic_only/logreg
Surgery,134,502,0.5,1.0,46,topic_only/logreg
Water Science and Technology,48,80,0.5,1.0,46,topic_only/logreg
Aerospace Engineering,41,159,0.5,1.0,46,topic_only/xgb
Artificial Intelligence,319,324,0.5,1.0,46,topic_only/xgb
Atmospheric Science,21,63,0.5,1.0,46,topic_only/xgb
"Atomic and Molecular Physics, and Optics",24,112,0.5,1.0,46,topic_only/xgb
Automotive Engineering,26,46,0.5,1.0,46,topic_only/xgb
Biomaterials,37,73,0.5,1.0,46,topic_only/xgb
Biomedical Engineering,154,377,0.5,1.0,46,topic_only/xgb
Building and Construction,57,81,0.5,1.0,46,topic_only/xgb
Business and International Management,54,21,0.5,1.0,46,topic_only/xgb
Cancer Research,481,281,0.5,1.0,46,topic_only/xgb
Cardiology and Cardiovascular Medicine,54,246,0.5,1.0,46,topic_only/xgb
Cell Biology,56,131,0.5,1.0,46,topic_only/xgb
Cellular and Molecular Neuroscience,35,111,0.5,1.0,46,topic_only/xgb
Civil and Structural Engineering,59,250,0.5,1.0,46,topic_only/xgb
Clinical Psychology,45,171,0.5,1.0,46,topic_only/xgb
Cognitive Neuroscience,29,158,0.5,1.0,46,topic_only/xgb
Complementary and alternative medicine,35,76,0.5,1.0,46,topic_only/xgb
Computational Mechanics,26,87,0.5,1.0,46,topic_only/xgb
Computational Theory and Mathematics,39,108,0.5,1.0,46,topic_only/xgb
Computer Graphics and Computer-Aided Design,46,23,0.5,1.0,46,topic_only/xgb
Computer Networks and Communications,151,138,0.5,1.0,46,topic_only/xgb
Computer Science Applications,20,23,0.5,1.0,46,topic_only/xgb
Computer Vision and Pattern Recognition,164,199,0.5,1.0,46,topic_only/xgb
Control and Systems Engineering,72,162,0.5,1.0,46,topic_only/xgb
Economics and Econometrics,145,207,0.5,1.0,46,topic_only/xgb
Education,102,127,0.5,1.0,46,topic_only/xgb
Electrical and Electronic Engineering,187,387,0.5,1.0,46,topic_only/xgb
"Electronic, Optical and Magnetic Materials",34,90,0.5,1.0,46,topic_only/xgb
"Endocrinology, Diabetes and Metabolism",36,128,0.5,1.0,46,topic_only/xgb
Environmental Engineering,32,69,0.5,1.0,46,topic_only/xgb
Epidemiology,98,368,0.5,1.0,46,topic_only/xgb
Experimental and Cognitive Psychology,23,69,0.5,1.0,46,topic_only/xgb
Food Science,21,95,0.5,1.0,46,topic_only/xgb
Genetics,87,278,0.526378896882494,1.0456905,46,topic_only/xgb
Global and Planetary Change,43,126,0.5,1.0,46,topic_only/xgb
Health Information Management,35,20,0.5,1.0,46,topic_only/xgb
"Health, Toxicology and Mutagenesis",33,85,0.5,1.0,46,topic_only/xgb
Immunology,97,223,0.5,1.0,46,topic_only/xgb
Industrial and Manufacturing Engineering,136,111,0.5967143614202438,1.0957707,46,topic_only/xgb
Infectious Diseases,33,195,0.5,1.0,46,topic_only/xgb
Information Systems,166,144,0.5,1.0,46,topic_only/xgb
Inorganic Chemistry,77,110,0.5,1.0,46,topic_only/xgb
Management Information Systems,24,45,0.5,1.0,46,topic_only/xgb
Management Science and Operations Research,148,125,0.5,1.0,46,topic_only/xgb
Materials Chemistry,115,403,0.5,1.0,46,topic_only/xgb
Mechanical Engineering,83,297,0.5,1.0,46,topic_only/xgb
Mechanics of Materials,28,203,0.5,1.0,46,topic_only/xgb
Media Technology,33,43,0.5,1.0,46,topic_only/xgb
Molecular Biology,623,970,0.5,1.0,46,topic_only/xgb
Nephrology,28,81,0.5,1.0,46,topic_only/xgb
Neurology,99,222,0.5313950313950314,1.0485116,46,topic_only/xgb
Nutrition and Dietetics,30,78,0.5,1.0,46,topic_only/xgb
Obstetrics and Gynecology,24,78,0.5,1.0,46,topic_only/xgb
Ocean Engineering,26,77,0.5,1.0,46,topic_only/xgb
Oncology,124,314,0.5,1.0,46,topic_only/xgb
Ophthalmology,23,89,0.5,1.0,46,topic_only/xgb
Organic Chemistry,66,175,0.5,1.0,46,topic_only/xgb
Organizational Behavior and Human Resource Management,21,42,0.5,1.0,46,topic_only/xgb
Orthopedics and Sports Medicine,28,64,0.5,1.0,46,topic_only/xgb
Pathology and Forensic Medicine,69,185,0.5,1.0,46,topic_only/xgb
"Pediatrics, Perinatology and Child Health",21,110,0.5,1.0,46,topic_only/xgb
Pharmacology,65,174,0.5198054818744474,1.0315241,46,topic_only/xgb
Physiology,83,234,0.549557203171661,1.1862874,46,topic_only/xgb
Plant Science,127,275,0.5,1.0,46,topic_only/xgb
Psychiatry and Mental health,25,187,0.5,1.0,46,topic_only/xgb
"Public Health, Environmental and Occupational Health",53,344,0.5,1.0,46,topic_only/xgb
Pulmonary and Respiratory Medicine,118,391,0.5,1.0,46,topic_only/xgb
"Radiology, Nuclear Medicine and Imaging",85,221,0.5,1.0,46,topic_only/xgb
"Renewable Energy, Sustainability and the Environment",47,136,0.5,1.0,46,topic_only/xgb
Reproductive Medicine,21,53,0.5,1.0,46,topic_only/xgb
Rheumatology,39,115,0.5,1.0,46,topic_only/xgb
Signal Processing,41,48,0.5,1.0,46,topic_only/xgb
Social Psychology,42,128,0.5,1.0,46,topic_only/xgb
Sociology and Political Science,74,299,0.5,1.0,46,topic_only/xgb
Strategy and Management,31,56,0.5,1.0,46,topic_only/xgb
Surgery,134,502,0.5,1.0,46,topic_only/xgb
Water Science and Technology,48,80,0.5,1.0,46,topic_only/xgb
Aerospace Engineering,41,159,0.6905967172879277,1.7500689,46,tabular/central_xgb
Artificial Intelligence,319,324,0.7477408181431171,1.3812324,46,tabular/central_xgb
Atmospheric Science,21,63,0.8476946334089192,2.7671766,46,tabular/central_xgb
"Atomic and Molecular Physics, and Optics",24,112,0.59375,1.9699242,46,tabular/central_xgb
Automotive Engineering,26,46,0.7608695652173912,2.0080433,46,tabular/central_xgb
Biomaterials,37,73,0.46649389115142537,0.9982557,46,tabular/central_xgb
Biomedical Engineering,154,377,0.7005580626270282,1.796515,46,tabular/central_xgb
Building and Construction,57,81,0.7393329001516136,1.6577172,46,tabular/central_xgb
Business and International Management,54,21,0.5846560846560847,1.0805417,46,tabular/central_xgb
Cancer Research,481,281,0.6332447969458646,1.1545775,46,tabular/central_xgb
Cardiology and Cardiovascular Medicine,54,246,0.6699789220114424,2.250733,46,tabular/central_xgb
Cell Biology,56,131,0.6678026172300982,1.5898709,46,tabular/central_xgb
Cellular and Molecular Neuroscience,35,111,0.6373230373230373,1.6956737,46,tabular/central_xgb
Civil and Structural Engineering,59,250,0.580542372881356,1.67251,46,tabular/central_xgb
Clinical Psychology,45,171,0.7640025990903184,2.5565028,46,tabular/central_xgb
Cognitive Neuroscience,29,158,0.8000872981230903,3.1456466,46,tabular/central_xgb
Complementary and alternative medicine,35,76,0.7650375939849625,1.9752154,46,tabular/central_xgb
Computational Mechanics,26,87,0.5344827586206896,1.3425361,46,tabular/central_xgb
Computational Theory and Mathematics,39,108,0.5921177587844255,1.3422532,46,tabular/central_xgb
Computer Graphics and Computer-Aided Design,46,23,0.5293005671077504,1.0413095,46,tabular/central_xgb
Computer Networks and Communications,151,138,0.7141760245704961,1.3665336,46,tabular/central_xgb
Computer Science Applications,20,23,0.7999999999999999,1.5556301,46,tabular/central_xgb
Computer Vision and Pattern Recognition,164,199,0.6876761858070842,1.3391718,46,tabular/central_xgb
Control and Systems Engineering,72,162,0.6259430727023318,1.6706243,46,tabular/central_xgb
Economics and Econometrics,145,207,0.664367816091954,1.2818612,46,tabular/central_xgb
Education,102,127,0.8603520148216767,1.8719327,46,tabular/central_xgb
Electrical and Electronic Engineering,187,387,0.6840705274357806,1.5323929,46,tabular/central_xgb
"Electronic, Optical and Magnetic Materials",34,90,0.5375816993464052,1.2659962,46,tabular/central_xgb
"Endocrinology, Diabetes and Metabolism",36,128,0.7237413194444444,2.1860733,46,tabular/central_xgb
Environmental Engineering,32,69,0.6408514492753623,1.5653017,46,tabular/central_xgb
Epidemiology,98,368,0.7254602928127772,1.917034,46,tabular/central_xgb
Experimental and Cognitive Psychology,23,69,0.7580340264650284,2.510564,46,tabular/central_xgb
Food Science,21,95,0.6947368421052631,2.4013786,46,tabular/central_xgb
Genetics,87,278,0.6381377656495493,1.4331539,46,tabular/central_xgb
Global and Planetary Change,43,126,0.8013104466592839,2.4877787,46,tabular/central_xgb
Health Information Management,35,20,0.7742857142857142,1.2758801,46,tabular/central_xgb
"Health, Toxicology and Mutagenesis",33,85,0.6128342245989306,1.6048256,46,tabular/central_xgb
Immunology,97,223,0.6701493227312653,1.4138187,46,tabular/central_xgb
Industrial and Manufacturing Engineering,136,111,0.8637387387387387,1.6024423,46,tabular/central_xgb
Infectious Diseases,33,195,0.581041181041181,1.2974787,46,tabular/central_xgb
Information Systems,166,144,0.7146502677376171,1.3478348,46,tabular/central_xgb
Inorganic Chemistry,77,110,0.7624557260920898,1.6522796,46,tabular/central_xgb
Management Information Systems,24,45,0.7,1.5186402,46,tabular/central_xgb
Management Science and Operations Research,148,125,0.5671891891891891,1.1245987,46,tabular/central_xgb
Materials Chemistry,115,403,0.6669004207573632,1.7056818,46,tabular/central_xgb
Mechanical Engineering,83,297,0.5942963774289075,1.4714656,46,tabular/central_xgb
Mechanics of Materials,28,203,0.5615763546798029,1.1353605,46,tabular/central_xgb
Media Technology,33,43,0.6497533474277661,1.3386341,46,tabular/central_xgb
Molecular Biology,623,970,0.6781560788337112,1.4287521,46,tabular/central_xgb
Nephrology,28,81,0.6962081128747796,1.897131,46,tabular/central_xgb
Neurology,99,222,0.6643916643916643,1.4737638,46,tabular/central_xgb
Nutrition and Dietetics,30,78,0.535042735042735,1.2798883,46,tabular/central_xgb
Obstetrics and Gynecology,24,78,0.8424145299145299,3.0405838,46,tabular/central_xgb
Ocean Engineering,26,77,0.6508491508491508,1.6041261,46,tabular/central_xgb
Oncology,124,314,0.6593897678241217,1.4484581,46,tabular/central_xgb
Ophthalmology,23,89,0.659990229604299,2.023577,46,tabular/central_xgb
Organic Chemistry,66,175,0.5143722943722944,1.1719681,46,tabular/central_xgb
Organizational Behavior and Human Resource Management,21,42,0.6927437641723355,1.7440454,46,tabular/central_xgb
Orthopedics and Sports Medicine,28,64,0.7952008928571429,2.1922126,46,tabular/central_xgb
Pathology and Forensic Medicine,69,185,0.6673717195456326,1.7370157,46,tabular/central_xgb
"Pediatrics, Perinatology and Child Health",21,110,0.7372294372294372,2.7101643,46,tabular/central_xgb
Pharmacology,65,174,0.6700265251989391,1.5296576,46,tabular/central_xgb
Physiology,83,234,0.7124909895994234,1.8923837,46,tabular/central_xgb
Plant Science,127,275,0.7032498210450967,1.8560299,46,tabular/central_xgb
Psychiatry and Mental health,25,187,0.7649197860962567,2.9387808,46,tabular/central_xgb
"Public Health, Environmental and Occupational Health",53,344,0.6925186485300571,2.021509,46,tabular/central_xgb
Pulmonary and Respiratory Medicine,118,391,0.7351423988902858,2.1415422,46,tabular/central_xgb
"Radiology, Nuclear Medicine and Imaging",85,221,0.7260047910566941,2.0046082,46,tabular/central_xgb
"Renewable Energy, Sustainability and the Environment",47,136,0.6076345431789737,1.7793225,46,tabular/central_xgb
Reproductive Medicine,21,53,0.7574123989218329,1.9068995,46,tabular/central_xgb
Rheumatology,39,115,0.6387959866220736,1.5864718,46,tabular/central_xgb
Signal Processing,41,48,0.6148373983739839,1.1844193,46,tabular/central_xgb
Social Psychology,42,128,0.7231212797619048,2.2275996,46,tabular/central_xgb
Sociology and Political Science,74,299,0.7389948476905,2.382581,46,tabular/central_xgb
Strategy and Management,31,56,0.728110599078341,1.7486675,46,tabular/central_xgb
Surgery,134,502,0.7089849556995897,1.9925517,46,tabular/central_xgb
Water Science and Technology,48,80,0.7130208333333333,1.5988601,46,tabular/central_xgb
Aerospace Engineering,41,159,0.6550084368768215,1.6108853,46,tabular/central_mlp
Artificial Intelligence,319,324,0.7500387011881267,1.4079826,46,tabular/central_mlp
Atmospheric Science,21,63,0.8393801965230537,2.609145,46,tabular/central_mlp
"Atomic and Molecular Physics, and Optics",24,112,0.5924479166666666,1.650416,46,tabular/central_mlp
Automotive Engineering,26,46,0.6764214046822743,1.8325491,46,tabular/central_mlp
Biomaterials,37,73,0.44039244724176235,0.96256447,46,tabular/central_mlp
Biomedical Engineering,154,377,0.7136311963898171,1.8788974,46,tabular/central_mlp
Building and Construction,57,81,0.6601689408706952,1.4267486,46,tabular/central_mlp
Business and International Management,54,21,0.6049382716049383,1.0686136,46,tabular/central_mlp
Cancer Research,481,281,0.6344803604590081,1.1660684,46,tabular/central_mlp
Cardiology and Cardiovascular Medicine,54,246,0.693578741342969,2.3507123,46,tabular/central_mlp
Cell Biology,56,131,0.6589422028353326,1.6126775,46,tabular/central_mlp
Cellular and Molecular Neuroscience,35,111,0.6592020592020591,1.6446843,46,tabular/central_mlp
Civil and Structural Engineering,59,250,0.5681016949152543,1.6710567,46,tabular/central_mlp
Clinical Psychology,45,171,0.7218973359324237,2.4133558,46,tabular/central_mlp
Cognitive Neuroscience,29,158,0.7998690528153645,2.8127286,46,tabular/central_mlp
Complementary and alternative medicine,35,76,0.7152255639097744,1.8510767,46,tabular/central_mlp
Computational Mechanics,26,87,0.4752431476569407,1.2513468,46,tabular/central_mlp
Computational Theory and Mathematics,39,108,0.5440408357075024,1.1935754,46,tabular/central_mlp
Computer Graphics and Computer-Aided Design,46,23,0.4603024574669187,0.94992477,46,tabular/central_mlp
Computer Networks and Communications,151,138,0.7044342067376907,1.4194927,46,tabular/central_mlp
Computer Science Applications,20,23,0.7956521739130435,1.5919807,46,tabular/central_mlp
Computer Vision and Pattern Recognition,164,199,0.6896984924623115,1.3816382,46,tabular/central_mlp
Control and Systems Engineering,72,162,0.5955504115226338,1.5607398,46,tabular/central_mlp
Economics and Econometrics,145,207,0.7001332666999833,1.3681082,46,tabular/central_mlp
Education,102,127,0.8560676238999537,1.7956774,46,tabular/central_mlp
Electrical and Electronic Engineering,187,387,0.6679932015089334,1.5283415,46,tabular/central_mlp
"Electronic, Optical and Magnetic Materials",34,90,0.5866013071895425,1.2298499,46,tabular/central_mlp
"Endocrinology, Diabetes and Metabolism",36,128,0.7523871527777778,2.2971923,46,tabular/central_mlp
Environmental Engineering,32,69,0.5733695652173914,1.4106184,46,tabular/central_mlp
Epidemiology,98,368,0.6994371118012422,1.9608594,46,tabular/central_mlp
Experimental and Cognitive Psychology,23,69,0.7177063642091998,2.3437843,46,tabular/central_mlp
Food Science,21,95,0.7102756892230576,2.7812939,46,tabular/central_mlp
Genetics,87,278,0.653001736541801,1.4074463,46,tabular/central_mlp
Global and Planetary Change,43,126,0.7992801771871539,2.3778095,46,tabular/central_mlp
Health Information Management,35,20,0.7614285714285715,1.2354695,46,tabular/central_mlp
"Health, Toxicology and Mutagenesis",33,85,0.6215686274509804,1.6870605,46,tabular/central_mlp
Immunology,97,223,0.6419259396236883,1.3702773,46,tabular/central_mlp
Industrial and Manufacturing Engineering,136,111,0.857114467408585,1.5846112,46,tabular/central_mlp
Infectious Diseases,33,195,0.645066045066045,1.5321193,46,tabular/central_mlp
Information Systems,166,144,0.7236027443105757,1.3665096,46,tabular/central_mlp
Inorganic Chemistry,77,110,0.6997638724911451,1.6256328,46,tabular/central_mlp
Management Information Systems,24,45,0.6861111111111111,1.4504439,46,tabular/central_mlp
Management Science and Operations Research,148,125,0.5718378378378378,1.1253704,46,tabular/central_mlp
Materials Chemistry,115,403,0.666641493149207,1.6444365,46,tabular/central_mlp
Mechanical Engineering,83,297,0.5742971887550201,1.3738331,46,tabular/central_mlp
Mechanics of Materials,28,203,0.4957776213933849,1.0329555,46,tabular/central_mlp
Media Technology,33,43,0.6906272022551092,1.4140688,46,tabular/central_mlp
Molecular Biology,623,970,0.6665229766179609,1.4103445,46,tabular/central_mlp
Nephrology,28,81,0.6565255731922399,1.5580722,46,tabular/central_mlp
Neurology,99,222,0.6622076622076621,1.4576777,46,tabular/central_mlp
Nutrition and Dietetics,30,78,0.5908119658119658,1.4244127,46,tabular/central_mlp
Obstetrics and Gynecology,24,78,0.8392094017094017,2.8949072,46,tabular/central_mlp
Ocean Engineering,26,77,0.6573426573426574,1.6994416,46,tabular/central_mlp
Oncology,124,314,0.6696887199506883,1.5371451,46,tabular/central_mlp
Ophthalmology,23,89,0.731314118221788,1.9421338,46,tabular/central_mlp
Organic Chemistry,66,175,0.5067532467532467,1.243345,46,tabular/central_mlp
Organizational Behavior and Human Resource Management,21,42,0.6400226757369614,1.6383431,46,tabular/central_mlp
Orthopedics and Sports Medicine,28,64,0.7313058035714286,2.0608404,46,tabular/central_mlp
Pathology and Forensic Medicine,69,185,0.6865648256952605,1.6897508,46,tabular/central_mlp
"Pediatrics, Perinatology and Child Health",21,110,0.7404761904761904,2.8197284,46,tabular/central_mlp
Pharmacology,65,174,0.6868258178603007,1.5496379,46,tabular/central_mlp
Physiology,83,234,0.7217588301925651,1.9374021,46,tabular/central_mlp
Plant Science,127,275,0.662791696492484,1.7272123,46,tabular/central_mlp
Psychiatry and Mental health,25,187,0.7593582887700535,2.7933445,46,tabular/central_mlp
"Public Health, Environmental and Occupational Health",53,344,0.7057920140412461,1.9451935,46,tabular/central_mlp
Pulmonary and Respiratory Medicine,118,391,0.7425441068100048,2.2971933,46,tabular/central_mlp
"Radiology, Nuclear Medicine and Imaging",85,221,0.7230769230769232,1.9716035,46,tabular/central_mlp
"Renewable Energy, Sustainability and the Environment",47,136,0.6334480600750938,1.7204201,46,tabular/central_mlp
Reproductive Medicine,21,53,0.8113207547169812,2.2787564,46,tabular/central_mlp
Rheumatology,39,115,0.6557413600891862,1.6481103,46,tabular/central_mlp
Signal Processing,41,48,0.6392276422764227,1.1983258,46,tabular/central_mlp
Social Psychology,42,128,0.7273065476190477,2.2152467,46,tabular/central_mlp
Sociology and Political Science,74,299,0.7447347012564404,2.185776,46,tabular/central_mlp
Strategy and Management,31,56,0.7275345622119817,1.7848638,46,tabular/central_mlp
Surgery,134,502,0.7114749955402271,2.0439248,46,tabular/central_mlp
Water Science and Technology,48,80,0.7239583333333334,1.6610466,46,tabular/central_mlp
Aerospace Engineering,41,159,0.6718821905200184,1.95229,46,tabular/fl_fedavg
Artificial Intelligence,319,324,0.7357869886605519,1.3892945,46,tabular/fl_fedavg
Atmospheric Science,21,63,0.8393801965230536,2.6737065,46,tabular/fl_fedavg
"Atomic and Molecular Physics, and Optics",24,112,0.5963541666666666,1.7031084,46,tabular/fl_fedavg
Automotive Engineering,26,46,0.6989966555183947,1.8568257,46,tabular/fl_fedavg
Biomaterials,37,73,0.3498704183635691,0.8651009,46,tabular/fl_fedavg
Biomedical Engineering,154,377,0.6769092975989527,1.6670965,46,tabular/fl_fedavg
Building and Construction,57,81,0.6324453108078839,1.3692862,46,tabular/fl_fedavg
Business and International Management,54,21,0.5731922398589065,1.0531274,46,tabular/fl_fedavg
Cancer Research,481,281,0.6133019140136577,1.1518083,46,tabular/fl_fedavg
Cardiology and Cardiovascular Medicine,54,246,0.6308717253839204,2.0540867,46,tabular/fl_fedavg
Cell Biology,56,131,0.6797982551799345,1.5691229,46,tabular/fl_fedavg
Cellular and Molecular Neuroscience,35,111,0.6297297297297297,1.5771787,46,tabular/fl_fedavg
Civil and Structural Engineering,59,250,0.631728813559322,1.6713803,46,tabular/fl_fedavg
Clinical Psychology,45,171,0.6787524366471734,2.049767,46,tabular/fl_fedavg
Cognitive Neuroscience,29,158,0.8192928852029682,2.5990589,46,tabular/fl_fedavg
Complementary and alternative medicine,35,76,0.6755639097744361,1.5149924,46,tabular/fl_fedavg
Computational Mechanics,26,87,0.46684350132626,1.059133,46,tabular/fl_fedavg
Computational Theory and Mathematics,39,108,0.5113960113960114,1.0908786,46,tabular/fl_fedavg
Computer Graphics and Computer-Aided Design,46,23,0.5926275992438563,1.0392687,46,tabular/fl_fedavg
Computer Networks and Communications,151,138,0.7278049716863422,1.4149516,46,tabular/fl_fedavg
Computer Science Applications,20,23,0.7521739130434782,1.4371307,46,tabular/fl_fedavg
Computer Vision and Pattern Recognition,164,199,0.6876149037872288,1.3336339,46,tabular/fl_fedavg
Control and Systems Engineering,72,162,0.5700445816186557,1.4555525,46,tabular/fl_fedavg
Economics and Econometrics,145,207,0.6391804097951025,1.2289474,46,tabular/fl_fedavg
Education,102,127,0.8466110853790335,1.8113066,46,tabular/fl_fedavg
Electrical and Electronic Engineering,187,387,0.6755585955312358,1.5517486,46,tabular/fl_fedavg
"Electronic, Optical and Magnetic Materials",34,90,0.5513071895424837,1.0920894,46,tabular/fl_fedavg
"Endocrinology, Diabetes and Metabolism",36,128,0.7281901041666667,1.8118728,46,tabular/fl_fedavg
Environmental Engineering,32,69,0.6426630434782609,1.6648706,46,tabular/fl_fedavg
Epidemiology,98,368,0.6662738464951198,1.7471722,46,tabular/fl_fedavg
Experimental and Cognitive Psychology,23,69,0.7290485192186514,2.6932697,46,tabular/fl_fedavg
Food Science,21,95,0.6631578947368421,2.1510174,46,tabular/fl_fedavg
Genetics,87,278,0.6392334408335401,1.4493837,46,tabular/fl_fedavg
Global and Planetary Change,43,126,0.7747323735695829,2.1728582,46,tabular/fl_fedavg
Health Information Management,35,20,0.7871428571428571,1.3291773,46,tabular/fl_fedavg
"Health, Toxicology and Mutagenesis",33,85,0.5618538324420678,1.4505965,46,tabular/fl_fedavg
Immunology,97,223,0.6116684388146642,1.2811252,46,tabular/fl_fedavg
Industrial and Manufacturing Engineering,136,111,0.8210121886592474,1.5669425,46,tabular/fl_fedavg
Infectious Diseases,33,195,0.5877233877233877,1.2813193,46,tabular/fl_fedavg
Information Systems,166,144,0.7328898929049531,1.3716873,46,tabular/fl_fedavg
Inorganic Chemistry,77,110,0.5561393152302243,1.3366565,46,tabular/fl_fedavg
Management Information Systems,24,45,0.6546296296296297,1.3889127,46,tabular/fl_fedavg
Management Science and Operations Research,148,125,0.5006486486486487,1.0467064,46,tabular/fl_fedavg
Materials Chemistry,115,403,0.6415578811090733,1.5651618,46,tabular/fl_fedavg
Mechanical Engineering,83,297,0.5462658715670763,1.2480929,46,tabular/fl_fedavg
Mechanics of Materials,28,203,0.5511963406052076,1.1977093,46,tabular/fl_fedavg
Media Technology,33,43,0.6511627906976744,1.2273184,46,tabular/fl_fedavg
Molecular Biology,623,970,0.6412031904155152,1.3224546,46,tabular/fl_fedavg
Nephrology,28,81,0.6437389770723103,1.4885191,46,tabular/fl_fedavg
Neurology,99,222,0.6429156429156428,1.3958242,46,tabular/fl_fedavg
Nutrition and Dietetics,30,78,0.5243589743589744,1.1229643,46,tabular/fl_fedavg
Obstetrics and Gynecology,24,78,0.7548076923076923,2.3912609,46,tabular/fl_fedavg
Ocean Engineering,26,77,0.6683316683316683,1.954529,46,tabular/fl_fedavg
Oncology,124,314,0.6299568522703924,1.318576,46,tabular/fl_fedavg
Ophthalmology,23,89,0.7501221299462628,2.1943564,46,tabular/fl_fedavg
Organic Chemistry,66,175,0.5180952380952382,1.1026334,46,tabular/fl_fedavg
Organizational Behavior and Human Resource Management,21,42,0.7052154195011338,1.9342736,46,tabular/fl_fedavg
Orthopedics and Sports Medicine,28,64,0.6311383928571429,1.6382987,46,tabular/fl_fedavg
Pathology and Forensic Medicine,69,185,0.6859381120250685,1.5414313,46,tabular/fl_fedavg
"Pediatrics, Perinatology and Child Health",21,110,0.7675324675324675,2.4536853,46,tabular/fl_fedavg
Pharmacology,65,174,0.6642793987621575,1.414329,46,tabular/fl_fedavg
Physiology,83,234,0.6990526207393677,1.8558049,46,tabular/fl_fedavg
Plant Science,127,275,0.6082605583392985,1.5012244,46,tabular/fl_fedavg
Psychiatry and Mental health,25,187,0.7616042780748663,2.2765687,46,tabular/fl_fedavg
"Public Health, Environmental and Occupational Health",53,344,0.7127577885037296,1.9813855,46,tabular/fl_fedavg
Pulmonary and Respiratory Medicine,118,391,0.6807945728033292,1.7656957,46,tabular/fl_fedavg
"Radiology, Nuclear Medicine and Imaging",85,221,0.7151450625499068,1.7617376,46,tabular/fl_fedavg
"Renewable Energy, Sustainability and the Environment",47,136,0.6468241551939925,1.870016,46,tabular/fl_fedavg
Reproductive Medicine,21,53,0.7924528301886793,2.075982,46,tabular/fl_fedavg
Rheumatology,39,115,0.670680044593088,1.6277676,46,tabular/fl_fedavg
Signal Processing,41,48,0.6585365853658537,1.211768,46,tabular/fl_fedavg
Social Psychology,42,128,0.7566034226190477,2.4118872,46,tabular/fl_fedavg
Sociology and Political Science,74,299,0.7356503660851487,2.2613075,46,tabular/fl_fedavg
Strategy and Management,31,56,0.6849078341013826,1.6733513,46,tabular/fl_fedavg
Surgery,134,502,0.6761164298031752,1.6469035,46,tabular/fl_fedavg
Water Science and Technology,48,80,0.6523437500000001,1.4665751,46,tabular/fl_fedavg
Accounting,21,46,0.5,1.0,47,topic_only/logreg
Aerospace Engineering,28,158,0.5,1.0,47,topic_only/logreg
Artificial Intelligence,375,336,0.5,1.0,47,topic_only/logreg
"Atomic and Molecular Physics, and Optics",22,103,0.5,1.0,47,topic_only/logreg
Automotive Engineering,21,54,0.5,1.0,47,topic_only/logreg
Biomaterials,37,72,0.5,1.0,47,topic_only/logreg
Biomedical Engineering,141,360,0.5,1.0,47,topic_only/logreg
Building and Construction,46,104,0.5,1.0,47,topic_only/logreg
Business and International Management,49,24,0.5,1.0,47,topic_only/logreg
Cancer Research,486,251,0.5,1.0,47,topic_only/logreg
Cardiology and Cardiovascular Medicine,69,237,0.5,1.0,47,topic_only/logreg
Cell Biology,57,105,0.5,1.0,47,topic_only/logreg
Cellular and Molecular Neuroscience,36,121,0.5,1.0,47,topic_only/logreg
Civil and Structural Engineering,67,252,0.5,1.0,47,topic_only/logreg
Clinical Psychology,37,174,0.5,1.0,47,topic_only/logreg
Cognitive Neuroscience,35,167,0.5,1.0,47,topic_only/logreg
Complementary and alternative medicine,42,71,0.5,1.0,47,topic_only/logreg
Computational Mechanics,28,104,0.5,1.0,47,topic_only/logreg
Computational Theory and Mathematics,46,97,0.5,1.0,47,topic_only/logreg
Computer Graphics and Computer-Aided Design,64,26,0.5,1.0,47,topic_only/logreg
Computer Networks and Communications,163,131,0.5,1.0,47,topic_only/logreg
Computer Vision and Pattern Recognition,150,200,0.5,1.0,47,topic_only/logreg
Control and Systems Engineering,64,168,0.5,1.0,47,topic_only/logreg
Ecology,21,132,0.5,1.0,47,topic_only/logreg
Economics and Econometrics,120,193,0.5,1.0,47,topic_only/logreg
Education,99,120,0.5,1.0,47,topic_only/logreg
Electrical and Electronic Engineering,138,409,0.5,1.0,47,topic_only/logreg
"Electronic, Optical and Magnetic Materials",30,94,0.5,1.0,47,topic_only/logreg
"Endocrinology, Diabetes and Metabolism",33,123,0.5,1.0,47,topic_only/logreg
Environmental Engineering,32,77,0.5,1.0,47,topic_only/logreg
Epidemiology,131,391,0.5,1.0,47,topic_only/logreg
Experimental and Cognitive Psychology,28,73,0.5,1.0,47,topic_only/logreg
Food Science,26,98,0.5,1.0,47,topic_only/logreg
Genetics,89,276,0.4745766161862889,0.96365917,47,topic_only/logreg
Global and Planetary Change,40,118,0.5,1.0,47,topic_only/logreg
Health Information Management,25,23,0.5,1.0,47,topic_only/logreg
"Health, Toxicology and Mutagenesis",24,103,0.5,1.0,47,topic_only/logreg
Immunology,93,218,0.5,1.0,47,topic_only/logreg
Industrial and Manufacturing Engineering,140,108,0.6195767195767196,1.11708,47,topic_only/logreg
Infectious Diseases,23,172,0.5,1.0,47,topic_only/logreg
Information Systems,133,142,0.5,1.0,47,topic_only/logreg
Inorganic Chemistry,59,91,0.5,1.0,47,topic_only/logreg
Management Information Systems,32,35,0.5,1.0,47,topic_only/logreg
Management Science and Operations Research,154,115,0.5,1.0,47,topic_only/logreg
Management of Technology and Innovation,23,32,0.5,1.0,47,topic_only/logreg
Marketing,20,23,0.5,1.0,47,topic_only/logreg
Materials Chemistry,128,367,0.5,1.0,47,topic_only/logreg
Mechanical Engineering,69,297,0.5,1.0,47,topic_only/logreg
Mechanics of Materials,30,216,0.5,1.0,47,topic_only/logreg
Media Technology,46,34,0.5,1.0,47,topic_only/logreg
Molecular Biology,631,1039,0.5,1.0,47,topic_only/logreg
Nephrology,33,75,0.5,1.0,47,topic_only/logreg
Neurology,83,222,0.583414740041246,1.1555005,47,topic_only/logreg
Nuclear and High Energy Physics,20,50,0.5,1.0,47,topic_only/logreg
Obstetrics and Gynecology,29,74,0.5,1.0,47,topic_only/logreg
Ocean Engineering,20,79,0.5,1.0,47,topic_only/logreg
Oncology,136,309,0.5,1.0,47,topic_only/logreg
Organic Chemistry,54,182,0.5,1.0,47,topic_only/logreg
Orthopedics and Sports Medicine,23,65,0.5,1.0,47,topic_only/logreg
Pathology and Forensic Medicine,81,176,0.5,1.0,47,topic_only/logreg
"Pediatrics, Perinatology and Child Health",26,111,0.5,1.0,47,topic_only/logreg
Pharmacology,67,191,0.570993201531609,1.1441637,47,topic_only/logreg
Physiology,74,265,0.5359765425803161,1.1387453,47,topic_only/logreg
Plant Science,113,308,0.5,1.0,47,topic_only/logreg
Pollution,25,80,0.5,1.0,47,topic_only/logreg
Polymers and Plastics,28,71,0.5,1.0,47,topic_only/logreg
Psychiatry and Mental health,28,179,0.5,1.0,47,topic_only/logreg
"Public Health, Environmental and Occupational Health",52,331,0.5,1.0,47,topic_only/logreg
Pulmonary and Respiratory Medicine,137,377,0.5,1.0,47,topic_only/logreg
"Radiology, Nuclear Medicine and Imaging",78,203,0.5,1.0,47,topic_only/logreg
"Renewable Energy, Sustainability and the Environment",49,129,0.5,1.0,47,topic_only/logreg
Rheumatology,37,118,0.5,1.0,47,topic_only/logreg
Signal Processing,45,62,0.5,1.0,47,topic_only/logreg
Social Psychology,33,128,0.5,1.0,47,topic_only/logreg
Sociology and Political Science,84,279,0.5,1.0,47,topic_only/logreg
Statistical and Nonlinear Physics,20,92,0.5,1.0,47,topic_only/logreg
Strategy and Management,26,55,0.5,1.0,47,topic_only/logreg
Surgery,136,518,0.5,1.0,47,topic_only/logreg
Water Science and Technology,49,77,0.5,1.0,47,topic_only/logreg
Accounting,21,46,0.5,1.0,47,topic_only/xgb
Aerospace Engineering,28,158,0.5,1.0,47,topic_only/xgb
Artificial Intelligence,375,336,0.5,1.0,47,topic_only/xgb
"Atomic and Molecular Physics, and Optics",22,103,0.5,1.0,47,topic_only/xgb
Automotive Engineering,21,54,0.5,1.0,47,topic_only/xgb
Biomaterials,37,72,0.5,1.0,47,topic_only/xgb
Biomedical Engineering,141,360,0.5,1.0,47,topic_only/xgb
Building and Construction,46,104,0.5,1.0,47,topic_only/xgb
Business and International Management,49,24,0.5,1.0,47,topic_only/xgb
Cancer Research,486,251,0.5,1.0,47,topic_only/xgb
Cardiology and Cardiovascular Medicine,69,237,0.5,1.0,47,topic_only/xgb
Cell Biology,57,105,0.5,1.0,47,topic_only/xgb
Cellular and Molecular Neuroscience,36,121,0.5,1.0,47,topic_only/xgb
Civil and Structural Engineering,67,252,0.5,1.0,47,topic_only/xgb
Clinical Psychology,37,174,0.5,1.0,47,topic_only/xgb
Cognitive Neuroscience,35,167,0.5,1.0,47,topic_only/xgb
Complementary and alternative medicine,42,71,0.5,1.0,47,topic_only/xgb
Computational Mechanics,28,104,0.5,1.0,47,topic_only/xgb
Computational Theory and Mathematics,46,97,0.5,1.0,47,topic_only/xgb
Computer Graphics and Computer-Aided Design,64,26,0.5,1.0,47,topic_only/xgb
Computer Networks and Communications,163,131,0.5,1.0,47,topic_only/xgb
Computer Vision and Pattern Recognition,150,200,0.5,1.0,47,topic_only/xgb
Control and Systems Engineering,64,168,0.5,1.0,47,topic_only/xgb
Ecology,21,132,0.5,1.0,47,topic_only/xgb
Economics and Econometrics,120,193,0.5,1.0,47,topic_only/xgb
Education,99,120,0.5,1.0,47,topic_only/xgb
Electrical and Electronic Engineering,138,409,0.5,1.0,47,topic_only/xgb
"Electronic, Optical and Magnetic Materials",30,94,0.5,1.0,47,topic_only/xgb
"Endocrinology, Diabetes and Metabolism",33,123,0.5,1.0,47,topic_only/xgb
Environmental Engineering,32,77,0.5,1.0,47,topic_only/xgb
Epidemiology,131,391,0.5,1.0,47,topic_only/xgb
Experimental and Cognitive Psychology,28,73,0.5,1.0,47,topic_only/xgb
Food Science,26,98,0.5,1.0,47,topic_only/xgb
Genetics,89,276,0.5254233838137111,1.0433987,47,topic_only/xgb
Global and Planetary Change,40,118,0.5,1.0,47,topic_only/xgb
Health Information Management,25,23,0.5,1.0,47,topic_only/xgb
"Health, Toxicology and Mutagenesis",24,103,0.5,1.0,47,topic_only/xgb
Immunology,93,218,0.5,1.0,47,topic_only/xgb
Industrial and Manufacturing Engineering,140,108,0.6195767195767196,1.11708,47,topic_only/xgb
Infectious Diseases,23,172,0.5,1.0,47,topic_only/xgb
Information Systems,133,142,0.5,1.0,47,topic_only/xgb
Inorganic Chemistry,59,91,0.5,1.0,47,topic_only/xgb
Management Information Systems,32,35,0.5,1.0,47,topic_only/xgb
Management Science and Operations Research,154,115,0.5,1.0,47,topic_only/xgb
Management of Technology and Innovation,23,32,0.5,1.0,47,topic_only/xgb
Marketing,20,23,0.5,1.0,47,topic_only/xgb
Materials Chemistry,128,367,0.5,1.0,47,topic_only/xgb
Mechanical Engineering,69,297,0.5,1.0,47,topic_only/xgb
Mechanics of Materials,30,216,0.5,1.0,47,topic_only/xgb
Media Technology,46,34,0.5,1.0,47,topic_only/xgb
Molecular Biology,631,1039,0.5,1.0,47,topic_only/xgb
Nephrology,33,75,0.5,1.0,47,topic_only/xgb
Neurology,83,222,0.583414740041246,1.1555005,47,topic_only/xgb
Nuclear and High Energy Physics,20,50,0.5,1.0,47,topic_only/xgb
Obstetrics and Gynecology,29,74,0.5,1.0,47,topic_only/xgb
Ocean Engineering,20,79,0.5,1.0,47,topic_only/xgb
Oncology,136,309,0.5,1.0,47,topic_only/xgb
Organic Chemistry,54,182,0.5,1.0,47,topic_only/xgb
Orthopedics and Sports Medicine,23,65,0.5,1.0,47,topic_only/xgb
Pathology and Forensic Medicine,81,176,0.5,1.0,47,topic_only/xgb
"Pediatrics, Perinatology and Child Health",26,111,0.5,1.0,47,topic_only/xgb
Pharmacology,67,191,0.570993201531609,1.1441637,47,topic_only/xgb
Physiology,74,265,0.5359765425803161,1.1387453,47,topic_only/xgb
Plant Science,113,308,0.5,1.0,47,topic_only/xgb
Pollution,25,80,0.5,1.0,47,topic_only/xgb
Polymers and Plastics,28,71,0.5,1.0,47,topic_only/xgb
Psychiatry and Mental health,28,179,0.5,1.0,47,topic_only/xgb
"Public Health, Environmental and Occupational Health",52,331,0.5,1.0,47,topic_only/xgb
Pulmonary and Respiratory Medicine,137,377,0.5,1.0,47,topic_only/xgb
"Radiology, Nuclear Medicine and Imaging",78,203,0.5,1.0,47,topic_only/xgb
"Renewable Energy, Sustainability and the Environment",49,129,0.5,1.0,47,topic_only/xgb
Rheumatology,37,118,0.5,1.0,47,topic_only/xgb
Signal Processing,45,62,0.5,1.0,47,topic_only/xgb
Social Psychology,33,128,0.5,1.0,47,topic_only/xgb
Sociology and Political Science,84,279,0.5,1.0,47,topic_only/xgb
Statistical and Nonlinear Physics,20,92,0.5,1.0,47,topic_only/xgb
Strategy and Management,26,55,0.5,1.0,47,topic_only/xgb
Surgery,136,518,0.5,1.0,47,topic_only/xgb
Water Science and Technology,49,77,0.5,1.0,47,topic_only/xgb
Accounting,21,46,0.577639751552795,1.0976257,47,tabular/central_xgb
Aerospace Engineering,28,158,0.7194846292947559,1.7336141,47,tabular/central_xgb
Artificial Intelligence,375,336,0.7576150793650793,1.3874787,47,tabular/central_xgb
"Atomic and Molecular Physics, and Optics",22,103,0.6262135922330097,1.7672532,47,tabular/central_xgb
Automotive Engineering,21,54,0.6031746031746031,1.8942462,47,tabular/central_xgb
Biomaterials,37,72,0.5259009009009009,1.3237203,47,tabular/central_xgb
Biomedical Engineering,141,360,0.6877659574468086,1.8747381,47,tabular/central_xgb
Building and Construction,46,104,0.731814381270903,1.7044744,47,tabular/central_xgb
Business and International Management,49,24,0.4498299319727891,0.9625327,47,tabular/central_xgb
Cancer Research,486,251,0.654632498811339,1.1669098,47,tabular/central_xgb
Cardiology and Cardiovascular Medicine,69,237,0.7026845227175441,2.0126822,47,tabular/central_xgb
Cell Biology,57,105,0.5913116123642439,1.2871723,47,tabular/central_xgb
Cellular and Molecular Neuroscience,36,121,0.6639118457300276,1.511561,47,tabular/central_xgb
Civil and Structural Engineering,67,252,0.6279909973939825,1.7231437,47,tabular/central_xgb
Clinical Psychology,37,174,0.7493010251630942,2.6774757,47,tabular/central_xgb
Cognitive Neuroscience,35,167,0.7647562018819504,2.679756,47,tabular/central_xgb
Complementary and alternative medicine,42,71,0.7458081824279007,1.7747949,47,tabular/central_xgb
Computational Mechanics,28,104,0.5655906593406594,1.2916214,47,tabular/central_xgb
Computational Theory and Mathematics,46,97,0.5802330793366204,1.2345104,47,tabular/central_xgb
Computer Graphics and Computer-Aided Design,64,26,0.6316105769230769,1.0909383,47,tabular/central_xgb
Computer Networks and Communications,163,131,0.7586990118484522,1.3995546,47,tabular/central_xgb
Computer Vision and Pattern Recognition,150,200,0.6936166666666667,1.4004563,47,tabular/central_xgb
Control and Systems Engineering,64,168,0.6313244047619048,1.4095536,47,tabular/central_xgb
Ecology,21,132,0.7417027417027416,3.1003668,47,tabular/central_xgb
Economics and Econometrics,120,193,0.7354490500863557,1.5378469,47,tabular/central_xgb
Education,99,120,0.9058922558922559,1.9903986,47,tabular/central_xgb
Electrical and Electronic Engineering,138,409,0.6825590872045639,1.887946,47,tabular/central_xgb
"Electronic, Optical and Magnetic Materials",30,94,0.6436170212765957,1.5650731,47,tabular/central_xgb
"Endocrinology, Diabetes and Metabolism",33,123,0.7115052968711505,2.0053353,47,tabular/central_xgb
Environmental Engineering,32,77,0.6663961038961039,2.069758,47,tabular/central_xgb
Epidemiology,131,391,0.7213642841803166,1.9004062,47,tabular/central_xgb
Experimental and Cognitive Psychology,28,73,0.7788649706457926,2.3239777,47,tabular/central_xgb
Food Science,26,98,0.5894819466248038,1.6980556,47,tabular/central_xgb
Genetics,89,276,0.616389838788471,1.4195911,47,tabular/central_xgb
Global and Planetary Change,40,118,0.7754237288135594,2.170354,47,tabular/central_xgb
Health Information Management,25,23,0.72,1.4055933,47,tabular/central_xgb
"Health, Toxicology and Mutagenesis",24,103,0.7103559870550162,2.67113,47,tabular/central_xgb
Immunology,93,218,0.646246423991319,1.5313741,47,tabular/central_xgb
Industrial and Manufacturing Engineering,140,108,0.798611111111111,1.4142245,47,tabular/central_xgb
Infectious Diseases,23,172,0.6372598584428716,1.6598123,47,tabular/central_xgb
Information Systems,133,142,0.6548236789155989,1.2136276,47,tabular/central_xgb
Inorganic Chemistry,59,91,0.7550754330415348,1.6672717,47,tabular/central_xgb
Management Information Systems,32,35,0.6026785714285714,1.2289512,47,tabular/central_xgb
Management Science and Operations Research,154,115,0.48097120271033306,1.0385654,47,tabular/central_xgb
Management of Technology and Innovation,23,32,0.8070652173913044,1.7116654,47,tabular/central_xgb
Marketing,20,23,0.8804347826086956,1.7328811,47,tabular/central_xgb
Materials Chemistry,128,367,0.6746636580381471,1.8698888,47,tabular/central_xgb
Mechanical Engineering,69,297,0.6217976870150784,1.7310014,47,tabular/central_xgb
Mechanics of Materials,30,216,0.5475308641975309,1.3393204,47,tabular/central_xgb
Media Technology,46,34,0.7257033248081841,1.3377243,47,tabular/central_xgb
Molecular Biology,631,1039,0.6435627027694861,1.3389679,47,tabular/central_xgb
Nephrology,33,75,0.6032323232323232,1.2617055,47,tabular/central_xgb
Neurology,83,222,0.7400141104960382,2.0184453,47,tabular/central_xgb
Nuclear and High Energy Physics,20,50,0.579,1.4736766,47,tabular/central_xgb
Obstetrics and Gynecology,29,74,0.7343895619757688,2.0791996,47,tabular/central_xgb
Ocean Engineering,20,79,0.7082278481012657,2.6790345,47,tabular/central_xgb
Oncology,136,309,0.6931039406053683,1.6131581,47,tabular/central_xgb
Organic Chemistry,54,182,0.5884208384208385,1.3221709,47,tabular/central_xgb
Orthopedics and Sports Medicine,23,65,0.5719063545150501,1.4404188,47,tabular/central_xgb
Pathology and Forensic Medicine,81,176,0.6689113355780022,1.6066066,47,tabular/central_xgb
"Pediatrics, Perinatology and Child Health",26,111,0.7383922383922384,2.8036761,47,tabular/central_xgb
Pharmacology,67,191,0.6939907790888489,1.7563831,47,tabular/central_xgb
Physiology,74,265,0.6209331973482917,1.4204068,47,tabular/central_xgb
Plant Science,113,308,0.6951356165957935,1.8653053,47,tabular/central_xgb
Pollution,25,80,0.6335000000000001,1.8146434,47,tabular/central_xgb
Polymers and Plastics,28,71,0.6488933601609658,1.6264004,47,tabular/central_xgb
Psychiatry and Mental health,28,179,0.6552274541101357,1.7615397,47,tabular/central_xgb
"Public Health, Environmental and Occupational Health",52,331,0.7028236114338833,2.3945067,47,tabular/central_xgb
Pulmonary and Respiratory Medicine,137,377,0.6835175898855738,1.7622697,47,tabular/central_xgb
"Radiology, Nuclear Medicine and Imaging",78,203,0.7420740179360868,1.9762214,47,tabular/central_xgb
"Renewable Energy, Sustainability and the Environment",49,129,0.6094763486790065,1.6271102,47,tabular/central_xgb
Rheumatology,37,118,0.6559780119102153,1.798954,47,tabular/central_xgb
Signal Processing,45,62,0.6734767025089605,1.4028809,47,tabular/central_xgb
Social Psychology,33,128,0.6832386363636364,1.8904581,47,tabular/central_xgb
Sociology and Political Science,84,279,0.777884451271548,2.3767784,47,tabular/central_xgb
Statistical and Nonlinear Physics,20,92,0.6173913043478261,1.8443446,47,tabular/central_xgb
Strategy and Management,26,55,0.7062937062937062,1.5667452,47,tabular/central_xgb
Surgery,136,518,0.6811123097887803,2.0370123,47,tabular/central_xgb
Water Science and Technology,49,77,0.717201166180758,1.7262676,47,tabular/central_xgb
Accounting,21,46,0.6407867494824016,1.2765875,47,tabular/central_mlp
Aerospace Engineering,28,158,0.7172242314647378,2.2775042,47,tabular/central_mlp
Artificial Intelligence,375,336,0.766813492063492,1.4388533,47,tabular/central_mlp
"Atomic and Molecular Physics, and Optics",22,103,0.678729037952339,1.6937772,47,tabular/central_mlp
Automotive Engineering,21,54,0.6155202821869489,1.6776662,47,tabular/central_mlp
Biomaterials,37,72,0.5305930930930932,1.3684256,47,tabular/central_mlp
Biomedical Engineering,141,360,0.6843380614657211,1.7652459,47,tabular/central_mlp
Building and Construction,46,104,0.6849916387959867,1.6222193,47,tabular/central_mlp
Business and International Management,49,24,0.5331632653061225,1.0792042,47,tabular/central_mlp
Cancer Research,486,251,0.6532921810699588,1.1755657,47,tabular/central_mlp
Cardiology and Cardiovascular Medicine,69,237,0.7144866385372715,2.2536526,47,tabular/central_mlp
Cell Biology,57,105,0.5616541353383459,1.2598399,47,tabular/central_mlp
Cellular and Molecular Neuroscience,36,121,0.6439393939393939,1.4271531,47,tabular/central_mlp
Civil and Structural Engineering,67,252,0.6380004738213693,1.6786214,47,tabular/central_mlp
Clinical Psychology,37,174,0.7494563529046288,2.5158563,47,tabular/central_mlp
Cognitive Neuroscience,35,167,0.7770744225834045,2.7080052,47,tabular/central_mlp
Complementary and alternative medicine,42,71,0.7597250167672702,1.7566876,47,tabular/central_mlp
Computational Mechanics,28,104,0.6061126373626373,1.4004653,47,tabular/central_mlp
Computational Theory and Mathematics,46,97,0.5965934558493949,1.2544057,47,tabular/central_mlp
Computer Graphics and Computer-Aided Design,64,26,0.6171875,1.1016539,47,tabular/central_mlp
Computer Networks and Communications,163,131,0.7703601367489346,1.4184918,47,tabular/central_mlp
Computer Vision and Pattern Recognition,150,200,0.6832333333333334,1.3805406,47,tabular/central_mlp
Control and Systems Engineering,64,168,0.6540178571428571,1.6554042,47,tabular/central_mlp
Ecology,21,132,0.6955266955266955,3.0108604,47,tabular/central_mlp
Economics and Econometrics,120,193,0.7361183074265975,1.446197,47,tabular/central_mlp
Education,99,120,0.9096801346801346,1.9713643,47,tabular/central_mlp
Electrical and Electronic Engineering,138,409,0.6728588639665498,1.8042008,47,tabular/central_mlp
"Electronic, Optical and Magnetic Materials",30,94,0.6102836879432624,1.3178002,47,tabular/central_mlp
"Endocrinology, Diabetes and Metabolism",33,123,0.7064547918206454,1.9386297,47,tabular/central_mlp
Environmental Engineering,32,77,0.6513798701298702,1.8884854,47,tabular/central_mlp
Epidemiology,131,391,0.6998594326545753,1.8937918,47,tabular/central_mlp
Experimental and Cognitive Psychology,28,73,0.7830234833659491,2.2024026,47,tabular/central_mlp
Food Science,26,98,0.5918367346938775,1.6370366,47,tabular/central_mlp
Genetics,89,276,0.6167155186451718,1.2617848,47,tabular/central_mlp
Global and Planetary Change,40,118,0.7400423728813559,2.2203698,47,tabular/central_mlp
Health Information Management,25,23,0.711304347826087,1.4405782,47,tabular/central_mlp
"Health, Toxicology and Mutagenesis",24,103,0.7164239482200648,2.5028677,47,tabular/central_mlp
Immunology,93,218,0.674681858538029,1.5422226,47,tabular/central_mlp
Industrial and Manufacturing Engineering,140,108,0.7782738095238094,1.4044489,47,tabular/central_mlp
Infectious Diseases,23,172,0.6453488372093024,1.5283006,47,tabular/central_mlp
Information Systems,133,142,0.6711055808535422,1.2581682,47,tabular/central_mlp
Inorganic Chemistry,59,91,0.6628794933879679,1.4721144,47,tabular/central_mlp
Management Information Systems,32,35,0.68125,1.3668712,47,tabular/central_mlp
Management Science and Operations Research,154,115,0.5524562394127613,1.14206,47,tabular/central_mlp
Management of Technology and Innovation,23,32,0.8125,1.7323972,47,tabular/central_mlp
Marketing,20,23,0.8021739130434783,1.7225461,47,tabular/central_mlp
Materials Chemistry,128,367,0.6799110183923704,1.711719,47,tabular/central_mlp
Mechanical Engineering,69,297,0.6157956375347678,1.6886283,47,tabular/central_mlp
Mechanics of Materials,30,216,0.5342592592592593,1.4346687,47,tabular/central_mlp
Media Technology,46,34,0.7595907928388747,1.352438,47,tabular/central_mlp
Molecular Biology,631,1039,0.6410909551272177,1.3330748,47,tabular/central_mlp
Nephrology,33,75,0.6149494949494949,1.377751,47,tabular/central_mlp
Neurology,83,222,0.7320091175512863,1.8832767,47,tabular/central_mlp
Nuclear and High Energy Physics,20,50,0.5885,1.4288135,47,tabular/central_mlp
Obstetrics and Gynecology,29,74,0.7765610438024231,2.1916375,47,tabular/central_mlp
Ocean Engineering,20,79,0.7272151898734177,2.4234,47,tabular/central_mlp
Oncology,136,309,0.6867623262897392,1.5911341,47,tabular/central_mlp
Organic Chemistry,54,182,0.5411579161579162,1.2161,47,tabular/central_mlp
Orthopedics and Sports Medicine,23,65,0.525752508361204,1.5224673,47,tabular/central_mlp
Pathology and Forensic Medicine,81,176,0.6614758698092031,1.4847065,47,tabular/central_mlp
"Pediatrics, Perinatology and Child Health",26,111,0.7827442827442828,3.0550387,47,tabular/central_mlp
Pharmacology,67,191,0.66710947878409,1.6734171,47,tabular/central_mlp
Physiology,74,265,0.619811320754717,1.3509963,47,tabular/central_mlp
Plant Science,113,308,0.6681272267555453,1.7592643,47,tabular/central_mlp
Pollution,25,80,0.5880000000000001,1.5192553,47,tabular/central_mlp
Polymers and Plastics,28,71,0.6086519114688129,1.4753696,47,tabular/central_mlp
Psychiatry and Mental health,28,179,0.6211093375897845,1.8380872,47,tabular/central_mlp
"Public Health, Environmental and Occupational Health",52,331,0.6981175923774111,2.3984048,47,tabular/central_mlp
Pulmonary and Respiratory Medicine,137,377,0.6808844314507542,1.7058905,47,tabular/central_mlp
"Radiology, Nuclear Medicine and Imaging",78,203,0.7515473032714413,1.9726114,47,tabular/central_mlp
"Renewable Energy, Sustainability and the Environment",49,129,0.5798924220851132,1.5136392,47,tabular/central_mlp
Rheumatology,37,118,0.690563444800733,1.9119718,47,tabular/central_mlp
Signal Processing,45,62,0.6724014336917563,1.3559827,47,tabular/central_mlp
Social Psychology,33,128,0.6735321969696969,1.5738214,47,tabular/central_mlp
Sociology and Political Science,84,279,0.7670464243044888,2.1729383,47,tabular/central_mlp
Statistical and Nonlinear Physics,20,92,0.6309782608695652,2.0499885,47,tabular/central_mlp
Strategy and Management,26,55,0.7213286713286714,1.7010584,47,tabular/central_mlp
Surgery,136,518,0.6957614126731775,1.9681914,47,tabular/central_mlp
Water Science and Technology,49,77,0.7002385369732308,1.5990198,47,tabular/central_mlp
Accounting,21,46,0.5828157349896481,1.1371778,47,tabular/fl_fedavg
Aerospace Engineering,28,158,0.7246835443037976,2.18707,47,tabular/fl_fedavg
Artificial Intelligence,375,336,0.7556507936507937,1.4012533,47,tabular/fl_fedavg
"Atomic and Molecular Physics, and Optics",22,103,0.6376875551632832,1.7894813,47,tabular/fl_fedavg
Automotive Engineering,21,54,0.6164021164021164,1.6383457,47,tabular/fl_fedavg
Biomaterials,37,72,0.48592342342342343,1.2287638,47,tabular/fl_fedavg
Biomedical Engineering,141,360,0.657141449960599,1.6362716,47,tabular/fl_fedavg
Building and Construction,46,104,0.7424749163879598,1.782253,47,tabular/fl_fedavg
Business and International Management,49,24,0.5263605442176871,1.0552765,47,tabular/fl_fedavg
Cancer Research,486,251,0.6289574213434328,1.1397882,47,tabular/fl_fedavg
Cardiology and Cardiovascular Medicine,69,237,0.6643429340182229,1.8509009,47,tabular/fl_fedavg
Cell Biology,57,105,0.5816207184628237,1.2300122,47,tabular/fl_fedavg
Cellular and Molecular Neuroscience,36,121,0.6163911845730028,1.2083069,47,tabular/fl_fedavg
Civil and Structural Engineering,67,252,0.709014451551765,1.9630431,47,tabular/fl_fedavg
Clinical Psychology,37,174,0.6829760795278036,2.3645525,47,tabular/fl_fedavg
Cognitive Neuroscience,35,167,0.7339606501283147,2.2517183,47,tabular/fl_fedavg
Complementary and alternative medicine,42,71,0.7015425888665325,1.5536189,47,tabular/fl_fedavg
Computational Mechanics,28,104,0.6126373626373626,1.460816,47,tabular/fl_fedavg
Computational Theory and Mathematics,46,97,0.5923352756611385,1.2919369,47,tabular/fl_fedavg
Computer Graphics and Computer-Aided Design,64,26,0.5673076923076923,1.0099198,47,tabular/fl_fedavg
Computer Networks and Communications,163,131,0.7405985107479043,1.3547518,47,tabular/fl_fedavg
Computer Vision and Pattern Recognition,150,200,0.6728666666666667,1.4015611,47,tabular/fl_fedavg
Control and Systems Engineering,64,168,0.6300223214285714,1.351692,47,tabular/fl_fedavg
Ecology,21,132,0.7038239538239538,2.5443053,47,tabular/fl_fedavg
Economics and Econometrics,120,193,0.7219775474956822,1.4672546,47,tabular/fl_fedavg
Education,99,120,0.8878787878787878,1.9284681,47,tabular/fl_fedavg
Electrical and Electronic Engineering,138,409,0.6686864391764997,1.8256094,47,tabular/fl_fedavg
"Electronic, Optical and Magnetic Materials",30,94,0.5907801418439717,1.3338969,47,tabular/fl_fedavg
"Endocrinology, Diabetes and Metabolism",33,123,0.6893323478689333,1.6773481,47,tabular/fl_fedavg
Environmental Engineering,32,77,0.630275974025974,1.8694812,47,tabular/fl_fedavg
Epidemiology,131,391,0.6697350696003592,1.8166108,47,tabular/fl_fedavg
Experimental and Cognitive Psychology,28,73,0.7822896281800391,2.2507386,47,tabular/fl_fedavg
Food Science,26,98,0.6501177394034537,1.797647,47,tabular/fl_fedavg
Genetics,89,276,0.6149649894154047,1.350926,47,tabular/fl_fedavg
Global and Planetary Change,40,118,0.7315677966101695,2.0847514,47,tabular/fl_fedavg
Health Information Management,25,23,0.6382608695652174,1.237239,47,tabular/fl_fedavg
"Health, Toxicology and Mutagenesis",24,103,0.6448220064724918,2.436364,47,tabular/fl_fedavg
Immunology,93,218,0.6011640524810101,1.2408673,47,tabular/fl_fedavg
Industrial and Manufacturing Engineering,140,108,0.7376322751322751,1.3840771,47,tabular/fl_fedavg
Infectious Diseases,23,172,0.6142568250758342,1.6218777,47,tabular/fl_fedavg
Information Systems,133,142,0.6396272371068517,1.1958468,47,tabular/fl_fedavg
Inorganic Chemistry,59,91,0.5621158502514435,1.3628981,47,tabular/fl_fedavg
Management Information Systems,32,35,0.5910714285714286,1.2730742,47,tabular/fl_fedavg
Management Science and Operations Research,154,115,0.5371541501976285,1.0962923,47,tabular/fl_fedavg
Management of Technology and Innovation,23,32,0.7364130434782609,1.6821945,47,tabular/fl_fedavg
Marketing,20,23,0.7782608695652175,1.6846968,47,tabular/fl_fedavg
Materials Chemistry,128,367,0.6285230756130791,1.5309652,47,tabular/fl_fedavg
Mechanical Engineering,69,297,0.5807348850827112,1.4221698,47,tabular/fl_fedavg
Mechanics of Materials,30,216,0.6558641975308641,1.6975108,47,tabular/fl_fedavg
Media Technology,46,34,0.6572890025575449,1.1805136,47,tabular/fl_fedavg
Molecular Biology,631,1039,0.6287802638462864,1.2499571,47,tabular/fl_fedavg
Nephrology,33,75,0.6064646464646465,1.3311946,47,tabular/fl_fedavg
Neurology,83,222,0.7087810702268533,1.7532891,47,tabular/fl_fedavg
Nuclear and High Energy Physics,20,50,0.644,1.4655863,47,tabular/fl_fedavg
Obstetrics and Gynecology,29,74,0.7698042870456662,2.125768,47,tabular/fl_fedavg
Ocean Engineering,20,79,0.7113924050632912,2.7963958,47,tabular/fl_fedavg
Oncology,136,309,0.6501879878164858,1.4488394,47,tabular/fl_fedavg
Organic Chemistry,54,182,0.46805046805046807,1.0010432,47,tabular/fl_fedavg
Orthopedics and Sports Medicine,23,65,0.5411371237458193,1.3390046,47,tabular/fl_fedavg
Pathology and Forensic Medicine,81,176,0.6550224466891134,1.3867847,47,tabular/fl_fedavg
"Pediatrics, Perinatology and Child Health",26,111,0.725051975051975,2.4621537,47,tabular/fl_fedavg
Pharmacology,67,191,0.6524185355942799,1.6479756,47,tabular/fl_fedavg
Physiology,74,265,0.640413054563998,1.4285498,47,tabular/fl_fedavg
Plant Science,113,308,0.6541058499023102,1.6340053,47,tabular/fl_fedavg
Pollution,25,80,0.5492499999999999,1.327984,47,tabular/fl_fedavg
Polymers and Plastics,28,71,0.6287726358148893,1.6068107,47,tabular/fl_fedavg
Psychiatry and Mental health,28,179,0.6163208300079809,1.4990371,47,tabular/fl_fedavg
"Public Health, Environmental and Occupational Health",52,331,0.6686613990239367,2.0066664,47,tabular/fl_fedavg
Pulmonary and Respiratory Medicine,137,377,0.6526554241127611,1.4989848,47,tabular/fl_fedavg
"Radiology, Nuclear Medicine and Imaging",78,203,0.7035493242389795,1.9601438,47,tabular/fl_fedavg
"Renewable Energy, Sustainability and the Environment",49,129,0.5903338079417814,1.5245938,47,tabular/fl_fedavg
Rheumatology,37,118,0.6630783325698579,1.622387,47,tabular/fl_fedavg
Signal Processing,45,62,0.6879928315412187,1.3911811,47,tabular/fl_fedavg
Social Psychology,33,128,0.6886837121212122,1.5871841,47,tabular/fl_fedavg
Sociology and Political Science,84,279,0.7294546850998463,2.2424045,47,tabular/fl_fedavg
Statistical and Nonlinear Physics,20,92,0.6483695652173913,2.2743344,47,tabular/fl_fedavg
Strategy and Management,26,55,0.6531468531468532,1.6033229,47,tabular/fl_fedavg
Surgery,136,518,0.6605865319100613,1.6523895,47,tabular/fl_fedavg
Water Science and Technology,49,77,0.6716141001855288,1.5439193,47,tabular/fl_fedavg
Aerospace Engineering,31,164,0.5,1.0,48,topic_only/logreg
Artificial Intelligence,318,312,0.5,1.0,48,topic_only/logreg
Atmospheric Science,27,70,0.5,1.0,48,topic_only/logreg
"Atomic and Molecular Physics, and Optics",27,116,0.5,1.0,48,topic_only/logreg
Automotive Engineering,20,62,0.5,1.0,48,topic_only/logreg
Biomaterials,41,89,0.5,1.0,48,topic_only/logreg
Biomedical Engineering,146,363,0.5,1.0,48,topic_only/logreg
Building and Construction,58,110,0.5,1.0,48,topic_only/logreg
Cancer Research,489,247,0.5,1.0,48,topic_only/logreg
Cardiology and Cardiovascular Medicine,68,230,0.5,1.0,48,topic_only/logreg
Cell Biology,67,120,0.5,1.0,48,topic_only/logreg
Cellular and Molecular Neuroscience,36,115,0.5,1.0,48,topic_only/logreg
Civil and Structural Engineering,66,228,0.5,1.0,48,topic_only/logreg
Clinical Psychology,35,177,0.5,1.0,48,topic_only/logreg
Cognitive Neuroscience,32,176,0.5,1.0,48,topic_only/logreg
Complementary and alternative medicine,49,75,0.5,1.0,48,topic_only/logreg
Computational Mechanics,21,86,0.5,1.0,48,topic_only/logreg
Computational Theory and Mathematics,29,104,0.5,1.0,48,topic_only/logreg
Computer Graphics and Computer-Aided Design,45,20,0.5,1.0,48,topic_only/logreg
Computer Networks and Communications,152,134,0.5,1.0,48,topic_only/logreg
Computer Vision and Pattern Recognition,160,167,0.5,1.0,48,topic_only/logreg
Control and Systems Engineering,57,170,0.5,1.0,48,topic_only/logreg
Dermatology,20,38,0.5,1.0,48,topic_only/logreg
Economics and Econometrics,116,199,0.5,1.0,48,topic_only/logreg
Education,99,98,0.5,1.0,48,topic_only/logreg
Electrical and Electronic Engineering,167,405,0.5,1.0,48,topic_only/logreg
"Electronic, Optical and Magnetic Materials",33,87,0.5,1.0,48,topic_only/logreg
"Endocrinology, Diabetes and Metabolism",29,122,0.5,1.0,48,topic_only/logreg
Environmental Engineering,38,78,0.5,1.0,48,topic_only/logreg
Epidemiology,117,381,0.5,1.0,48,topic_only/logreg
Experimental and Cognitive Psychology,20,77,0.5,1.0,48,topic_only/logreg
Food Science,21,95,0.5,1.0,48,topic_only/logreg
General Health Professions,22,168,0.5,1.0,48,topic_only/logreg
Genetics,73,291,0.4439344725321282,0.9215211,48,topic_only/logreg
Global and Planetary Change,35,116,0.5,1.0,48,topic_only/logreg
Health Information Management,28,27,0.5,1.0,48,topic_only/logreg
"Health, Toxicology and Mutagenesis",26,109,0.5,1.0,48,topic_only/logreg
Hematology,22,81,0.5,1.0,48,topic_only/logreg
Immunology,111,227,0.5,1.0,48,topic_only/logreg
Industrial and Manufacturing Engineering,130,121,0.6014621741894469,1.1092077,48,topic_only/logreg
Infectious Diseases,37,169,0.5,1.0,48,topic_only/logreg
Information Systems,141,135,0.5,1.0,48,topic_only/logreg
Inorganic Chemistry,66,91,0.5,1.0,48,topic_only/logreg
Management Information Systems,26,37,0.5,1.0,48,topic_only/logreg
Management Science and Operations Research,163,128,0.5,1.0,48,topic_only/logreg
"Management, Monitoring, Policy and Law",22,52,0.5,1.0,48,topic_only/logreg
Marketing,21,23,0.5,1.0,48,topic_only/logreg
Materials Chemistry,143,393,0.5,1.0,48,topic_only/logreg
Mechanical Engineering,70,304,0.5,1.0,48,topic_only/logreg
Mechanics of Materials,41,220,0.5,1.0,48,topic_only/logreg
Media Technology,43,25,0.5,1.0,48,topic_only/logreg
Molecular Biology,571,987,0.5,1.0,48,topic_only/logreg
Nephrology,20,86,0.5,1.0,48,topic_only/logreg
Neurology,104,238,0.5936489980607629,1.1740279,48,topic_only/logreg
Nuclear and High Energy Physics,23,58,0.5,1.0,48,topic_only/logreg
Nutrition and Dietetics,31,78,0.5,1.0,48,topic_only/logreg
Obstetrics and Gynecology,27,71,0.5,1.0,48,topic_only/logreg
Ocean Engineering,26,74,0.5,1.0,48,topic_only/logreg
Oncology,125,316,0.5,1.0,48,topic_only/logreg
Organic Chemistry,56,168,0.5,1.0,48,topic_only/logreg
Orthopedics and Sports Medicine,32,64,0.5,1.0,48,topic_only/logreg
Pathology and Forensic Medicine,79,161,0.5,1.0,48,topic_only/logreg
"Pediatrics, Perinatology and Child Health",21,98,0.5,1.0,48,topic_only/logreg
Pharmacology,71,170,0.5173156586578294,1.0267483,48,topic_only/logreg
Physiology,95,236,0.5503791257805531,1.1401707,48,topic_only/logreg
Plant Science,123,291,0.5,1.0,48,topic_only/logreg
Pollution,31,54,0.5,1.0,48,topic_only/logreg
Polymers and Plastics,25,71,0.5,1.0,48,topic_only/logreg
Psychiatry and Mental health,24,188,0.5,1.0,48,topic_only/logreg
"Public Health, Environmental and Occupational Health",66,331,0.5,1.0,48,topic_only/logreg
Pulmonary and Respiratory Medicine,119,425,0.5,1.0,48,topic_only/logreg
"Radiology, Nuclear Medicine and Imaging",79,200,0.5,1.0,48,topic_only/logreg
Rehabilitation,22,47,0.5,1.0,48,topic_only/logreg
"Renewable Energy, Sustainability and the Environment",45,124,0.5,1.0,48,topic_only/logreg
Reproductive Medicine,27,65,0.5,1.0,48,topic_only/logreg
Rheumatology,35,113,0.5,1.0,48,topic_only/logreg
Signal Processing,38,55,0.5,1.0,48,topic_only/logreg
Social Psychology,39,119,0.5,1.0,48,topic_only/logreg
Sociology and Political Science,77,311,0.5,1.0,48,topic_only/logreg
Strategy and Management,28,55,0.5,1.0,48,topic_only/logreg
Surgery,135,556,0.5,1.0,48,topic_only/logreg
Water Science and Technology,41,74,0.5,1.0,48,topic_only/logreg
Aerospace Engineering,31,164,0.5,1.0,48,topic_only/xgb
Artificial Intelligence,318,312,0.5,1.0,48,topic_only/xgb
Atmospheric Science,27,70,0.5,1.0,48,topic_only/xgb
"Atomic and Molecular Physics, and Optics",27,116,0.5,1.0,48,topic_only/xgb
Automotive Engineering,20,62,0.5,1.0,48,topic_only/xgb
Biomaterials,41,89,0.5,1.0,48,topic_only/xgb
Biomedical Engineering,146,363,0.5,1.0,48,topic_only/xgb
Building and Construction,58,110,0.5,1.0,48,topic_only/xgb
Cancer Research,489,247,0.5,1.0,48,topic_only/xgb
Cardiology and Cardiovascular Medicine,68,230,0.5,1.0,48,topic_only/xgb
Cell Biology,67,120,0.5,1.0,48,topic_only/xgb
Cellular and Molecular Neuroscience,36,115,0.5,1.0,48,topic_only/xgb
Civil and Structural Engineering,66,228,0.5,1.0,48,topic_only/xgb
Clinical Psychology,35,177,0.5,1.0,48,topic_only/xgb
Cognitive Neuroscience,32,176,0.5,1.0,48,topic_only/xgb
Complementary and alternative medicine,49,75,0.5,1.0,48,topic_only/xgb
Computational Mechanics,21,86,0.5,1.0,48,topic_only/xgb
Computational Theory and Mathematics,29,104,0.5,1.0,48,topic_only/xgb
Computer Graphics and Computer-Aided Design,45,20,0.5,1.0,48,topic_only/xgb
Computer Networks and Communications,152,134,0.5,1.0,48,topic_only/xgb
Computer Vision and Pattern Recognition,160,167,0.5,1.0,48,topic_only/xgb
Control and Systems Engineering,57,170,0.5,1.0,48,topic_only/xgb
Dermatology,20,38,0.5,1.0,48,topic_only/xgb
Economics and Econometrics,116,199,0.5,1.0,48,topic_only/xgb
Education,99,98,0.5,1.0,48,topic_only/xgb
Electrical and Electronic Engineering,167,405,0.5,1.0,48,topic_only/xgb
"Electronic, Optical and Magnetic Materials",33,87,0.5,1.0,48,topic_only/xgb
"Endocrinology, Diabetes and Metabolism",29,122,0.5,1.0,48,topic_only/xgb
Environmental Engineering,38,78,0.5,1.0,48,topic_only/xgb
Epidemiology,117,381,0.5,1.0,48,topic_only/xgb
Experimental and Cognitive Psychology,20,77,0.5,1.0,48,topic_only/xgb
Food Science,21,95,0.5,1.0,48,topic_only/xgb
General Health Professions,22,168,0.5,1.0,48,topic_only/xgb
Genetics,73,291,0.5560655274678717,1.1183203,48,topic_only/xgb
Global and Planetary Change,35,116,0.5,1.0,48,topic_only/xgb
Health Information Management,28,27,0.5,1.0,48,topic_only/xgb
"Health, Toxicology and Mutagenesis",26,109,0.5,1.0,48,topic_only/xgb
Hematology,22,81,0.5,1.0,48,topic_only/xgb
Immunology,111,227,0.5,1.0,48,topic_only/xgb
Industrial and Manufacturing Engineering,130,121,0.6014621741894469,1.1092077,48,topic_only/xgb
Infectious Diseases,37,169,0.5,1.0,48,topic_only/xgb
Information Systems,141,135,0.5,1.0,48,topic_only/xgb
Inorganic Chemistry,66,91,0.5,1.0,48,topic_only/xgb
Management Information Systems,26,37,0.5,1.0,48,topic_only/xgb
Management Science and Operations Research,163,128,0.5,1.0,48,topic_only/xgb
"Management, Monitoring, Policy and Law",22,52,0.5,1.0,48,topic_only/xgb
Marketing,21,23,0.5,1.0,48,topic_only/xgb
Materials Chemistry,143,393,0.5,1.0,48,topic_only/xgb
Mechanical Engineering,70,304,0.5,1.0,48,topic_only/xgb
Mechanics of Materials,41,220,0.5,1.0,48,topic_only/xgb
Media Technology,43,25,0.5,1.0,48,topic_only/xgb
Molecular Biology,571,987,0.5,1.0,48,topic_only/xgb
Nephrology,20,86,0.5,1.0,48,topic_only/xgb
Neurology,104,238,0.5936489980607629,1.1740279,48,topic_only/xgb
Nuclear and High Energy Physics,23,58,0.5,1.0,48,topic_only/xgb
Nutrition and Dietetics,31,78,0.5,1.0,48,topic_only/xgb
Obstetrics and Gynecology,27,71,0.5,1.0,48,topic_only/xgb
Ocean Engineering,26,74,0.5,1.0,48,topic_only/xgb
Oncology,125,316,0.5,1.0,48,topic_only/xgb
Organic Chemistry,56,168,0.5,1.0,48,topic_only/xgb
Orthopedics and Sports Medicine,32,64,0.5,1.0,48,topic_only/xgb
Pathology and Forensic Medicine,79,161,0.5,1.0,48,topic_only/xgb
"Pediatrics, Perinatology and Child Health",21,98,0.5,1.0,48,topic_only/xgb
Pharmacology,71,170,0.5173156586578294,1.0267483,48,topic_only/xgb
Physiology,95,236,0.5503791257805531,1.1401707,48,topic_only/xgb
Plant Science,123,291,0.5,1.0,48,topic_only/xgb
Pollution,31,54,0.5,1.0,48,topic_only/xgb
Polymers and Plastics,25,71,0.5,1.0,48,topic_only/xgb
Psychiatry and Mental health,24,188,0.5,1.0,48,topic_only/xgb
"Public Health, Environmental and Occupational Health",66,331,0.5,1.0,48,topic_only/xgb
Pulmonary and Respiratory Medicine,119,425,0.5,1.0,48,topic_only/xgb
"Radiology, Nuclear Medicine and Imaging",79,200,0.5,1.0,48,topic_only/xgb
Rehabilitation,22,47,0.5,1.0,48,topic_only/xgb
"Renewable Energy, Sustainability and the Environment",45,124,0.5,1.0,48,topic_only/xgb
Reproductive Medicine,27,65,0.5,1.0,48,topic_only/xgb
Rheumatology,35,113,0.5,1.0,48,topic_only/xgb
Signal Processing,38,55,0.5,1.0,48,topic_only/xgb
Social Psychology,39,119,0.5,1.0,48,topic_only/xgb
Sociology and Political Science,77,311,0.5,1.0,48,topic_only/xgb
Strategy and Management,28,55,0.5,1.0,48,topic_only/xgb
Surgery,135,556,0.5,1.0,48,topic_only/xgb
Water Science and Technology,41,74,0.5,1.0,48,topic_only/xgb
Aerospace Engineering,31,164,0.6589299763965382,2.377593,48,tabular/central_xgb
Artificial Intelligence,318,312,0.7460339058216416,1.4011016,48,tabular/central_xgb
Atmospheric Science,27,70,0.7314814814814815,2.2446644,48,tabular/central_xgb
"Atomic and Molecular Physics, and Optics",27,116,0.6376117496807151,1.8168176,48,tabular/central_xgb
Automotive Engineering,20,62,0.5516129032258065,1.8697847,48,tabular/central_xgb
Biomaterials,41,89,0.5957796656618252,1.4040151,48,tabular/central_xgb
Biomedical Engineering,146,363,0.6519113928827504,1.6717954,48,tabular/central_xgb
Building and Construction,58,110,0.7078369905956113,1.6223965,48,tabular/central_xgb
Cancer Research,489,247,0.6767425879469793,1.1781179,48,tabular/central_xgb
Cardiology and Cardiovascular Medicine,68,230,0.7001278772378515,1.9351352,48,tabular/central_xgb
Cell Biology,67,120,0.6536069651741293,1.3986937,48,tabular/central_xgb
Cellular and Molecular Neuroscience,36,115,0.648792270531401,1.7186766,48,tabular/central_xgb
Civil and Structural Engineering,66,228,0.632343168527379,1.6110328,48,tabular/central_xgb
Clinical Psychology,35,177,0.6576271186440678,1.7691035,48,tabular/central_xgb
Cognitive Neuroscience,32,176,0.8023792613636365,3.1723282,48,tabular/central_xgb
Complementary and alternative medicine,49,75,0.6995918367346939,1.4827685,48,tabular/central_xgb
Computational Mechanics,21,86,0.5658914728682171,1.7020787,48,tabular/central_xgb
Computational Theory and Mathematics,29,104,0.5401193633952255,1.4748834,48,tabular/central_xgb
Computer Graphics and Computer-Aided Design,45,20,0.6022222222222222,1.1416994,48,tabular/central_xgb
Computer Networks and Communications,152,134,0.7431019245875883,1.4207041,48,tabular/central_xgb
Computer Vision and Pattern Recognition,160,167,0.6644461077844311,1.2793792,48,tabular/central_xgb
Control and Systems Engineering,57,170,0.663467492260062,1.8091108,48,tabular/central_xgb
Dermatology,20,38,0.6039473684210527,1.3787906,48,tabular/central_xgb
Economics and Econometrics,116,199,0.7125064980072778,1.3737228,48,tabular/central_xgb
Education,99,98,0.9083694083694084,1.7858658,48,tabular/central_xgb
Electrical and Electronic Engineering,167,405,0.7131588674502847,1.7550889,48,tabular/central_xgb
"Electronic, Optical and Magnetic Materials",33,87,0.6095437129919888,1.6280856,48,tabular/central_xgb
"Endocrinology, Diabetes and Metabolism",29,122,0.7026568682871679,2.5768502,48,tabular/central_xgb
Environmental Engineering,38,78,0.6943319838056681,1.556605,48,tabular/central_xgb
Epidemiology,117,381,0.6858020952509143,1.7143928,48,tabular/central_xgb
Experimental and Cognitive Psychology,20,77,0.7883116883116883,2.4239497,48,tabular/central_xgb
Food Science,21,95,0.631578947368421,1.5962782,48,tabular/central_xgb
General Health Professions,22,168,0.6750541125541125,3.1431892,48,tabular/central_xgb
Genetics,73,291,0.6408699336251942,1.6031458,48,tabular/central_xgb
Global and Planetary Change,35,116,0.8125615763546798,2.7959313,48,tabular/central_xgb
Health Information Management,28,27,0.6891534391534392,1.379708,48,tabular/central_xgb
"Health, Toxicology and Mutagenesis",26,109,0.6866619618913197,1.7970864,48,tabular/central_xgb
Hematology,22,81,0.6840628507295174,1.7761023,48,tabular/central_xgb
Immunology,111,227,0.6648013652418938,1.5798943,48,tabular/central_xgb
Industrial and Manufacturing Engineering,130,121,0.8031468531468531,1.5698669,48,tabular/central_xgb
Infectious Diseases,37,169,0.6280185510954742,1.5751776,48,tabular/central_xgb
Information Systems,141,135,0.6939322301024429,1.296649,48,tabular/central_xgb
Inorganic Chemistry,66,91,0.6934731934731935,1.4402664,48,tabular/central_xgb
Management Information Systems,26,37,0.7432432432432433,1.5420228,48,tabular/central_xgb
Management Science and Operations Research,163,128,0.5434240797546012,1.1390172,48,tabular/central_xgb
"Management, Monitoring, Policy and Law",22,52,0.8068181818181818,2.2830153,48,tabular/central_xgb
Marketing,21,23,0.6873706004140786,1.404808,48,tabular/central_xgb
Materials Chemistry,143,393,0.6464705777682875,1.6606917,48,tabular/central_xgb
Mechanical Engineering,70,304,0.5646381578947369,1.507116,48,tabular/central_xgb
Mechanics of Materials,41,220,0.6250554323725056,1.6023259,48,tabular/central_xgb
Media Technology,43,25,0.747906976744186,1.2984699,48,tabular/central_xgb
Molecular Biology,571,987,0.6611385844347799,1.4224811,48,tabular/central_xgb
Nephrology,20,86,0.7034883720930232,1.9731417,48,tabular/central_xgb
Neurology,104,238,0.7167097608274078,1.6849611,48,tabular/central_xgb
Nuclear and High Energy Physics,23,58,0.7346326836581709,1.7043346,48,tabular/central_xgb
Nutrition and Dietetics,31,78,0.6774193548387097,1.6991816,48,tabular/central_xgb
Obstetrics and Gynecology,27,71,0.7923839332290036,2.379442,48,tabular/central_xgb
Ocean Engineering,26,74,0.5753638253638254,1.5624285,48,tabular/central_xgb
Oncology,125,316,0.6383164556962024,1.3610601,48,tabular/central_xgb
Organic Chemistry,56,168,0.5281675170068026,1.3321086,48,tabular/central_xgb
Orthopedics and Sports Medicine,32,64,0.71826171875,1.8883654,48,tabular/central_xgb
Pathology and Forensic Medicine,79,161,0.6477710511832692,1.3994703,48,tabular/central_xgb
"Pediatrics, Perinatology and Child Health",21,98,0.7521865889212828,2.1995444,48,tabular/central_xgb
Pharmacology,71,170,0.7554266777133389,1.8142201,48,tabular/central_xgb
Physiology,95,236,0.6835860838537021,1.5586942,48,tabular/central_xgb
Plant Science,123,291,0.6509792417511804,1.7226255,48,tabular/central_xgb
Pollution,31,54,0.6696535244922341,1.6375256,48,tabular/central_xgb
Polymers and Plastics,25,71,0.5983098591549296,1.4460118,48,tabular/central_xgb
Psychiatry and Mental health,24,188,0.6779698581560283,1.9132612,48,tabular/central_xgb
"Public Health, Environmental and Occupational Health",66,331,0.6700540144648905,1.9255921,48,tabular/central_xgb
Pulmonary and Respiratory Medicine,119,425,0.7192684132476519,2.1614237,48,tabular/central_xgb
"Radiology, Nuclear Medicine and Imaging",79,200,0.7643354430379747,1.9101815,48,tabular/central_xgb
Rehabilitation,22,47,0.6827852998065764,1.649019,48,tabular/central_xgb
"Renewable Energy, Sustainability and the Environment",45,124,0.6088709677419355,1.733161,48,tabular/central_xgb
Reproductive Medicine,27,65,0.7071225071225071,1.6966679,48,tabular/central_xgb
Rheumatology,35,113,0.7481668773704172,2.2935154,48,tabular/central_xgb
Signal Processing,38,55,0.6057416267942584,1.2390982,48,tabular/central_xgb
Social Psychology,39,119,0.6716224951519069,1.8116612,48,tabular/central_xgb
Sociology and Political Science,77,311,0.7995991147116549,2.6942575,48,tabular/central_xgb
Strategy and Management,28,55,0.7155844155844155,1.5960273,48,tabular/central_xgb
Surgery,135,556,0.7158606448174794,2.1845722,48,tabular/central_xgb
Water Science and Technology,41,74,0.7294001318391562,1.8523558,48,tabular/central_xgb
Aerospace Engineering,31,164,0.6734854445318648,2.5699735,48,tabular/central_mlp
Artificial Intelligence,318,312,0.7514009837123046,1.4244999,48,tabular/central_mlp
Atmospheric Science,27,70,0.7537037037037038,2.1598709,48,tabular/central_mlp
"Atomic and Molecular Physics, and Optics",27,116,0.6701787994891443,1.6728339,48,tabular/central_mlp
Automotive Engineering,20,62,0.5443548387096775,1.9338088,48,tabular/central_mlp
Biomaterials,41,89,0.5486434639627294,1.3662865,48,tabular/central_mlp
Biomedical Engineering,146,363,0.637627835012642,1.6645637,48,tabular/central_mlp
Building and Construction,58,110,0.7260188087774295,1.6944091,48,tabular/central_mlp
Cancer Research,489,247,0.6633466630237698,1.1699637,48,tabular/central_mlp
Cardiology and Cardiovascular Medicine,68,230,0.711381074168798,2.122329,48,tabular/central_mlp
Cell Biology,67,120,0.6439676616915422,1.3517305,48,tabular/central_mlp
Cellular and Molecular Neuroscience,36,115,0.5756038647342996,1.5355208,48,tabular/central_mlp
Civil and Structural Engineering,66,228,0.5737307283359915,1.3915882,48,tabular/central_mlp
Clinical Psychology,35,177,0.6227602905569006,1.7053604,48,tabular/central_mlp
Cognitive Neuroscience,32,176,0.7822265625000001,2.8460019,48,tabular/central_mlp
Complementary and alternative medicine,49,75,0.6189115646258503,1.2557782,48,tabular/central_mlp
Computational Mechanics,21,86,0.5791805094130675,1.7259777,48,tabular/central_mlp
Computational Theory and Mathematics,29,104,0.5334880636604775,1.3749118,48,tabular/central_mlp
Computer Graphics and Computer-Aided Design,45,20,0.6233333333333334,1.134891,48,tabular/central_mlp
Computer Networks and Communications,152,134,0.7444766300078555,1.4211415,48,tabular/central_mlp
Computer Vision and Pattern Recognition,160,167,0.6853293413173652,1.2994308,48,tabular/central_mlp
Control and Systems Engineering,57,170,0.6907120743034055,1.9266695,48,tabular/central_mlp
Dermatology,20,38,0.6328947368421053,1.4182444,48,tabular/central_mlp
Economics and Econometrics,116,199,0.7205856870559695,1.4410378,48,tabular/central_mlp
Education,99,98,0.9259946402803546,1.8072008,48,tabular/central_mlp
Electrical and Electronic Engineering,167,405,0.6857248466030901,1.7050959,48,tabular/central_mlp
"Electronic, Optical and Magnetic Materials",33,87,0.584813653779171,1.4696269,48,tabular/central_mlp
"Endocrinology, Diabetes and Metabolism",29,122,0.6551724137931034,1.9969075,48,tabular/central_mlp
Environmental Engineering,38,78,0.7203103913630229,1.6487492,48,tabular/central_mlp
Epidemiology,117,381,0.6995647979899948,1.7425061,48,tabular/central_mlp
Experimental and Cognitive Psychology,20,77,0.8259740259740259,2.5417056,48,tabular/central_mlp
Food Science,21,95,0.6280701754385964,1.9122634,48,tabular/central_mlp
General Health Professions,22,168,0.6834415584415584,3.0170314,48,tabular/central_mlp
Genetics,73,291,0.6280421786000094,1.5060989,48,tabular/central_mlp
Global and Planetary Change,35,116,0.7964285714285714,2.76706,48,tabular/central_mlp
Health Information Management,28,27,0.7341269841269841,1.4202623,48,tabular/central_mlp
"Health, Toxicology and Mutagenesis",26,109,0.689484827099506,1.794373,48,tabular/central_mlp
Hematology,22,81,0.664141414141414,1.6739471,48,tabular/central_mlp
Immunology,111,227,0.6725403817914831,1.5635449,48,tabular/central_mlp
Industrial and Manufacturing Engineering,130,121,0.8149713922441195,1.60033,48,tabular/central_mlp
Infectious Diseases,37,169,0.6581640812410043,1.6559718,48,tabular/central_mlp
Information Systems,141,135,0.6882584712371946,1.3323759,48,tabular/central_mlp
Inorganic Chemistry,66,91,0.6951381951381952,1.5636512,48,tabular/central_mlp
Management Information Systems,26,37,0.7474012474012474,1.6917849,48,tabular/central_mlp
Management Science and Operations Research,163,128,0.5624041411042945,1.1712233,48,tabular/central_mlp
"Management, Monitoring, Policy and Law",22,52,0.7963286713286714,2.2506618,48,tabular/central_mlp
Marketing,21,23,0.6687370600414078,1.4180571,48,tabular/central_mlp
Materials Chemistry,143,393,0.649468851758928,1.6323373,48,tabular/central_mlp
Mechanical Engineering,70,304,0.6005639097744361,1.3778626,48,tabular/central_mlp
Mechanics of Materials,41,220,0.5927937915742794,1.5793527,48,tabular/central_mlp
Media Technology,43,25,0.763720930232558,1.2911469,48,tabular/central_mlp
Molecular Biology,571,987,0.6457254288233905,1.3647791,48,tabular/central_mlp
Nephrology,20,86,0.7325581395348837,2.1299543,48,tabular/central_mlp
Neurology,104,238,0.6816216871363929,1.6994376,48,tabular/central_mlp
Nuclear and High Energy Physics,23,58,0.7188905547226387,1.6721107,48,tabular/central_mlp
Nutrition and Dietetics,31,78,0.6619106699751861,1.5537996,48,tabular/central_mlp
Obstetrics and Gynecology,27,71,0.8028169014084506,2.2573922,48,tabular/central_mlp
Ocean Engineering,26,74,0.5213097713097713,1.3548267,48,tabular/central_mlp
Oncology,125,316,0.6602025316455696,1.443752,48,tabular/central_mlp
Organic Chemistry,56,168,0.48820153061224486,1.2730167,48,tabular/central_mlp
Orthopedics and Sports Medicine,32,64,0.69140625,1.758074,48,tabular/central_mlp
Pathology and Forensic Medicine,79,161,0.6373928767984905,1.480536,48,tabular/central_mlp
"Pediatrics, Perinatology and Child Health",21,98,0.7560738581146744,2.7355742,48,tabular/central_mlp
Pharmacology,71,170,0.7252692626346313,1.6410584,48,tabular/central_mlp
Physiology,95,236,0.663492417484389,1.5418185,48,tabular/central_mlp
Plant Science,123,291,0.6499455200737575,1.5983347,48,tabular/central_mlp
Pollution,31,54,0.698626045400239,1.6549314,48,tabular/central_mlp
Polymers and Plastics,25,71,0.5887323943661972,1.4918389,48,tabular/central_mlp
Psychiatry and Mental health,24,188,0.681183510638298,2.3032942,48,tabular/central_mlp
"Public Health, Environmental and Occupational Health",66,331,0.722969880069578,2.4911516,48,tabular/central_mlp
Pulmonary and Respiratory Medicine,119,425,0.6968462679189323,1.9822768,48,tabular/central_mlp
"Radiology, Nuclear Medicine and Imaging",79,200,0.785253164556962,1.9880531,48,tabular/central_mlp
Rehabilitation,22,47,0.7823984526112185,1.6890572,48,tabular/central_mlp
"Renewable Energy, Sustainability and the Environment",45,124,0.6272401433691757,1.7551633,48,tabular/central_mlp
Reproductive Medicine,27,65,0.6905982905982906,1.7632539,48,tabular/central_mlp
Rheumatology,35,113,0.7072060682680151,1.9496319,48,tabular/central_mlp
Signal Processing,38,55,0.6550239234449761,1.3418288,48,tabular/central_mlp
Social Psychology,39,119,0.6574014221073045,1.7173177,48,tabular/central_mlp
Sociology and Political Science,77,311,0.79329352319706,2.8218677,48,tabular/central_mlp
Strategy and Management,28,55,0.7266233766233767,1.6220047,48,tabular/central_mlp
Surgery,135,556,0.7267652544630963,2.116924,48,tabular/central_mlp
Water Science and Technology,41,74,0.7274225444957153,1.8680303,48,tabular/central_mlp
Aerospace Engineering,31,164,0.720889063729347,2.904959,48,tabular/fl_fedavg
Artificial Intelligence,318,312,0.7213503870343493,1.37671,48,tabular/fl_fedavg
Atmospheric Science,27,70,0.7346560846560847,2.1549337,48,tabular/fl_fedavg
"Atomic and Molecular Physics, and Optics",27,116,0.6031289910600255,1.6226401,48,tabular/fl_fedavg
Automotive Engineering,20,62,0.5709677419354839,1.9862046,48,tabular/fl_fedavg
Biomaterials,41,89,0.5798848999725953,1.5047927,48,tabular/fl_fedavg
Biomedical Engineering,146,363,0.649382995584739,1.6027558,48,tabular/fl_fedavg
Building and Construction,58,110,0.680564263322884,1.6065519,48,tabular/fl_fedavg
Cancer Research,489,247,0.6249141021501371,1.1267207,48,tabular/fl_fedavg
Cardiology and Cardiovascular Medicine,68,230,0.6514066496163682,1.7247474,48,tabular/fl_fedavg
Cell Biology,67,120,0.6300373134328359,1.3538396,48,tabular/fl_fedavg
Cellular and Molecular Neuroscience,36,115,0.6376811594202899,1.6853899,48,tabular/fl_fedavg
Civil and Structural Engineering,66,228,0.7016547049441786,1.7679383,48,tabular/fl_fedavg
Clinical Psychology,35,177,0.5970944309927361,1.4310721,48,tabular/fl_fedavg
Cognitive Neuroscience,32,176,0.7890625,3.3387907,48,tabular/fl_fedavg
Complementary and alternative medicine,49,75,0.6925170068027211,1.4319459,48,tabular/fl_fedavg
Computational Mechanics,21,86,0.508859357696567,1.6706153,48,tabular/fl_fedavg
Computational Theory and Mathematics,29,104,0.5139257294429709,1.1968257,48,tabular/fl_fedavg
Computer Graphics and Computer-Aided Design,45,20,0.6144444444444445,1.1528776,48,tabular/fl_fedavg
Computer Networks and Communications,152,134,0.7501718381775334,1.4286832,48,tabular/fl_fedavg
Computer Vision and Pattern Recognition,160,167,0.6771332335329341,1.252769,48,tabular/fl_fedavg
Control and Systems Engineering,57,170,0.7031991744066047,1.8438717,48,tabular/fl_fedavg
Dermatology,20,38,0.6289473684210526,1.6286716,48,tabular/fl_fedavg
Economics and Econometrics,116,199,0.684110206203431,1.3089724,48,tabular/fl_fedavg
Education,99,98,0.8924963924963925,1.7238448,48,tabular/fl_fedavg
Electrical and Electronic Engineering,167,405,0.6794559030087972,1.659206,48,tabular/fl_fedavg
"Electronic, Optical and Magnetic Materials",33,87,0.5005224660397074,1.1436799,48,tabular/fl_fedavg
"Endocrinology, Diabetes and Metabolism",29,122,0.679479932165065,2.1441095,48,tabular/fl_fedavg
Environmental Engineering,38,78,0.6923076923076924,1.7240196,48,tabular/fl_fedavg
Epidemiology,117,381,0.6520178567422662,1.5540954,48,tabular/fl_fedavg
Experimental and Cognitive Psychology,20,77,0.8337662337662337,2.5945265,48,tabular/fl_fedavg
Food Science,21,95,0.612531328320802,1.703316,48,tabular/fl_fedavg
General Health Professions,22,168,0.7600108225108225,3.164116,48,tabular/fl_fedavg
Genetics,73,291,0.6196864849597514,1.3538758,48,tabular/fl_fedavg
Global and Planetary Change,35,116,0.8226600985221674,2.686903,48,tabular/fl_fedavg
Health Information Management,28,27,0.6732804232804233,1.3376061,48,tabular/fl_fedavg
"Health, Toxicology and Mutagenesis",26,109,0.6044460127028934,1.5985698,48,tabular/fl_fedavg
Hematology,22,81,0.6672278338945006,1.7117094,48,tabular/fl_fedavg
Immunology,111,227,0.6695241497003611,1.5649109,48,tabular/fl_fedavg
Industrial and Manufacturing Engineering,130,121,0.7365225683407501,1.4856888,48,tabular/fl_fedavg
Infectious Diseases,37,169,0.6264193187270111,1.4647778,48,tabular/fl_fedavg
Information Systems,141,135,0.671552403467297,1.2818451,48,tabular/fl_fedavg
Inorganic Chemistry,66,91,0.544039294039294,1.2779793,48,tabular/fl_fedavg
Management Information Systems,26,37,0.6798336798336798,1.4817915,48,tabular/fl_fedavg
Management Science and Operations Research,163,128,0.532831671779141,1.1397287,48,tabular/fl_fedavg
"Management, Monitoring, Policy and Law",22,52,0.7770979020979021,2.1851082,48,tabular/fl_fedavg
Marketing,21,23,0.5320910973084886,1.1455632,48,tabular/fl_fedavg
Materials Chemistry,143,393,0.6477873271766401,1.6339489,48,tabular/fl_fedavg
Mechanical Engineering,70,304,0.549765037593985,1.4836283,48,tabular/fl_fedavg
Mechanics of Materials,41,220,0.6537139689578715,1.8305414,48,tabular/fl_fedavg
Media Technology,43,25,0.7451162790697674,1.2986132,48,tabular/fl_fedavg
Molecular Biology,571,987,0.6349691346524077,1.3413688,48,tabular/fl_fedavg
Nephrology,20,86,0.6383720930232558,1.4221808,48,tabular/fl_fedavg
Neurology,104,238,0.6353829993535877,1.4814537,48,tabular/fl_fedavg
Nuclear and High Energy Physics,23,58,0.7931034482758621,2.05964,48,tabular/fl_fedavg
Nutrition and Dietetics,31,78,0.6228287841191067,1.36307,48,tabular/fl_fedavg
Obstetrics and Gynecology,27,71,0.7584767866458008,1.8997368,48,tabular/fl_fedavg
Ocean Engineering,26,74,0.5561330561330562,1.504348,48,tabular/fl_fedavg
Oncology,125,316,0.6107848101265824,1.2363905,48,tabular/fl_fedavg
Organic Chemistry,56,168,0.4947385204081633,1.2520844,48,tabular/fl_fedavg
Orthopedics and Sports Medicine,32,64,0.7021484375,1.7000903,48,tabular/fl_fedavg
Pathology and Forensic Medicine,79,161,0.6019341143171634,1.3935857,48,tabular/fl_fedavg
"Pediatrics, Perinatology and Child Health",21,98,0.7444120505344995,1.7678521,48,tabular/fl_fedavg
Pharmacology,71,170,0.6914664457332229,1.5777779,48,tabular/fl_fedavg
Physiology,95,236,0.661864406779661,1.4699808,48,tabular/fl_fedavg
Plant Science,123,291,0.6231106640963318,1.5394837,48,tabular/fl_fedavg
Pollution,31,54,0.6654719235364396,1.4354851,48,tabular/fl_fedavg
Polymers and Plastics,25,71,0.6011267605633803,1.5334488,48,tabular/fl_fedavg
Psychiatry and Mental health,24,188,0.6332003546099291,1.6490715,48,tabular/fl_fedavg
"Public Health, Environmental and Occupational Health",66,331,0.6671244163691293,1.6836318,48,tabular/fl_fedavg
Pulmonary and Respiratory Medicine,119,425,0.6571033119130005,1.6558424,48,tabular/fl_fedavg
"Radiology, Nuclear Medicine and Imaging",79,200,0.7586075949367088,1.9546185,48,tabular/fl_fedavg
Rehabilitation,22,47,0.6847195357833655,1.5969013,48,tabular/fl_fedavg
"Renewable Energy, Sustainability and the Environment",45,124,0.6172043010752688,1.550311,48,tabular/fl_fedavg
Reproductive Medicine,27,65,0.6621082621082621,1.601111,48,tabular/fl_fedavg
Rheumatology,35,113,0.6290771175726928,1.698541,48,tabular/fl_fedavg
Signal Processing,38,55,0.661244019138756,1.2562891,48,tabular/fl_fedavg
Social Psychology,39,119,0.6873518638224521,1.8251204,48,tabular/fl_fedavg
Sociology and Political Science,77,311,0.7836472209462563,2.560725,48,tabular/fl_fedavg
Strategy and Management,28,55,0.6785714285714286,1.5157232,48,tabular/fl_fedavg
Surgery,135,556,0.6591726618705036,1.6620449,48,tabular/fl_fedavg
Water Science and Technology,41,74,0.6997363216875412,1.7356467,48,tabular/fl_fedavg
Aerospace Engineering,42,168,0.5,1.0,49,topic_only/logreg
Artificial Intelligence,332,299,0.5,1.0,49,topic_only/logreg
"Atomic and Molecular Physics, and Optics",21,123,0.5,1.0,49,topic_only/logreg
Automotive Engineering,24,48,0.5,1.0,49,topic_only/logreg
Biomaterials,38,77,0.5,1.0,49,topic_only/logreg
Biomedical Engineering,136,326,0.5,1.0,49,topic_only/logreg
Building and Construction,52,95,0.5,1.0,49,topic_only/logreg
Cancer Research,492,246,0.5,1.0,49,topic_only/logreg
Cardiology and Cardiovascular Medicine,57,233,0.5,1.0,49,topic_only/logreg
Cell Biology,76,114,0.5,1.0,49,topic_only/logreg
Cellular and Molecular Neuroscience,32,113,0.5,1.0,49,topic_only/logreg
Civil and Structural Engineering,62,240,0.5,1.0,49,topic_only/logreg
Clinical Psychology,28,151,0.5,1.0,49,topic_only/logreg
Cognitive Neuroscience,32,178,0.5,1.0,49,topic_only/logreg
Complementary and alternative medicine,49,66,0.5,1.0,49,topic_only/logreg
Computational Mechanics,29,88,0.5,1.0,49,topic_only/logreg
Computational Theory and Mathematics,43,103,0.5,1.0,49,topic_only/logreg
Computer Graphics and Computer-Aided Design,40,30,0.5,1.0,49,topic_only/logreg
Computer Networks and Communications,144,147,0.5,1.0,49,topic_only/logreg
Computer Vision and Pattern Recognition,175,185,0.5,1.0,49,topic_only/logreg
Control and Systems Engineering,70,166,0.5,1.0,49,topic_only/logreg
Economics and Econometrics,124,203,0.5,1.0,49,topic_only/logreg
Education,101,104,0.5,1.0,49,topic_only/logreg
Electrical and Electronic Engineering,140,415,0.5,1.0,49,topic_only/logreg
"Electronic, Optical and Magnetic Materials",32,86,0.5,1.0,49,topic_only/logreg
"Endocrinology, Diabetes and Metabolism",34,138,0.5,1.0,49,topic_only/logreg
Environmental Engineering,36,76,0.5,1.0,49,topic_only/logreg
Epidemiology,111,411,0.5,1.0,49,topic_only/logreg
Experimental and Cognitive Psychology,27,66,0.5,1.0,49,topic_only/logreg
General Health Professions,26,187,0.5,1.0,49,topic_only/logreg
Genetics,88,279,0.5043580971000325,1.0067782,49,topic_only/logreg
Global and Planetary Change,38,118,0.5,1.0,49,topic_only/logreg
Health Information Management,22,27,0.5,1.0,49,topic_only/logreg
"Health, Toxicology and Mutagenesis",27,89,0.5,1.0,49,topic_only/logreg
Immunology,122,209,0.5,1.0,49,topic_only/logreg
Industrial and Manufacturing Engineering,147,104,0.5813710099424385,1.0726902,49,topic_only/logreg
Infectious Diseases,38,182,0.5,1.0,49,topic_only/logreg
Information Systems,171,159,0.5,1.0,49,topic_only/logreg
Inorganic Chemistry,78,100,0.5,1.0,49,topic_only/logreg
Management Information Systems,28,48,0.5,1.0,49,topic_only/logreg
Management Science and Operations Research,137,112,0.5,1.0,49,topic_only/logreg
"Management, Monitoring, Policy and Law",20,47,0.5,1.0,49,topic_only/logreg
Materials Chemistry,154,409,0.5,1.0,49,topic_only/logreg
Mechanical Engineering,76,295,0.5,1.0,49,topic_only/logreg
Mechanics of Materials,47,208,0.5,1.0,49,topic_only/logreg
Media Technology,34,34,0.5,1.0,49,topic_only/logreg
Molecular Biology,617,1041,0.5,1.0,49,topic_only/logreg
Neurology,91,225,0.6122588522588523,1.2188089,49,topic_only/logreg
Nuclear and High Energy Physics,20,60,0.5,1.0,49,topic_only/logreg
Nutrition and Dietetics,31,82,0.5,1.0,49,topic_only/logreg
Obstetrics and Gynecology,27,69,0.5,1.0,49,topic_only/logreg
Ocean Engineering,24,82,0.5,1.0,49,topic_only/logreg
Oncology,130,358,0.5,1.0,49,topic_only/logreg
Ophthalmology,20,81,0.5,1.0,49,topic_only/logreg
Organic Chemistry,61,175,0.5,1.0,49,topic_only/logreg
Organizational Behavior and Human Resource Management,22,39,0.5,1.0,49,topic_only/logreg
Orthopedics and Sports Medicine,25,65,0.5,1.0,49,topic_only/logreg
Pathology and Forensic Medicine,67,163,0.5,1.0,49,topic_only/logreg
"Pediatrics, Perinatology and Child Health",20,114,0.5,1.0,49,topic_only/logreg
Pharmacology,76,197,0.5370024044883783,1.0624557,49,topic_only/logreg
Physiology,87,268,0.4726797049236575,0.9605426,49,topic_only/logreg
Plant Science,135,279,0.5,1.0,49,topic_only/logreg
Pollution,26,80,0.5,1.0,49,topic_only/logreg
Polymers and Plastics,26,72,0.5,1.0,49,topic_only/logreg
Psychiatry and Mental health,29,184,0.5,1.0,49,topic_only/logreg
"Public Health, Environmental and Occupational Health",54,327,0.5,1.0,49,topic_only/logreg
Pulmonary and Respiratory Medicine,123,363,0.5,1.0,49,topic_only/logreg
"Radiology, Nuclear Medicine and Imaging",94,204,0.5,1.0,49,topic_only/logreg
Rehabilitation,21,54,0.5,1.0,49,topic_only/logreg
"Renewable Energy, Sustainability and the Environment",53,133,0.5,1.0,49,topic_only/logreg
Reproductive Medicine,20,71,0.5,1.0,49,topic_only/logreg
Rheumatology,35,134,0.5,1.0,49,topic_only/logreg
Signal Processing,42,48,0.5,1.0,49,topic_only/logreg
Social Psychology,33,124,0.5,1.0,49,topic_only/logreg
Sociology and Political Science,69,266,0.5,1.0,49,topic_only/logreg
Strategy and Management,28,66,0.5,1.0,49,topic_only/logreg
Surgery,123,494,0.5,1.0,49,topic_only/logreg
Water Science and Technology,39,92,0.5,1.0,49,topic_only/logreg
Aerospace Engineering,42,168,0.5,1.0,49,topic_only/xgb
Artificial Intelligence,332,299,0.5,1.0,49,topic_only/xgb
"Atomic and Molecular Physics, and Optics",21,123,0.5,1.0,49,topic_only/xgb
Automotive Engineering,24,48,0.5,1.0,49,topic_only/xgb
Biomaterials,38,77,0.5,1.0,49,topic_only/xgb
Biomedical Engineering,136,326,0.5,1.0,49,topic_only/xgb
Building and Construction,52,95,0.5,1.0,49,topic_only/xgb
Cancer Research,492,246,0.5,1.0,49,topic_only/xgb
Cardiology and Cardiovascular Medicine,57,233,0.5,1.0,49,topic_only/xgb
Cell Biology,76,114,0.5,1.0,49,topic_only/xgb
Cellular and Molecular Neuroscience,32,113,0.5,1.0,49,topic_only/xgb
Civil and Structural Engineering,62,240,0.5,1.0,49,topic_only/xgb
Clinical Psychology,28,151,0.5,1.0,49,topic_only/xgb
Cognitive Neuroscience,32,178,0.5,1.0,49,topic_only/xgb
Complementary and alternative medicine,49,66,0.5,1.0,49,topic_only/xgb
Computational Mechanics,29,88,0.5,1.0,49,topic_only/xgb
Computational Theory and Mathematics,43,103,0.5,1.0,49,topic_only/xgb
Computer Graphics and Computer-Aided Design,40,30,0.5,1.0,49,topic_only/xgb
Computer Networks and Communications,144,147,0.5,1.0,49,topic_only/xgb
Computer Vision and Pattern Recognition,175,185,0.5,1.0,49,topic_only/xgb
Control and Systems Engineering,70,166,0.5,1.0,49,topic_only/xgb
Economics and Econometrics,124,203,0.5,1.0,49,topic_only/xgb
Education,101,104,0.5,1.0,49,topic_only/xgb
Electrical and Electronic Engineering,140,415,0.5,1.0,49,topic_only/xgb
"Electronic, Optical and Magnetic Materials",32,86,0.5,1.0,49,topic_only/xgb
"Endocrinology, Diabetes and Metabolism",34,138,0.5,1.0,49,topic_only/xgb
Environmental Engineering,36,76,0.5,1.0,49,topic_only/xgb
Epidemiology,111,411,0.5,1.0,49,topic_only/xgb
Experimental and Cognitive Psychology,27,66,0.5,1.0,49,topic_only/xgb
General Health Professions,26,187,0.5,1.0,49,topic_only/xgb
Genetics,88,279,0.5043580971000325,1.0067782,49,topic_only/xgb
Global and Planetary Change,38,118,0.5,1.0,49,topic_only/xgb
Health Information Management,22,27,0.5,1.0,49,topic_only/xgb
"Health, Toxicology and Mutagenesis",27,89,0.5,1.0,49,topic_only/xgb
Immunology,122,209,0.5,1.0,49,topic_only/xgb
Industrial and Manufacturing Engineering,147,104,0.5813710099424385,1.0726902,49,topic_only/xgb
Infectious Diseases,38,182,0.5,1.0,49,topic_only/xgb
Information Systems,171,159,0.5,1.0,49,topic_only/xgb
Inorganic Chemistry,78,100,0.5,1.0,49,topic_only/xgb
Management Information Systems,28,48,0.5,1.0,49,topic_only/xgb
Management Science and Operations Research,137,112,0.5,1.0,49,topic_only/xgb
"Management, Monitoring, Policy and Law",20,47,0.5,1.0,49,topic_only/xgb
Materials Chemistry,154,409,0.5,1.0,49,topic_only/xgb
Mechanical Engineering,76,295,0.5,1.0,49,topic_only/xgb
Mechanics of Materials,47,208,0.5,1.0,49,topic_only/xgb
Media Technology,34,34,0.5,1.0,49,topic_only/xgb
Molecular Biology,617,1041,0.5,1.0,49,topic_only/xgb
Neurology,91,225,0.6122588522588523,1.2188089,49,topic_only/xgb
Nuclear and High Energy Physics,20,60,0.5,1.0,49,topic_only/xgb
Nutrition and Dietetics,31,82,0.5,1.0,49,topic_only/xgb
Obstetrics and Gynecology,27,69,0.5,1.0,49,topic_only/xgb
Ocean Engineering,24,82,0.5,1.0,49,topic_only/xgb
Oncology,130,358,0.5,1.0,49,topic_only/xgb
Ophthalmology,20,81,0.5,1.0,49,topic_only/xgb
Organic Chemistry,61,175,0.5,1.0,49,topic_only/xgb
Organizational Behavior and Human Resource Management,22,39,0.5,1.0,49,topic_only/xgb
Orthopedics and Sports Medicine,25,65,0.5,1.0,49,topic_only/xgb
Pathology and Forensic Medicine,67,163,0.5,1.0,49,topic_only/xgb
"Pediatrics, Perinatology and Child Health",20,114,0.5,1.0,49,topic_only/xgb
Pharmacology,76,197,0.5370024044883783,1.0624557,49,topic_only/xgb
Physiology,87,268,0.5273202950763424,1.074808,49,topic_only/xgb
Plant Science,135,279,0.5,1.0,49,topic_only/xgb
Pollution,26,80,0.5,1.0,49,topic_only/xgb
Polymers and Plastics,26,72,0.5,1.0,49,topic_only/xgb
Psychiatry and Mental health,29,184,0.5,1.0,49,topic_only/xgb
"Public Health, Environmental and Occupational Health",54,327,0.5,1.0,49,topic_only/xgb
Pulmonary and Respiratory Medicine,123,363,0.5,1.0,49,topic_only/xgb
"Radiology, Nuclear Medicine and Imaging",94,204,0.5,1.0,49,topic_only/xgb
Rehabilitation,21,54,0.5,1.0,49,topic_only/xgb
"Renewable Energy, Sustainability and the Environment",53,133,0.5,1.0,49,topic_only/xgb
Reproductive Medicine,20,71,0.5,1.0,49,topic_only/xgb
Rheumatology,35,134,0.5,1.0,49,topic_only/xgb
Signal Processing,42,48,0.5,1.0,49,topic_only/xgb
Social Psychology,33,124,0.5,1.0,49,topic_only/xgb
Sociology and Political Science,69,266,0.5,1.0,49,topic_only/xgb
Strategy and Management,28,66,0.5,1.0,49,topic_only/xgb
Surgery,123,494,0.5,1.0,49,topic_only/xgb
Water Science and Technology,39,92,0.5,1.0,49,topic_only/xgb
Aerospace Engineering,42,168,0.6756660997732427,1.5868326,49,tabular/central_xgb
Artificial Intelligence,332,299,0.7622496675665874,1.4222641,49,tabular/central_xgb
"Atomic and Molecular Physics, and Optics",21,123,0.6732481610530391,1.8615304,49,tabular/central_xgb
Automotive Engineering,24,48,0.6579861111111112,1.7967519,49,tabular/central_xgb
Biomaterials,38,77,0.5857826384142174,1.5445315,49,tabular/central_xgb
Biomedical Engineering,136,326,0.6369992782389029,1.5536215,49,tabular/central_xgb
Building and Construction,52,95,0.6607287449392713,1.5143504,49,tabular/central_xgb
Cancer Research,492,246,0.6524555489457333,1.1363993,49,tabular/central_xgb
Cardiology and Cardiovascular Medicine,57,233,0.6765303817483623,2.3566449,49,tabular/central_xgb
Cell Biology,76,114,0.7003693444136657,1.4199686,49,tabular/central_xgb
Cellular and Molecular Neuroscience,32,113,0.6794800884955752,1.9860417,49,tabular/central_xgb
Civil and Structural Engineering,62,240,0.5539314516129032,1.46037,49,tabular/central_xgb
Clinical Psychology,28,151,0.6499526963103122,2.5525365,49,tabular/central_xgb
Cognitive Neuroscience,32,178,0.7464887640449438,1.8283544,49,tabular/central_xgb
Complementary and alternative medicine,49,66,0.7167594310451453,1.5564626,49,tabular/central_xgb
Computational Mechanics,29,88,0.5532915360501567,1.3666378,49,tabular/central_xgb
Computational Theory and Mathematics,43,103,0.6123278392413637,1.5356436,49,tabular/central_xgb
Computer Graphics and Computer-Aided Design,40,30,0.6025,1.1271636,49,tabular/central_xgb
Computer Networks and Communications,144,147,0.7063019652305366,1.399015,49,tabular/central_xgb
Computer Vision and Pattern Recognition,175,185,0.6993822393822393,1.3429965,49,tabular/central_xgb
Control and Systems Engineering,70,166,0.6962994836488814,1.81854,49,tabular/central_xgb
Economics and Econometrics,124,203,0.7201851263308438,1.4150529,49,tabular/central_xgb
Education,101,104,0.8945163747143945,1.7926614,49,tabular/central_xgb
Electrical and Electronic Engineering,140,415,0.6684767641996556,1.5666317,49,tabular/central_xgb
"Electronic, Optical and Magnetic Materials",32,86,0.6130087209302326,1.4647199,49,tabular/central_xgb
"Endocrinology, Diabetes and Metabolism",34,138,0.7617220801364024,2.0835662,49,tabular/central_xgb
Environmental Engineering,36,76,0.6891447368421053,1.895604,49,tabular/central_xgb
Epidemiology,111,411,0.7467832796299949,2.2046916,49,tabular/central_xgb
Experimental and Cognitive Psychology,27,66,0.7003367003367003,1.5800376,49,tabular/central_xgb
General Health Professions,26,187,0.7085561497326203,2.175709,49,tabular/central_xgb
Genetics,88,279,0.6096041055718476,1.3481029,49,tabular/central_xgb
Global and Planetary Change,38,118,0.7658340767172168,2.1905437,49,tabular/central_xgb
Health Information Management,22,27,0.8063973063973064,1.6700078,49,tabular/central_xgb
"Health, Toxicology and Mutagenesis",27,89,0.6504369538077402,2.2995837,49,tabular/central_xgb
Immunology,122,209,0.6397364499176406,1.3989913,49,tabular/central_xgb
Industrial and Manufacturing Engineering,147,104,0.7776033490319204,1.4091058,49,tabular/central_xgb
Infectious Diseases,38,182,0.5993348756506651,1.6611849,49,tabular/central_xgb
Information Systems,171,159,0.6933318621501343,1.307749,49,tabular/central_xgb
Inorganic Chemistry,78,100,0.7953205128205127,1.6506099,49,tabular/central_xgb
Management Information Systems,28,48,0.7016369047619047,1.5637316,49,tabular/central_xgb
Management Science and Operations Research,137,112,0.4983706986444213,1.0166363,49,tabular/central_xgb
"Management, Monitoring, Policy and Law",20,47,0.7893617021276595,2.2246072,49,tabular/central_xgb
Materials Chemistry,154,409,0.6287349569745657,1.5795332,49,tabular/central_xgb
Mechanical Engineering,76,295,0.6487511150758251,1.8024707,49,tabular/central_xgb
Mechanics of Materials,47,208,0.5518617021276596,1.2086426,49,tabular/central_xgb
Media Technology,34,34,0.625,1.1870598,49,tabular/central_xgb
Molecular Biology,617,1041,0.6565521869166444,1.3938473,49,tabular/central_xgb
Neurology,91,225,0.7528205128205128,1.9930161,49,tabular/central_xgb
Nuclear and High Energy Physics,20,60,0.7208333333333333,1.6046343,49,tabular/central_xgb
Nutrition and Dietetics,31,82,0.6188040912667192,1.5895876,49,tabular/central_xgb
Obstetrics and Gynecology,27,69,0.6822329575952764,1.7939466,49,tabular/central_xgb
Ocean Engineering,24,82,0.6661585365853658,1.6570071,49,tabular/central_xgb
Oncology,130,358,0.6537172324881821,1.581405,49,tabular/central_xgb
Ophthalmology,20,81,0.6302469135802469,1.7786214,49,tabular/central_xgb
Organic Chemistry,61,175,0.5259953161592507,1.1162924,49,tabular/central_xgb
Organizational Behavior and Human Resource Management,22,39,0.7307692307692308,1.8612583,49,tabular/central_xgb
Orthopedics and Sports Medicine,25,65,0.7243076923076923,1.8998358,49,tabular/central_xgb
Pathology and Forensic Medicine,67,163,0.7103745078289534,1.8155214,49,tabular/central_xgb
"Pediatrics, Perinatology and Child Health",20,114,0.8008771929824562,3.1675873,49,tabular/central_xgb
Pharmacology,76,197,0.7159364146406626,1.7866458,49,tabular/central_xgb
Physiology,87,268,0.693515182707154,1.7809072,49,tabular/central_xgb
Plant Science,135,279,0.7144298420284084,1.7650996,49,tabular/central_xgb
Pollution,26,80,0.6480769230769231,1.8078254,49,tabular/central_xgb
Polymers and Plastics,26,72,0.7371794871794872,1.9886035,49,tabular/central_xgb
Psychiatry and Mental health,29,184,0.6741004497751125,1.8082142,49,tabular/central_xgb
"Public Health, Environmental and Occupational Health",54,327,0.7150866462793068,2.1775494,49,tabular/central_xgb
Pulmonary and Respiratory Medicine,123,363,0.6896235078053259,1.7869018,49,tabular/central_xgb
"Radiology, Nuclear Medicine and Imaging",94,204,0.7350333750521485,1.8047751,49,tabular/central_xgb
Rehabilitation,21,54,0.7636684303350971,1.9497867,49,tabular/central_xgb
"Renewable Energy, Sustainability and the Environment",53,133,0.6398070648318911,1.8723651,49,tabular/central_xgb
Reproductive Medicine,20,71,0.7478873239436619,2.3422732,49,tabular/central_xgb
Rheumatology,35,134,0.7023454157782516,2.3308163,49,tabular/central_xgb
Signal Processing,42,48,0.6359126984126984,1.1731656,49,tabular/central_xgb
Social Psychology,33,124,0.8167155425219941,2.7334397,49,tabular/central_xgb
Sociology and Political Science,69,266,0.8431404598452653,3.063814,49,tabular/central_xgb
Strategy and Management,28,66,0.7435064935064936,1.8501605,49,tabular/central_xgb
Surgery,123,494,0.7087406602810966,2.1925774,49,tabular/central_xgb
Water Science and Technology,39,92,0.6262541806020068,1.6992723,49,tabular/central_xgb
Aerospace Engineering,42,168,0.6642573696145124,1.5195193,49,tabular/central_mlp
Artificial Intelligence,332,299,0.7631260829270258,1.4265289,49,tabular/central_mlp
"Atomic and Molecular Physics, and Optics",21,123,0.6558265582655827,1.6009741,49,tabular/central_mlp
Automotive Engineering,24,48,0.6145833333333333,1.6098992,49,tabular/central_mlp
Biomaterials,38,77,0.6011619958988379,1.4733199,49,tabular/central_mlp
Biomedical Engineering,136,326,0.6459085167809455,1.570569,49,tabular/central_mlp
Building and Construction,52,95,0.6524291497975707,1.4558862,49,tabular/central_mlp
Cancer Research,492,246,0.6429952409280191,1.1518053,49,tabular/central_mlp
Cardiology and Cardiovascular Medicine,57,233,0.6997214065205933,2.2853725,49,tabular/central_mlp
Cell Biology,76,114,0.7094875346260388,1.5978743,49,tabular/central_mlp
Cellular and Molecular Neuroscience,32,113,0.6649612831858407,1.8406464,49,tabular/central_mlp
Civil and Structural Engineering,62,240,0.506888440860215,1.29508,49,tabular/central_mlp
Clinical Psychology,28,151,0.6454588457899716,2.5359998,49,tabular/central_mlp
Cognitive Neuroscience,32,178,0.7182233146067416,1.7106265,49,tabular/central_mlp
Complementary and alternative medicine,49,66,0.7489177489177489,1.6069806,49,tabular/central_mlp
Computational Mechanics,29,88,0.4862852664576802,1.1957405,49,tabular/central_mlp
Computational Theory and Mathematics,43,103,0.5757507337999548,1.3675628,49,tabular/central_mlp
Computer Graphics and Computer-Aided Design,40,30,0.55,1.0721285,49,tabular/central_mlp
Computer Networks and Communications,144,147,0.7093253968253967,1.4091415,49,tabular/central_mlp
Computer Vision and Pattern Recognition,175,185,0.7075675675675677,1.3452086,49,tabular/central_mlp
Control and Systems Engineering,70,166,0.6950086058519793,1.746916,49,tabular/central_mlp
Economics and Econometrics,124,203,0.7412402669632926,1.455485,49,tabular/central_mlp
Education,101,104,0.8867098248286367,1.7693706,49,tabular/central_mlp
Electrical and Electronic Engineering,140,415,0.6446127366609296,1.554948,49,tabular/central_mlp
"Electronic, Optical and Magnetic Materials",32,86,0.6538880813953489,1.6024618,49,tabular/central_mlp
"Endocrinology, Diabetes and Metabolism",34,138,0.761615515771526,2.115416,49,tabular/central_mlp
Environmental Engineering,36,76,0.7103435672514621,1.9483079,49,tabular/central_mlp
Epidemiology,111,411,0.7372043576423138,2.2757244,49,tabular/central_mlp
Experimental and Cognitive Psychology,27,66,0.6748035914702581,1.6033272,49,tabular/central_mlp
General Health Professions,26,187,0.6902509255450432,2.293156,49,tabular/central_mlp
Genetics,88,279,0.6456704138155751,1.5275482,49,tabular/central_mlp
Global and Planetary Change,38,118,0.758028545941124,2.2689157,49,tabular/central_mlp
Health Information Management,22,27,0.8114478114478114,1.7648312,49,tabular/central_mlp
"Health, Toxicology and Mutagenesis",27,89,0.6972534332084894,2.4204595,49,tabular/central_mlp
Immunology,122,209,0.6226762883363401,1.3723583,49,tabular/central_mlp
Industrial and Manufacturing Engineering,147,104,0.7857796964939822,1.4355091,49,tabular/central_mlp
Infectious Diseases,38,182,0.571283979178716,1.4138536,49,tabular/central_mlp
Information Systems,171,159,0.6939938945897237,1.3729857,49,tabular/central_mlp
Inorganic Chemistry,78,100,0.6846153846153847,1.588092,49,tabular/central_mlp
Management Information Systems,28,48,0.6919642857142857,1.501976,49,tabular/central_mlp
Management Science and Operations Research,137,112,0.5209202294056309,1.0461919,49,tabular/central_mlp
"Management, Monitoring, Policy and Law",20,47,0.8361702127659575,2.4186301,49,tabular/central_mlp
Materials Chemistry,154,409,0.5830978312640904,1.3216349,49,tabular/central_mlp
Mechanical Engineering,76,295,0.6106378233719892,1.6707134,49,tabular/central_mlp
Mechanics of Materials,47,208,0.5071603927986906,1.0350899,49,tabular/central_mlp
Media Technology,34,34,0.666522491349481,1.2553016,49,tabular/central_mlp
Molecular Biology,617,1041,0.64394509082247,1.3634559,49,tabular/central_mlp
Neurology,91,225,0.7420757020757021,1.8718678,49,tabular/central_mlp
Nuclear and High Energy Physics,20,60,0.725,1.5532864,49,tabular/central_mlp
Nutrition and Dietetics,31,82,0.621951219512195,1.5905958,49,tabular/central_mlp
Obstetrics and Gynecology,27,69,0.6210413311862587,1.6354136,49,tabular/central_mlp
Ocean Engineering,24,82,0.7388211382113822,2.1163683,49,tabular/central_mlp
Oncology,130,358,0.665427589170606,1.6405373,49,tabular/central_mlp
Ophthalmology,20,81,0.7006172839506173,1.8533424,49,tabular/central_mlp
Organic Chemistry,61,175,0.4680093676814988,1.0529362,49,tabular/central_mlp
Organizational Behavior and Human Resource Management,22,39,0.677156177156177,1.7861933,49,tabular/central_mlp
Orthopedics and Sports Medicine,25,65,0.7150769230769232,2.001628,49,tabular/central_mlp
Pathology and Forensic Medicine,67,163,0.71985166193572,1.9494929,49,tabular/central_mlp
"Pediatrics, Perinatology and Child Health",20,114,0.8081140350877193,3.223457,49,tabular/central_mlp
Pharmacology,76,197,0.687282928132514,1.7082427,49,tabular/central_mlp
Physiology,87,268,0.694480185280494,1.8457509,49,tabular/central_mlp
Plant Science,135,279,0.6412053630691623,1.59823,49,tabular/central_mlp
Pollution,26,80,0.6653846153846155,1.7081194,49,tabular/central_mlp
Polymers and Plastics,26,72,0.7449252136752137,1.9604733,49,tabular/central_mlp
Psychiatry and Mental health,29,184,0.7183283358320839,1.9911731,49,tabular/central_mlp
"Public Health, Environmental and Occupational Health",54,327,0.7207498017895573,2.5753906,49,tabular/central_mlp
Pulmonary and Respiratory Medicine,123,363,0.6979551613697955,1.8429822,49,tabular/central_mlp
"Radiology, Nuclear Medicine and Imaging",94,204,0.7424906132665832,1.8562987,49,tabular/central_mlp
Rehabilitation,21,54,0.7372134038800706,1.8293004,49,tabular/central_mlp
"Renewable Energy, Sustainability and the Environment",53,133,0.6331394524045963,1.6696881,49,tabular/central_mlp
Reproductive Medicine,20,71,0.7640845070422535,2.7257118,49,tabular/central_mlp
Rheumatology,35,134,0.6842217484008528,2.0973558,49,tabular/central_mlp
Signal Processing,42,48,0.6607142857142856,1.1702466,49,tabular/central_mlp
Social Psychology,33,124,0.7939882697947214,2.7708702,49,tabular/central_mlp
Sociology and Political Science,69,266,0.8213468453743054,2.9004102,49,tabular/central_mlp
Strategy and Management,28,66,0.7445887445887446,1.8167468,49,tabular/central_mlp
Surgery,123,494,0.7164839867022152,2.1972861,49,tabular/central_mlp
Water Science and Technology,39,92,0.6641583054626533,1.7558818,49,tabular/central_mlp
Aerospace Engineering,42,168,0.6679421768707484,1.7856948,49,tabular/fl_fedavg
Artificial Intelligence,332,299,0.7571322077608091,1.4240601,49,tabular/fl_fedavg
"Atomic and Molecular Physics, and Optics",21,123,0.6403406891211769,1.5938296,49,tabular/fl_fedavg
Automotive Engineering,24,48,0.6953125,1.6642683,49,tabular/fl_fedavg
Biomaterials,38,77,0.5758714969241285,1.242427,49,tabular/fl_fedavg
Biomedical Engineering,136,326,0.6120308552869,1.4420031,49,tabular/fl_fedavg
Building and Construction,52,95,0.6572874493927126,1.5438178,49,tabular/fl_fedavg
Cancer Research,492,246,0.6009898208738185,1.1067684,49,tabular/fl_fedavg
Cardiology and Cardiovascular Medicine,57,233,0.6373767035614789,1.51717,49,tabular/fl_fedavg
Cell Biology,76,114,0.6711680517082178,1.3453844,49,tabular/fl_fedavg
Cellular and Molecular Neuroscience,32,113,0.5998340707964602,1.3696264,49,tabular/fl_fedavg
Civil and Structural Engineering,62,240,0.5842405913978495,1.3777804,49,tabular/fl_fedavg
Clinical Psychology,28,151,0.6270104068117314,2.3070536,49,tabular/fl_fedavg
Cognitive Neuroscience,32,178,0.7229634831460674,1.7585444,49,tabular/fl_fedavg
Complementary and alternative medicine,49,66,0.7309833024118738,1.5972058,49,tabular/fl_fedavg
Computational Mechanics,29,88,0.5493730407523512,1.4035838,49,tabular/fl_fedavg
Computational Theory and Mathematics,43,103,0.6211334386994807,1.4061537,49,tabular/fl_fedavg
Computer Graphics and Computer-Aided Design,40,30,0.5366666666666666,1.0148574,49,tabular/fl_fedavg
Computer Networks and Communications,144,147,0.7285052910052912,1.4052118,49,tabular/fl_fedavg
Computer Vision and Pattern Recognition,175,185,0.7192741312741312,1.3773535,49,tabular/fl_fedavg
Control and Systems Engineering,70,166,0.6637693631669536,1.8082024,49,tabular/fl_fedavg
Economics and Econometrics,124,203,0.6797036389639282,1.3060304,49,tabular/fl_fedavg
Education,101,104,0.8539603960396039,1.701688,49,tabular/fl_fedavg
Electrical and Electronic Engineering,140,415,0.672091222030981,1.6942729,49,tabular/fl_fedavg
"Electronic, Optical and Magnetic Materials",32,86,0.5788517441860465,1.3218361,49,tabular/fl_fedavg
"Endocrinology, Diabetes and Metabolism",34,138,0.7218670076726342,1.9259919,49,tabular/fl_fedavg
Environmental Engineering,36,76,0.6875,1.7673137,49,tabular/fl_fedavg
Epidemiology,111,411,0.6874027311983517,1.8476946,49,tabular/fl_fedavg
Experimental and Cognitive Psychology,27,66,0.6672278338945006,1.7135488,49,tabular/fl_fedavg
General Health Professions,26,187,0.7176059234882765,2.2155223,49,tabular/fl_fedavg
Genetics,88,279,0.6016210492016943,1.3525342,49,tabular/fl_fedavg
Global and Planetary Change,38,118,0.7272524531668154,2.250985,49,tabular/fl_fedavg
Health Information Management,22,27,0.8232323232323232,1.6693723,49,tabular/fl_fedavg
"Health, Toxicology and Mutagenesis",27,89,0.6658343736995422,2.0781043,49,tabular/fl_fedavg
Immunology,122,209,0.6104792532747667,1.2552956,49,tabular/fl_fedavg
Industrial and Manufacturing Engineering,147,104,0.7446363160648876,1.3860307,49,tabular/fl_fedavg
Infectious Diseases,38,182,0.6080104106419896,1.4744289,49,tabular/fl_fedavg
Information Systems,171,159,0.6807900253779102,1.3389933,49,tabular/fl_fedavg
Inorganic Chemistry,78,100,0.5712179487179487,1.3780817,49,tabular/fl_fedavg
Management Information Systems,28,48,0.6205357142857143,1.3956717,49,tabular/fl_fedavg
Management Science and Operations Research,137,112,0.4766684045881126,1.0068877,49,tabular/fl_fedavg
"Management, Monitoring, Policy and Law",20,47,0.8148936170212766,2.483114,49,tabular/fl_fedavg
Materials Chemistry,154,409,0.6007684247293049,1.366229,49,tabular/fl_fedavg
Mechanical Engineering,76,295,0.6105263157894736,1.5754597,49,tabular/fl_fedavg
Mechanics of Materials,47,208,0.6038256955810147,1.5089698,49,tabular/fl_fedavg
Media Technology,34,34,0.6327854671280276,1.1805574,49,tabular/fl_fedavg
Molecular Biology,617,1041,0.6259806600373348,1.3006074,49,tabular/fl_fedavg
Neurology,91,225,0.7036874236874238,1.6522901,49,tabular/fl_fedavg
Nuclear and High Energy Physics,20,60,0.7274999999999999,1.8102425,49,tabular/fl_fedavg
Nutrition and Dietetics,31,82,0.623524783634933,1.506117,49,tabular/fl_fedavg
Obstetrics and Gynecology,27,69,0.6537842190016103,1.6098678,49,tabular/fl_fedavg
Ocean Engineering,24,82,0.7078252032520326,1.89584,49,tabular/fl_fedavg
Oncology,130,358,0.6423721529866782,1.3884053,49,tabular/fl_fedavg
Ophthalmology,20,81,0.6950617283950618,2.021614,49,tabular/fl_fedavg
Organic Chemistry,61,175,0.40252927400468386,0.89645225,49,tabular/fl_fedavg
Organizational Behavior and Human Resource Management,22,39,0.7284382284382285,1.8726394,49,tabular/fl_fedavg
Orthopedics and Sports Medicine,25,65,0.6824615384615385,1.8275281,49,tabular/fl_fedavg
Pathology and Forensic Medicine,67,163,0.6591887189817781,1.4654692,49,tabular/fl_fedavg
"Pediatrics, Perinatology and Child Health",20,114,0.763157894736842,2.4767904,49,tabular/fl_fedavg
Pharmacology,76,197,0.6629040876302431,1.40301,49,tabular/fl_fedavg
Physiology,87,268,0.6482243952650539,1.4422845,49,tabular/fl_fedavg
Plant Science,135,279,0.6380990309305722,1.6098132,49,tabular/fl_fedavg
Pollution,26,80,0.5466346153846153,1.2945017,49,tabular/fl_fedavg
Polymers and Plastics,26,72,0.6773504273504274,1.5770981,49,tabular/fl_fedavg
Psychiatry and Mental health,29,184,0.6995877061469264,2.1201723,49,tabular/fl_fedavg
"Public Health, Environmental and Occupational Health",54,327,0.6598142484992638,1.785128,49,tabular/fl_fedavg
Pulmonary and Respiratory Medicine,123,363,0.6460615019373335,1.5586728,49,tabular/fl_fedavg
"Radiology, Nuclear Medicine and Imaging",94,204,0.6877346683354192,1.6879587,49,tabular/fl_fedavg
Rehabilitation,21,54,0.7319223985890653,1.6437529,49,tabular/fl_fedavg
"Renewable Energy, Sustainability and the Environment",53,133,0.6312952191800256,1.5651497,49,tabular/fl_fedavg
Reproductive Medicine,20,71,0.6746478873239437,2.315048,49,tabular/fl_fedavg
Rheumatology,35,134,0.6113006396588486,1.3595905,49,tabular/fl_fedavg
Signal Processing,42,48,0.6577380952380952,1.1676055,49,tabular/fl_fedavg
Social Psychology,33,124,0.8257575757575757,2.9108393,49,tabular/fl_fedavg
Sociology and Political Science,69,266,0.8082706766917295,2.7277849,49,tabular/fl_fedavg
Strategy and Management,28,66,0.7012987012987013,1.5260673,49,tabular/fl_fedavg
Surgery,123,494,0.6617787432935058,1.707717,49,tabular/fl_fedavg
Water Science and Technology,39,92,0.6321070234113713,1.5508906,49,tabular/fl_fedavg
Accounting,23,41,0.5,1.0,50,topic_only/logreg
Aerospace Engineering,37,170,0.5,1.0,50,topic_only/logreg
Artificial Intelligence,318,315,0.5,1.0,50,topic_only/logreg
Atmospheric Science,21,67,0.5,1.0,50,topic_only/logreg
Automotive Engineering,26,55,0.5,1.0,50,topic_only/logreg
Biomaterials,34,82,0.5,1.0,50,topic_only/logreg
Biomedical Engineering,125,336,0.5,1.0,50,topic_only/logreg
Building and Construction,41,97,0.5,1.0,50,topic_only/logreg
Business and International Management,49,26,0.5,1.0,50,topic_only/logreg
Cancer Research,469,277,0.5,1.0,50,topic_only/logreg
Cardiology and Cardiovascular Medicine,93,248,0.5,1.0,50,topic_only/logreg
Cell Biology,71,122,0.5,1.0,50,topic_only/logreg
Cellular and Molecular Neuroscience,31,112,0.5,1.0,50,topic_only/logreg
Civil and Structural Engineering,66,232,0.5,1.0,50,topic_only/logreg
Clinical Psychology,38,161,0.5,1.0,50,topic_only/logreg
Cognitive Neuroscience,39,204,0.5,1.0,50,topic_only/logreg
Complementary and alternative medicine,53,80,0.5,1.0,50,topic_only/logreg
Computational Mechanics,30,94,0.5,1.0,50,topic_only/logreg
Computational Theory and Mathematics,39,109,0.5,1.0,50,topic_only/logreg
Computer Graphics and Computer-Aided Design,46,24,0.5,1.0,50,topic_only/logreg
Computer Networks and Communications,155,131,0.5,1.0,50,topic_only/logreg
Computer Vision and Pattern Recognition,151,193,0.5,1.0,50,topic_only/logreg
Control and Systems Engineering,73,175,0.5,1.0,50,topic_only/logreg
Ecology,22,134,0.5,1.0,50,topic_only/logreg
Economics and Econometrics,150,195,0.5,1.0,50,topic_only/logreg
Education,86,102,0.5,1.0,50,topic_only/logreg
Electrical and Electronic Engineering,163,403,0.5,1.0,50,topic_only/logreg
"Electronic, Optical and Magnetic Materials",42,86,0.5,1.0,50,topic_only/logreg
"Endocrinology, Diabetes and Metabolism",37,137,0.5,1.0,50,topic_only/logreg
Environmental Engineering,26,76,0.5,1.0,50,topic_only/logreg
Epidemiology,113,371,0.5,1.0,50,topic_only/logreg
Food Science,22,80,0.5,1.0,50,topic_only/logreg
Genetics,66,277,0.4889235313423038,0.98256713,50,topic_only/logreg
Global and Planetary Change,37,123,0.5,1.0,50,topic_only/logreg
Health Information Management,33,27,0.5,1.0,50,topic_only/logreg
"Health, Toxicology and Mutagenesis",28,100,0.5,1.0,50,topic_only/logreg
Hematology,20,67,0.5,1.0,50,topic_only/logreg
Human-Computer Interaction,24,27,0.5,1.0,50,topic_only/logreg
Immunology,100,232,0.5,1.0,50,topic_only/logreg
Industrial and Manufacturing Engineering,128,112,0.5803571428571429,1.0815217,50,topic_only/logreg
Infectious Diseases,29,186,0.5,1.0,50,topic_only/logreg
Information Systems,162,141,0.5,1.0,50,topic_only/logreg
Inorganic Chemistry,63,104,0.5,1.0,50,topic_only/logreg
Management Information Systems,25,48,0.5,1.0,50,topic_only/logreg
Management Science and Operations Research,150,118,0.5,1.0,50,topic_only/logreg
Management of Technology and Innovation,21,34,0.5,1.0,50,topic_only/logreg
"Management, Monitoring, Policy and Law",26,56,0.5,1.0,50,topic_only/logreg
Materials Chemistry,136,393,0.5,1.0,50,topic_only/logreg
Mechanical Engineering,79,299,0.5,1.0,50,topic_only/logreg
Mechanics of Materials,33,201,0.5,1.0,50,topic_only/logreg
Media Technology,29,32,0.5,1.0,50,topic_only/logreg
Molecular Biology,661,1050,0.5,1.0,50,topic_only/logreg
Nephrology,29,74,0.5,1.0,50,topic_only/logreg
Neurology,102,231,0.604087089381207,1.1947306,50,topic_only/logreg
Nuclear and High Energy Physics,24,62,0.5,1.0,50,topic_only/logreg
Nutrition and Dietetics,23,71,0.5,1.0,50,topic_only/logreg
Obstetrics and Gynecology,33,56,0.5,1.0,50,topic_only/logreg
Ocean Engineering,24,74,0.5,1.0,50,topic_only/logreg
Oncology,137,304,0.5,1.0,50,topic_only/logreg
Organic Chemistry,59,176,0.5,1.0,50,topic_only/logreg
Organizational Behavior and Human Resource Management,20,56,0.5,1.0,50,topic_only/logreg
Orthopedics and Sports Medicine,35,62,0.5,1.0,50,topic_only/logreg
Pathology and Forensic Medicine,67,150,0.5,1.0,50,topic_only/logreg
"Pediatrics, Perinatology and Child Health",20,95,0.5,1.0,50,topic_only/logreg
Pharmacology,60,191,0.6410122164048864,1.3591111,50,topic_only/logreg
Physiology,73,257,0.5207078513938489,1.048602,50,topic_only/logreg
Plant Science,128,329,0.5,1.0,50,topic_only/logreg
Psychiatry and Mental health,24,189,0.5,1.0,50,topic_only/logreg
"Public Health, Environmental and Occupational Health",58,301,0.5,1.0,50,topic_only/logreg
Pulmonary and Respiratory Medicine,121,372,0.5,1.0,50,topic_only/logreg
"Radiology, Nuclear Medicine and Imaging",98,222,0.5,1.0,50,topic_only/logreg
"Renewable Energy, Sustainability and the Environment",54,144,0.5,1.0,50,topic_only/logreg
Reproductive Medicine,21,60,0.5,1.0,50,topic_only/logreg
Rheumatology,38,126,0.5,1.0,50,topic_only/logreg
Signal Processing,51,38,0.5,1.0,50,topic_only/logreg
Social Psychology,42,125,0.5,1.0,50,topic_only/logreg
Sociology and Political Science,80,304,0.5,1.0,50,topic_only/logreg
Strategy and Management,23,63,0.5,1.0,50,topic_only/logreg
Surgery,112,450,0.5,1.0,50,topic_only/logreg
Water Science and Technology,37,80,0.5,1.0,50,topic_only/logreg
Accounting,23,41,0.5,1.0,50,topic_only/xgb
Aerospace Engineering,37,170,0.5,1.0,50,topic_only/xgb
Artificial Intelligence,318,315,0.5,1.0,50,topic_only/xgb
Atmospheric Science,21,67,0.5,1.0,50,topic_only/xgb
Automotive Engineering,26,55,0.5,1.0,50,topic_only/xgb
Biomaterials,34,82,0.5,1.0,50,topic_only/xgb
Biomedical Engineering,125,336,0.5,1.0,50,topic_only/xgb
Building and Construction,41,97,0.5,1.0,50,topic_only/xgb
Business and International Management,49,26,0.5,1.0,50,topic_only/xgb
Cancer Research,469,277,0.5,1.0,50,topic_only/xgb
Cardiology and Cardiovascular Medicine,93,248,0.5,1.0,50,topic_only/xgb
Cell Biology,71,122,0.5,1.0,50,topic_only/xgb
Cellular and Molecular Neuroscience,31,112,0.5,1.0,50,topic_only/xgb
Civil and Structural Engineering,66,232,0.5,1.0,50,topic_only/xgb
Clinical Psychology,38,161,0.5,1.0,50,topic_only/xgb
Cognitive Neuroscience,39,204,0.5,1.0,50,topic_only/xgb
Complementary and alternative medicine,53,80,0.5,1.0,50,topic_only/xgb
Computational Mechanics,30,94,0.5,1.0,50,topic_only/xgb
Computational Theory and Mathematics,39,109,0.5,1.0,50,topic_only/xgb
Computer Graphics and Computer-Aided Design,46,24,0.5,1.0,50,topic_only/xgb
Computer Networks and Communications,155,131,0.5,1.0,50,topic_only/xgb
Computer Vision and Pattern Recognition,151,193,0.5,1.0,50,topic_only/xgb
Control and Systems Engineering,73,175,0.5,1.0,50,topic_only/xgb
Ecology,22,134,0.5,1.0,50,topic_only/xgb
Economics and Econometrics,150,195,0.5,1.0,50,topic_only/xgb
Education,86,102,0.5,1.0,50,topic_only/xgb
Electrical and Electronic Engineering,163,403,0.5,1.0,50,topic_only/xgb
"Electronic, Optical and Magnetic Materials",42,86,0.5,1.0,50,topic_only/xgb
"Endocrinology, Diabetes and Metabolism",37,137,0.5,1.0,50,topic_only/xgb
Environmental Engineering,26,76,0.5,1.0,50,topic_only/xgb
Epidemiology,113,371,0.5,1.0,50,topic_only/xgb
Food Science,22,80,0.5,1.0,50,topic_only/xgb
Genetics,66,277,0.4889235313423038,0.98256713,50,topic_only/xgb
Global and Planetary Change,37,123,0.5,1.0,50,topic_only/xgb
Health Information Management,33,27,0.5,1.0,50,topic_only/xgb
"Health, Toxicology and Mutagenesis",28,100,0.5,1.0,50,topic_only/xgb
Hematology,20,67,0.5,1.0,50,topic_only/xgb
Human-Computer Interaction,24,27,0.5,1.0,50,topic_only/xgb
Immunology,100,232,0.5,1.0,50,topic_only/xgb
Industrial and Manufacturing Engineering,128,112,0.5803571428571429,1.0815217,50,topic_only/xgb
Infectious Diseases,29,186,0.5,1.0,50,topic_only/xgb
Information Systems,162,141,0.5,1.0,50,topic_only/xgb
Inorganic Chemistry,63,104,0.5,1.0,50,topic_only/xgb
Management Information Systems,25,48,0.5,1.0,50,topic_only/xgb
Management Science and Operations Research,150,118,0.5,1.0,50,topic_only/xgb
Management of Technology and Innovation,21,34,0.5,1.0,50,topic_only/xgb
"Management, Monitoring, Policy and Law",26,56,0.5,1.0,50,topic_only/xgb
Materials Chemistry,136,393,0.5,1.0,50,topic_only/xgb
Mechanical Engineering,79,299,0.5,1.0,50,topic_only/xgb
Mechanics of Materials,33,201,0.5,1.0,50,topic_only/xgb
Media Technology,29,32,0.5,1.0,50,topic_only/xgb
Molecular Biology,661,1050,0.5,1.0,50,topic_only/xgb
Nephrology,29,74,0.5,1.0,50,topic_only/xgb
Neurology,102,231,0.604087089381207,1.1947306,50,topic_only/xgb
Nuclear and High Energy Physics,24,62,0.5,1.0,50,topic_only/xgb
Nutrition and Dietetics,23,71,0.5,1.0,50,topic_only/xgb
Obstetrics and Gynecology,33,56,0.5,1.0,50,topic_only/xgb
Ocean Engineering,24,74,0.5,1.0,50,topic_only/xgb
Oncology,137,304,0.5,1.0,50,topic_only/xgb
Organic Chemistry,59,176,0.5,1.0,50,topic_only/xgb
Organizational Behavior and Human Resource Management,20,56,0.5,1.0,50,topic_only/xgb
Orthopedics and Sports Medicine,35,62,0.5,1.0,50,topic_only/xgb
Pathology and Forensic Medicine,67,150,0.5,1.0,50,topic_only/xgb
"Pediatrics, Perinatology and Child Health",20,95,0.5,1.0,50,topic_only/xgb
Pharmacology,60,191,0.6410122164048864,1.3591111,50,topic_only/xgb
Physiology,73,257,0.5207078513938489,1.048602,50,topic_only/xgb
Plant Science,128,329,0.5,1.0,50,topic_only/xgb
Psychiatry and Mental health,24,189,0.5,1.0,50,topic_only/xgb
"Public Health, Environmental and Occupational Health",58,301,0.5,1.0,50,topic_only/xgb
Pulmonary and Respiratory Medicine,121,372,0.5,1.0,50,topic_only/xgb
"Radiology, Nuclear Medicine and Imaging",98,222,0.5,1.0,50,topic_only/xgb
"Renewable Energy, Sustainability and the Environment",54,144,0.5,1.0,50,topic_only/xgb
Reproductive Medicine,21,60,0.5,1.0,50,topic_only/xgb
Rheumatology,38,126,0.5,1.0,50,topic_only/xgb
Signal Processing,51,38,0.5,1.0,50,topic_only/xgb
Social Psychology,42,125,0.5,1.0,50,topic_only/xgb
Sociology and Political Science,80,304,0.5,1.0,50,topic_only/xgb
Strategy and Management,23,63,0.5,1.0,50,topic_only/xgb
Surgery,112,450,0.5,1.0,50,topic_only/xgb
Water Science and Technology,37,80,0.5,1.0,50,topic_only/xgb
Accounting,23,41,0.6882290562036055,1.4331912,50,tabular/central_xgb
Aerospace Engineering,37,170,0.6536565977742449,1.5908896,50,tabular/central_xgb
Artificial Intelligence,318,315,0.762388938804033,1.4186004,50,tabular/central_xgb
Atmospheric Science,21,67,0.6794598436389482,1.6323739,50,tabular/central_xgb
Automotive Engineering,26,55,0.7531468531468531,2.2256668,50,tabular/central_xgb
Biomaterials,34,82,0.5265423242467719,1.1781828,50,tabular/central_xgb
Biomedical Engineering,125,336,0.7125833333333333,1.8449349,50,tabular/central_xgb
Building and Construction,41,97,0.7525773195876289,1.7648003,50,tabular/central_xgb
Business and International Management,49,26,0.5510204081632653,1.0587795,50,tabular/central_xgb
Cancer Research,469,277,0.7046331006134876,1.229891,50,tabular/central_xgb
Cardiology and Cardiovascular Medicine,93,248,0.6537460978147762,1.5730872,50,tabular/central_xgb
Cell Biology,71,122,0.5678827060725005,1.1329613,50,tabular/central_xgb
Cellular and Molecular Neuroscience,31,112,0.668778801843318,1.9461111,50,tabular/central_xgb
Civil and Structural Engineering,66,232,0.5750391849529781,1.5496616,50,tabular/central_xgb
Clinical Psychology,38,161,0.6614906832298137,2.3571386,50,tabular/central_xgb
Cognitive Neuroscience,39,204,0.7134238310708899,2.2865605,50,tabular/central_xgb
Complementary and alternative medicine,53,80,0.739622641509434,1.6923248,50,tabular/central_xgb
Computational Mechanics,30,94,0.6423758865248227,1.7996806,50,tabular/central_xgb
Computational Theory and Mathematics,39,109,0.5628087508821452,1.3753592,50,tabular/central_xgb
Computer Graphics and Computer-Aided Design,46,24,0.5072463768115942,1.0765458,50,tabular/central_xgb
Computer Networks and Communications,155,131,0.7040137897069687,1.3576611,50,tabular/central_xgb
Computer Vision and Pattern Recognition,151,193,0.7196925505267131,1.3934369,50,tabular/central_xgb
Control and Systems Engineering,73,175,0.6487279843444228,1.6991757,50,tabular/central_xgb
Ecology,22,134,0.7774762550881954,3.355847,50,tabular/central_xgb
Economics and Econometrics,150,195,0.752017094017094,1.5155498,50,tabular/central_xgb
Education,86,102,0.8889648882808938,1.8850448,50,tabular/central_xgb
Electrical and Electronic Engineering,163,403,0.6914399671177823,1.6611419,50,tabular/central_xgb
"Electronic, Optical and Magnetic Materials",42,86,0.6148947951273532,1.3298376,50,tabular/central_xgb
"Endocrinology, Diabetes and Metabolism",37,137,0.6715328467153284,1.6350534,50,tabular/central_xgb
Environmental Engineering,26,76,0.673836032388664,1.7560245,50,tabular/central_xgb
Epidemiology,113,371,0.6529112897454857,1.7426335,50,tabular/central_xgb
Food Science,22,80,0.6230113636363637,2.1780968,50,tabular/central_xgb
Genetics,66,277,0.6423257849250629,1.6607611,50,tabular/central_xgb
Global and Planetary Change,37,123,0.8226763348714567,2.8739517,50,tabular/central_xgb
Health Information Management,33,27,0.7014590347923682,1.3812515,50,tabular/central_xgb
"Health, Toxicology and Mutagenesis",28,100,0.8067857142857143,2.8507698,50,tabular/central_xgb
Hematology,20,67,0.682089552238806,1.9685516,50,tabular/central_xgb
Human-Computer Interaction,24,27,0.6774691358024691,1.3537084,50,tabular/central_xgb
Immunology,100,232,0.5810775862068966,1.1451737,50,tabular/central_xgb
Industrial and Manufacturing Engineering,128,112,0.8151157924107143,1.5269985,50,tabular/central_xgb
Infectious Diseases,29,186,0.5787912495365221,1.2687483,50,tabular/central_xgb
Information Systems,162,141,0.6934156378600822,1.2628695,50,tabular/central_xgb
Inorganic Chemistry,63,104,0.7944139194139195,1.8219616,50,tabular/central_xgb
Management Information Systems,25,48,0.715,1.5089936,50,tabular/central_xgb
Management Science and Operations Research,150,118,0.5023163841807909,1.0420097,50,tabular/central_xgb
Management of Technology and Innovation,21,34,0.7997198879551821,1.7744977,50,tabular/central_xgb
"Management, Monitoring, Policy and Law",26,56,0.7918956043956044,2.2743106,50,tabular/central_xgb
Materials Chemistry,136,393,0.6385365214788207,1.5595272,50,tabular/central_xgb
Mechanical Engineering,79,299,0.6057956902756022,1.9611064,50,tabular/central_xgb
Mechanics of Materials,33,201,0.5954319312528268,1.7697942,50,tabular/central_xgb
Media Technology,29,32,0.6842672413793104,1.381582,50,tabular/central_xgb
Molecular Biology,661,1050,0.6664426194078236,1.447362,50,tabular/central_xgb
Nephrology,29,74,0.5848089468779124,1.3166231,50,tabular/central_xgb
Neurology,102,231,0.7328749681690857,1.7900175,50,tabular/central_xgb
Nuclear and High Energy Physics,24,62,0.6948924731182795,1.4964205,50,tabular/central_xgb
Nutrition and Dietetics,23,71,0.7091243110838947,1.9004158,50,tabular/central_xgb
Obstetrics and Gynecology,33,56,0.6233766233766234,1.5035272,50,tabular/central_xgb
Ocean Engineering,24,74,0.5979729729729729,1.5579118,50,tabular/central_xgb
Oncology,137,304,0.6459854014598541,1.425648,50,tabular/central_xgb
Organic Chemistry,59,176,0.584264252696456,1.2811886,50,tabular/central_xgb
Organizational Behavior and Human Resource Management,20,56,0.7580357142857143,2.0337658,50,tabular/central_xgb
Orthopedics and Sports Medicine,35,62,0.7788018433179723,1.9660438,50,tabular/central_xgb
Pathology and Forensic Medicine,67,150,0.7840796019900499,2.0469208,50,tabular/central_xgb
"Pediatrics, Perinatology and Child Health",20,95,0.7252631578947368,2.7966402,50,tabular/central_xgb
Pharmacology,60,191,0.7455497382198952,1.8068358,50,tabular/central_xgb
Physiology,73,257,0.6895687863120304,1.7145032,50,tabular/central_xgb
Plant Science,128,329,0.6856477963525835,1.7513578,50,tabular/central_xgb
Psychiatry and Mental health,24,189,0.7237654320987654,2.210088,50,tabular/central_xgb
"Public Health, Environmental and Occupational Health",58,301,0.7496276778554244,2.7811136,50,tabular/central_xgb
Pulmonary and Respiratory Medicine,121,372,0.700079978672354,1.7897457,50,tabular/central_xgb
"Radiology, Nuclear Medicine and Imaging",98,222,0.6980603052031623,1.5922662,50,tabular/central_xgb
"Renewable Energy, Sustainability and the Environment",54,144,0.6609439300411523,1.8368919,50,tabular/central_xgb
Reproductive Medicine,21,60,0.6932539682539682,1.9806589,50,tabular/central_xgb
Rheumatology,38,126,0.8038847117794486,2.5957737,50,tabular/central_xgb
Signal Processing,51,38,0.6212590299277605,1.1186781,50,tabular/central_xgb
Social Psychology,42,125,0.7365714285714287,2.2066445,50,tabular/central_xgb
Sociology and Political Science,80,304,0.7909333881578947,2.6146004,50,tabular/central_xgb
Strategy and Management,23,63,0.6687370600414079,1.4519694,50,tabular/central_xgb
Surgery,112,450,0.7650595238095238,2.2521942,50,tabular/central_xgb
Water Science and Technology,37,80,0.654054054054054,1.4588442,50,tabular/central_xgb
Accounting,23,41,0.645811240721103,1.3524892,50,tabular/central_mlp
Aerospace Engineering,37,170,0.6782193958664546,1.7002316,50,tabular/central_mlp
Artificial Intelligence,318,315,0.7700559049615652,1.4695836,50,tabular/central_mlp
Atmospheric Science,21,67,0.6698649609097371,1.6152352,50,tabular/central_mlp
Automotive Engineering,26,55,0.7566433566433567,2.1704755,50,tabular/central_mlp
Biomaterials,34,82,0.5326398852223817,1.2717052,50,tabular/central_mlp
Biomedical Engineering,125,336,0.6817619047619048,1.6837628,50,tabular/central_mlp
Building and Construction,41,97,0.7319587628865979,1.789394,50,tabular/central_mlp
Business and International Management,49,26,0.5784929356357928,1.1417962,50,tabular/central_mlp
Cancer Research,469,277,0.6979940421666808,1.2221433,50,tabular/central_mlp
Cardiology and Cardiovascular Medicine,93,248,0.6666666666666667,1.7141972,50,tabular/central_mlp
Cell Biology,71,122,0.5885476795197414,1.2217584,50,tabular/central_mlp
Cellular and Molecular Neuroscience,31,112,0.6536578341013825,1.7281599,50,tabular/central_mlp
Civil and Structural Engineering,66,232,0.5966562173458725,1.4908327,50,tabular/central_mlp
Clinical Psychology,38,161,0.6216083687479569,2.2313313,50,tabular/central_mlp
Cognitive Neuroscience,39,204,0.7352941176470589,2.396962,50,tabular/central_mlp
Complementary and alternative medicine,53,80,0.7378537735849057,1.7841116,50,tabular/central_mlp
Computational Mechanics,30,94,0.6464539007092198,1.8431411,50,tabular/central_mlp
Computational Theory and Mathematics,39,109,0.6080922135968008,1.3948859,50,tabular/central_mlp
Computer Graphics and Computer-Aided Design,46,24,0.5153985507246377,1.0767066,50,tabular/central_mlp
Computer Networks and Communications,155,131,0.724919970450628,1.3898133,50,tabular/central_mlp
Computer Vision and Pattern Recognition,151,193,0.7051436022372438,1.386677,50,tabular/central_mlp
Control and Systems Engineering,73,175,0.664344422700587,1.6565185,50,tabular/central_mlp
Ecology,22,134,0.7496607869742198,3.4091606,50,tabular/central_mlp
Economics and Econometrics,150,195,0.7276239316239317,1.4757499,50,tabular/central_mlp
Education,86,102,0.8792749658002736,1.8492581,50,tabular/central_mlp
Electrical and Electronic Engineering,163,403,0.6935255522233554,1.680915,50,tabular/central_mlp
"Electronic, Optical and Magnetic Materials",42,86,0.6276301218161683,1.3170881,50,tabular/central_mlp
"Endocrinology, Diabetes and Metabolism",37,137,0.7086210297889131,1.8642559,50,tabular/central_mlp
Environmental Engineering,26,76,0.7026821862348179,1.9082891,50,tabular/central_mlp
Epidemiology,113,371,0.6499534861531857,1.7571414,50,tabular/central_mlp
Food Science,22,80,0.6215909090909091,2.296535,50,tabular/central_mlp
Genetics,66,277,0.6524176785909637,1.6535882,50,tabular/central_mlp
Global and Planetary Change,37,123,0.7877389584706659,2.394643,50,tabular/central_mlp
Health Information Management,33,27,0.7115600448933783,1.3826212,50,tabular/central_mlp
"Health, Toxicology and Mutagenesis",28,100,0.7817857142857143,2.6266232,50,tabular/central_mlp
Hematology,20,67,0.7462686567164178,2.0237477,50,tabular/central_mlp
Human-Computer Interaction,24,27,0.7253086419753086,1.4220157,50,tabular/central_mlp
Immunology,100,232,0.5722413793103448,1.1485008,50,tabular/central_mlp
Industrial and Manufacturing Engineering,128,112,0.7862723214285715,1.4806137,50,tabular/central_mlp
Infectious Diseases,29,186,0.6281053021876158,1.5573361,50,tabular/central_mlp
Information Systems,162,141,0.714429559583224,1.3595856,50,tabular/central_mlp
Inorganic Chemistry,63,104,0.6791819291819292,1.6362365,50,tabular/central_mlp
Management Information Systems,25,48,0.69,1.4617289,50,tabular/central_mlp
Management Science and Operations Research,150,118,0.5084745762711864,1.036538,50,tabular/central_mlp
Management of Technology and Innovation,21,34,0.8025210084033614,1.7493169,50,tabular/central_mlp
"Management, Monitoring, Policy and Law",26,56,0.7994505494505494,2.3485289,50,tabular/central_mlp
Materials Chemistry,136,393,0.6025576261038766,1.38396,50,tabular/central_mlp
Mechanical Engineering,79,299,0.6244020151560052,1.9165139,50,tabular/central_mlp
Mechanics of Materials,33,201,0.543117744610282,1.6498605,50,tabular/central_mlp
Media Technology,29,32,0.7015086206896552,1.4506365,50,tabular/central_mlp
Molecular Biology,661,1050,0.6513702182839853,1.4041632,50,tabular/central_mlp
Nephrology,29,74,0.6171947809878844,1.4819121,50,tabular/central_mlp
Neurology,102,231,0.7174051438757321,1.6950543,50,tabular/central_mlp
Nuclear and High Energy Physics,24,62,0.6959005376344086,1.5239167,50,tabular/central_mlp
Nutrition and Dietetics,23,71,0.7293325168401715,1.8137798,50,tabular/central_mlp
Obstetrics and Gynecology,33,56,0.5952380952380952,1.4661071,50,tabular/central_mlp
Ocean Engineering,24,74,0.634572072072072,1.4716254,50,tabular/central_mlp
Oncology,137,304,0.6724572608528621,1.5029074,50,tabular/central_mlp
Organic Chemistry,59,176,0.532646379044684,1.3104156,50,tabular/central_mlp
Organizational Behavior and Human Resource Management,20,56,0.7366071428571429,2.1276784,50,tabular/central_mlp
Orthopedics and Sports Medicine,35,62,0.7741935483870968,1.8788323,50,tabular/central_mlp
Pathology and Forensic Medicine,67,150,0.7708457711442787,2.0545266,50,tabular/central_mlp
"Pediatrics, Perinatology and Child Health",20,95,0.7197368421052631,2.6757355,50,tabular/central_mlp
Pharmacology,60,191,0.7082897033158813,1.7073772,50,tabular/central_mlp
Physiology,73,257,0.7084377165396301,1.7938114,50,tabular/central_mlp
Plant Science,128,329,0.6997292933130699,1.7899119,50,tabular/central_mlp
Psychiatry and Mental health,24,189,0.7371031746031746,2.3764403,50,tabular/central_mlp
"Public Health, Environmental and Occupational Health",58,301,0.7480238286172529,2.5452206,50,tabular/central_mlp
Pulmonary and Respiratory Medicine,121,372,0.7014462809917356,1.9570283,50,tabular/central_mlp
"Radiology, Nuclear Medicine and Imaging",98,222,0.6931880860452289,1.5170236,50,tabular/central_mlp
"Renewable Energy, Sustainability and the Environment",54,144,0.6415252057613169,1.5784765,50,tabular/central_mlp
Reproductive Medicine,21,60,0.6757936507936507,1.7907104,50,tabular/central_mlp
Rheumatology,38,126,0.7495822890559732,2.1590564,50,tabular/central_mlp
Signal Processing,51,38,0.6695046439628483,1.1837022,50,tabular/central_mlp
Social Psychology,42,125,0.7187619047619047,2.0649014,50,tabular/central_mlp
Sociology and Political Science,80,304,0.7841899671052631,2.616129,50,tabular/central_mlp
Strategy and Management,23,63,0.6770186335403727,1.3797855,50,tabular/central_mlp
Surgery,112,450,0.7334325396825397,2.1075099,50,tabular/central_mlp
Water Science and Technology,37,80,0.6179054054054054,1.4081098,50,tabular/central_mlp
Accounting,23,41,0.6193001060445387,1.304506,50,tabular/fl_fedavg
Aerospace Engineering,37,170,0.693402225755167,1.9356819,50,tabular/fl_fedavg
Artificial Intelligence,318,315,0.7612209244284716,1.4602301,50,tabular/fl_fedavg
Atmospheric Science,21,67,0.7238805970149254,1.8152213,50,tabular/fl_fedavg
Automotive Engineering,26,55,0.7447552447552448,2.0562649,50,tabular/fl_fedavg
Biomaterials,34,82,0.5473457675753228,1.383616,50,tabular/fl_fedavg
Biomedical Engineering,125,336,0.6765952380952381,1.7514864,50,tabular/fl_fedavg
Building and Construction,41,97,0.7715614785013829,1.7971522,50,tabular/fl_fedavg
Business and International Management,49,26,0.5125588697017268,1.084113,50,tabular/fl_fedavg
Cancer Research,469,277,0.6769915250975653,1.1914967,50,tabular/fl_fedavg
Cardiology and Cardiovascular Medicine,93,248,0.6203607353451266,1.5469232,50,tabular/fl_fedavg
Cell Biology,71,122,0.5849111059801432,1.1263704,50,tabular/fl_fedavg
Cellular and Molecular Neuroscience,31,112,0.6610023041474654,1.7201146,50,tabular/fl_fedavg
Civil and Structural Engineering,66,232,0.6306818181818181,1.5840771,50,tabular/fl_fedavg
Clinical Psychology,38,161,0.6055900621118012,2.0927937,50,tabular/fl_fedavg
Cognitive Neuroscience,39,204,0.7020487682252388,2.1508675,50,tabular/fl_fedavg
Complementary and alternative medicine,53,80,0.7476415094339623,1.6908145,50,tabular/fl_fedavg
Computational Mechanics,30,94,0.6289007092198582,1.6223707,50,tabular/fl_fedavg
Computational Theory and Mathematics,39,109,0.5956245589273113,1.4265409,50,tabular/fl_fedavg
Computer Graphics and Computer-Aided Design,46,24,0.5235507246376812,1.0232784,50,tabular/fl_fedavg
Computer Networks and Communications,155,131,0.6878601329721744,1.3327111,50,tabular/fl_fedavg
Computer Vision and Pattern Recognition,151,193,0.7026387125553306,1.3785086,50,tabular/fl_fedavg
Control and Systems Engineering,73,175,0.6482583170254403,1.543453,50,tabular/fl_fedavg
Ecology,22,134,0.7730664857530529,3.3896012,50,tabular/fl_fedavg
Economics and Econometrics,150,195,0.7039316239316239,1.4070023,50,tabular/fl_fedavg
Education,86,102,0.8901048791609667,1.9017402,50,tabular/fl_fedavg
Electrical and Electronic Engineering,163,403,0.6885323265691364,1.6760954,50,tabular/fl_fedavg
"Electronic, Optical and Magnetic Materials",42,86,0.5888704318936877,1.2496588,50,tabular/fl_fedavg
"Endocrinology, Diabetes and Metabolism",37,137,0.7223318208719669,1.7384977,50,tabular/fl_fedavg
Environmental Engineering,26,76,0.6677631578947368,1.710651,50,tabular/fl_fedavg
Epidemiology,113,371,0.6345442835674928,1.6630491,50,tabular/fl_fedavg
Food Science,22,80,0.6323863636363637,2.331089,50,tabular/fl_fedavg
Genetics,66,277,0.6293075155891039,1.5330541,50,tabular/fl_fedavg
Global and Planetary Change,37,123,0.7705998681608438,2.3700588,50,tabular/fl_fedavg
Health Information Management,33,27,0.7014590347923682,1.3670247,50,tabular/fl_fedavg
"Health, Toxicology and Mutagenesis",28,100,0.7432142857142857,2.3709629,50,tabular/fl_fedavg
Hematology,20,67,0.6847014925373134,1.7067424,50,tabular/fl_fedavg
Human-Computer Interaction,24,27,0.6898148148148149,1.3481867,50,tabular/fl_fedavg
Immunology,100,232,0.5579094827586206,1.1211398,50,tabular/fl_fedavg
Industrial and Manufacturing Engineering,128,112,0.7645089285714286,1.478609,50,tabular/fl_fedavg
Infectious Diseases,29,186,0.6524842417500927,1.5826459,50,tabular/fl_fedavg
Information Systems,162,141,0.6957797040539357,1.2870374,50,tabular/fl_fedavg
Inorganic Chemistry,63,104,0.5607448107448106,1.480989,50,tabular/fl_fedavg
Management Information Systems,25,48,0.695,1.5383289,50,tabular/fl_fedavg
Management Science and Operations Research,150,118,0.49779661016949156,1.0197272,50,tabular/fl_fedavg
Management of Technology and Innovation,21,34,0.7492997198879552,1.5460947,50,tabular/fl_fedavg
"Management, Monitoring, Policy and Law",26,56,0.7884615384615384,2.1769695,50,tabular/fl_fedavg
Materials Chemistry,136,393,0.5832210746894176,1.331105,50,tabular/fl_fedavg
Mechanical Engineering,79,299,0.5590576182210745,1.7446051,50,tabular/fl_fedavg
Mechanics of Materials,33,201,0.6246796321423188,1.7419654,50,tabular/fl_fedavg
Media Technology,29,32,0.634698275862069,1.2874588,50,tabular/fl_fedavg
Molecular Biology,661,1050,0.6299049059866003,1.2987229,50,tabular/fl_fedavg
Nephrology,29,74,0.5535880708294502,1.0831605,50,tabular/fl_fedavg
Neurology,102,231,0.6942110177404295,1.6265187,50,tabular/fl_fedavg
Nuclear and High Energy Physics,24,62,0.7278225806451613,1.7710928,50,tabular/fl_fedavg
Nutrition and Dietetics,23,71,0.6974892835272505,1.5076958,50,tabular/fl_fedavg
Obstetrics and Gynecology,33,56,0.5597943722943723,1.2205313,50,tabular/fl_fedavg
Ocean Engineering,24,74,0.6480855855855855,1.7749122,50,tabular/fl_fedavg
Oncology,137,304,0.6318190549366115,1.3080755,50,tabular/fl_fedavg
Organic Chemistry,59,176,0.49826656394453006,1.0693517,50,tabular/fl_fedavg
Organizational Behavior and Human Resource Management,20,56,0.7080357142857142,1.9208287,50,tabular/fl_fedavg
Orthopedics and Sports Medicine,35,62,0.7557603686635944,1.8573213,50,tabular/fl_fedavg
Pathology and Forensic Medicine,67,150,0.7570149253731343,1.7830317,50,tabular/fl_fedavg
"Pediatrics, Perinatology and Child Health",20,95,0.7021052631578947,2.2324333,50,tabular/fl_fedavg
Pharmacology,60,191,0.725523560209424,1.7754077,50,tabular/fl_fedavg
Physiology,73,257,0.7014551463141624,1.6635453,50,tabular/fl_fedavg
Plant Science,128,329,0.6705452127659575,1.6864485,50,tabular/fl_fedavg
Psychiatry and Mental health,24,189,0.7007275132275133,2.0169039,50,tabular/fl_fedavg
"Public Health, Environmental and Occupational Health",58,301,0.7444724481613014,2.4247859,50,tabular/fl_fedavg
Pulmonary and Respiratory Medicine,121,372,0.6432062561094818,1.5598295,50,tabular/fl_fedavg
"Radiology, Nuclear Medicine and Imaging",98,222,0.6838803088803089,1.5243536,50,tabular/fl_fedavg
"Renewable Energy, Sustainability and the Environment",54,144,0.6574074074074073,1.6525512,50,tabular/fl_fedavg
Reproductive Medicine,21,60,0.6511904761904761,1.6477027,50,tabular/fl_fedavg
Rheumatology,38,126,0.6691729323308271,1.7000535,50,tabular/fl_fedavg
Signal Processing,51,38,0.6656346749226005,1.2232752,50,tabular/fl_fedavg
Social Psychology,42,125,0.7035238095238096,1.9079752,50,tabular/fl_fedavg
Sociology and Political Science,80,304,0.7849712171052631,2.5795386,50,tabular/fl_fedavg
Strategy and Management,23,63,0.5942028985507246,1.2369821,50,tabular/fl_fedavg
Surgery,112,450,0.6860813492063492,1.6948819,50,tabular/fl_fedavg
Water Science and Technology,37,80,0.6243243243243243,1.3384013,50,tabular/fl_fedavg
Aerospace Engineering,38,185,0.5,1.0,51,topic_only/logreg
Artificial Intelligence,320,288,0.5,1.0,51,topic_only/logreg
Atmospheric Science,28,66,0.5,1.0,51,topic_only/logreg
"Atomic and Molecular Physics, and Optics",23,101,0.5,1.0,51,topic_only/logreg
Biochemistry,25,59,0.5735593220338983,1.12896,51,topic_only/logreg
Biomaterials,25,80,0.5,1.0,51,topic_only/logreg
Biomedical Engineering,145,311,0.5,1.0,51,topic_only/logreg
Building and Construction,37,99,0.5,1.0,51,topic_only/logreg
Business and International Management,64,22,0.5,1.0,51,topic_only/logreg
Cancer Research,497,280,0.5,1.0,51,topic_only/logreg
Cardiology and Cardiovascular Medicine,72,245,0.5,1.0,51,topic_only/logreg
Cell Biology,69,110,0.5,1.0,51,topic_only/logreg
Cellular and Molecular Neuroscience,40,126,0.5,1.0,51,topic_only/logreg
Civil and Structural Engineering,81,226,0.5,1.0,51,topic_only/logreg
Clinical Psychology,38,151,0.5,1.0,51,topic_only/logreg
Cognitive Neuroscience,37,187,0.5,1.0,51,topic_only/logreg
Complementary and alternative medicine,43,76,0.5,1.0,51,topic_only/logreg
Computational Mechanics,24,92,0.5,1.0,51,topic_only/logreg
Computational Theory and Mathematics,29,109,0.5,1.0,51,topic_only/logreg
Computer Graphics and Computer-Aided Design,49,28,0.5,1.0,51,topic_only/logreg
Computer Networks and Communications,155,127,0.5,1.0,51,topic_only/logreg
Computer Vision and Pattern Recognition,174,202,0.5,1.0,51,topic_only/logreg
Control and Systems Engineering,67,169,0.5,1.0,51,topic_only/logreg
Economics and Econometrics,121,199,0.5,1.0,51,topic_only/logreg
Education,106,116,0.5,1.0,51,topic_only/logreg
Electrical and Electronic Engineering,156,408,0.5,1.0,51,topic_only/logreg
"Electronic, Optical and Magnetic Materials",39,81,0.5,1.0,51,topic_only/logreg
"Endocrinology, Diabetes and Metabolism",34,150,0.5,1.0,51,topic_only/logreg
Environmental Engineering,30,76,0.5,1.0,51,topic_only/logreg
Epidemiology,110,371,0.5,1.0,51,topic_only/logreg
Experimental and Cognitive Psychology,28,59,0.5,1.0,51,topic_only/logreg
Food Science,23,107,0.5,1.0,51,topic_only/logreg
General Health Professions,21,172,0.5,1.0,51,topic_only/logreg
Genetics,81,294,0.4521289997480474,0.9332239,51,topic_only/logreg
Global and Planetary Change,29,122,0.5,1.0,51,topic_only/logreg
"Health, Toxicology and Mutagenesis",30,104,0.5,1.0,51,topic_only/logreg
Immunology,106,219,0.5,1.0,51,topic_only/logreg
Industrial and Manufacturing Engineering,134,93,0.5788797945755095,1.0695716,51,topic_only/logreg
Infectious Diseases,37,202,0.5,1.0,51,topic_only/logreg
Information Systems,154,141,0.5,1.0,51,topic_only/logreg
Inorganic Chemistry,80,105,0.5,1.0,51,topic_only/logreg
Management Science and Operations Research,142,129,0.5,1.0,51,topic_only/logreg
"Management, Monitoring, Policy and Law",25,49,0.5,1.0,51,topic_only/logreg
Materials Chemistry,153,374,0.5,1.0,51,topic_only/logreg
Mechanical Engineering,74,309,0.5,1.0,51,topic_only/logreg
Mechanics of Materials,35,196,0.5,1.0,51,topic_only/logreg
Media Technology,29,27,0.5,1.0,51,topic_only/logreg
Molecular Biology,602,1066,0.5,1.0,51,topic_only/logreg
Nephrology,29,64,0.5,1.0,51,topic_only/logreg
Neurology,94,255,0.6449311639549437,1.3286151,51,topic_only/logreg
Nuclear and High Energy Physics,22,54,0.5,1.0,51,topic_only/logreg
Nutrition and Dietetics,22,71,0.5,1.0,51,topic_only/logreg
Obstetrics and Gynecology,35,66,0.5,1.0,51,topic_only/logreg
Ocean Engineering,21,76,0.5,1.0,51,topic_only/logreg
Oncology,127,349,0.5,1.0,51,topic_only/logreg
Organic Chemistry,58,160,0.5,1.0,51,topic_only/logreg
Orthopedics and Sports Medicine,22,54,0.5,1.0,51,topic_only/logreg
Pathology and Forensic Medicine,80,153,0.5,1.0,51,topic_only/logreg
"Pediatrics, Perinatology and Child Health",20,101,0.5,1.0,51,topic_only/logreg
Pharmacology,56,223,0.5663036515054453,1.1408162,51,topic_only/logreg
Physiology,86,258,0.5426356589147288,1.118068,51,topic_only/logreg
Plant Science,92,284,0.5,1.0,51,topic_only/logreg
Pollution,22,59,0.5,1.0,51,topic_only/logreg
Psychiatry and Mental health,33,171,0.5,1.0,51,topic_only/logreg
"Public Health, Environmental and Occupational Health",40,281,0.5,1.0,51,topic_only/logreg
Pulmonary and Respiratory Medicine,133,392,0.5,1.0,51,topic_only/logreg
"Radiology, Nuclear Medicine and Imaging",83,221,0.5,1.0,51,topic_only/logreg
"Renewable Energy, Sustainability and the Environment",57,137,0.5,1.0,51,topic_only/logreg
Reproductive Medicine,27,76,0.5,1.0,51,topic_only/logreg
Rheumatology,32,117,0.5,1.0,51,topic_only/logreg
Signal Processing,40,46,0.5,1.0,51,topic_only/logreg
Social Psychology,48,128,0.5,1.0,51,topic_only/logreg
Sociology and Political Science,73,282,0.5,1.0,51,topic_only/logreg
Strategy and Management,25,58,0.5,1.0,51,topic_only/logreg
Surgery,128,494,0.5,1.0,51,topic_only/logreg
Water Science and Technology,56,77,0.5,1.0,51,topic_only/logreg
Aerospace Engineering,38,185,0.5,1.0,51,topic_only/xgb
Artificial Intelligence,320,288,0.5,1.0,51,topic_only/xgb
Atmospheric Science,28,66,0.5,1.0,51,topic_only/xgb
"Atomic and Molecular Physics, and Optics",23,101,0.5,1.0,51,topic_only/xgb
Biochemistry,25,59,0.5735593220338983,1.12896,51,topic_only/xgb
Biomaterials,25,80,0.5,1.0,51,topic_only/xgb
Biomedical Engineering,145,311,0.5,1.0,51,topic_only/xgb
Building and Construction,37,99,0.5,1.0,51,topic_only/xgb
Business and International Management,64,22,0.5,1.0,51,topic_only/xgb
Cancer Research,497,280,0.5,1.0,51,topic_only/xgb
Cardiology and Cardiovascular Medicine,72,245,0.5,1.0,51,topic_only/xgb
Cell Biology,69,110,0.5,1.0,51,topic_only/xgb
Cellular and Molecular Neuroscience,40,126,0.5,1.0,51,topic_only/xgb
Civil and Structural Engineering,81,226,0.5,1.0,51,topic_only/xgb
Clinical Psychology,38,151,0.5,1.0,51,topic_only/xgb
Cognitive Neuroscience,37,187,0.5,1.0,51,topic_only/xgb
Complementary and alternative medicine,43,76,0.5,1.0,51,topic_only/xgb
Computational Mechanics,24,92,0.5,1.0,51,topic_only/xgb
Computational Theory and Mathematics,29,109,0.5,1.0,51,topic_only/xgb
Computer Graphics and Computer-Aided Design,49,28,0.5,1.0,51,topic_only/xgb
Computer Networks and Communications,155,127,0.5,1.0,51,topic_only/xgb
Computer Vision and Pattern Recognition,174,202,0.5,1.0,51,topic_only/xgb
Control and Systems Engineering,67,169,0.5,1.0,51,topic_only/xgb
Economics and Econometrics,121,199,0.5,1.0,51,topic_only/xgb
Education,106,116,0.5,1.0,51,topic_only/xgb
Electrical and Electronic Engineering,156,408,0.5,1.0,51,topic_only/xgb
"Electronic, Optical and Magnetic Materials",39,81,0.5,1.0,51,topic_only/xgb
"Endocrinology, Diabetes and Metabolism",34,150,0.5,1.0,51,topic_only/xgb
Environmental Engineering,30,76,0.5,1.0,51,topic_only/xgb
Epidemiology,110,371,0.5,1.0,51,topic_only/xgb
Experimental and Cognitive Psychology,28,59,0.5,1.0,51,topic_only/xgb
Food Science,23,107,0.5,1.0,51,topic_only/xgb
General Health Professions,21,172,0.5,1.0,51,topic_only/xgb
Genetics,81,294,0.5478710002519526,1.0926688,51,topic_only/xgb
Global and Planetary Change,29,122,0.5,1.0,51,topic_only/xgb
"Health, Toxicology and Mutagenesis",30,104,0.5,1.0,51,topic_only/xgb
Immunology,106,219,0.5,1.0,51,topic_only/xgb
Industrial and Manufacturing Engineering,134,93,0.5788797945755095,1.0695716,51,topic_only/xgb
Infectious Diseases,37,202,0.5,1.0,51,topic_only/xgb
Information Systems,154,141,0.5,1.0,51,topic_only/xgb
Inorganic Chemistry,80,105,0.5,1.0,51,topic_only/xgb
Management Science and Operations Research,142,129,0.5,1.0,51,topic_only/xgb
"Management, Monitoring, Policy and Law",25,49,0.5,1.0,51,topic_only/xgb
Materials Chemistry,153,374,0.5,1.0,51,topic_only/xgb
Mechanical Engineering,74,309,0.5,1.0,51,topic_only/xgb
Mechanics of Materials,35,196,0.5,1.0,51,topic_only/xgb
Media Technology,29,27,0.5,1.0,51,topic_only/xgb
Molecular Biology,602,1066,0.5,1.0,51,topic_only/xgb
Nephrology,29,64,0.5,1.0,51,topic_only/xgb
Neurology,94,255,0.6449311639549437,1.3286151,51,topic_only/xgb
Nuclear and High Energy Physics,22,54,0.5,1.0,51,topic_only/xgb
Nutrition and Dietetics,22,71,0.5,1.0,51,topic_only/xgb
Obstetrics and Gynecology,35,66,0.5,1.0,51,topic_only/xgb
Ocean Engineering,21,76,0.5,1.0,51,topic_only/xgb
Oncology,127,349,0.5,1.0,51,topic_only/xgb
Organic Chemistry,58,160,0.5,1.0,51,topic_only/xgb
Orthopedics and Sports Medicine,22,54,0.5,1.0,51,topic_only/xgb
Pathology and Forensic Medicine,80,153,0.5,1.0,51,topic_only/xgb
"Pediatrics, Perinatology and Child Health",20,101,0.5,1.0,51,topic_only/xgb
Pharmacology,56,223,0.5663036515054453,1.1408162,51,topic_only/xgb
Physiology,86,258,0.5426356589147288,1.118068,51,topic_only/xgb
Plant Science,92,284,0.5,1.0,51,topic_only/xgb
Pollution,22,59,0.5,1.0,51,topic_only/xgb
Psychiatry and Mental health,33,171,0.5,1.0,51,topic_only/xgb
"Public Health, Environmental and Occupational Health",40,281,0.5,1.0,51,topic_only/xgb
Pulmonary and Respiratory Medicine,133,392,0.5,1.0,51,topic_only/xgb
"Radiology, Nuclear Medicine and Imaging",83,221,0.5,1.0,51,topic_only/xgb
"Renewable Energy, Sustainability and the Environment",57,137,0.5,1.0,51,topic_only/xgb
Reproductive Medicine,27,76,0.5,1.0,51,topic_only/xgb
Rheumatology,32,117,0.5,1.0,51,topic_only/xgb
Signal Processing,40,46,0.5,1.0,51,topic_only/xgb
Social Psychology,48,128,0.5,1.0,51,topic_only/xgb
Sociology and Political Science,73,282,0.5,1.0,51,topic_only/xgb
Strategy and Management,25,58,0.5,1.0,51,topic_only/xgb
Surgery,128,494,0.5,1.0,51,topic_only/xgb
Water Science and Technology,56,77,0.5,1.0,51,topic_only/xgb
Aerospace Engineering,38,185,0.6797297297297298,1.7808899,51,tabular/central_xgb
Artificial Intelligence,320,288,0.7490559895833333,1.4026637,51,tabular/central_xgb
Atmospheric Science,28,66,0.6872294372294373,2.0957477,51,tabular/central_xgb
"Atomic and Molecular Physics, and Optics",23,101,0.6956521739130435,1.6958141,51,tabular/central_xgb
Biochemistry,25,59,0.7498305084745763,1.8148948,51,tabular/central_xgb
Biomaterials,25,80,0.601,1.7847689,51,tabular/central_xgb
Biomedical Engineering,145,311,0.6249029825923051,1.5368298,51,tabular/central_xgb
Building and Construction,37,99,0.7111657111657111,2.0109904,51,tabular/central_xgb
Business and International Management,64,22,0.5944602272727273,1.0361902,51,tabular/central_xgb
Cancer Research,497,280,0.6567979304397815,1.1728424,51,tabular/central_xgb
Cardiology and Cardiovascular Medicine,72,245,0.6706916099773244,1.9693046,51,tabular/central_xgb
Cell Biology,69,110,0.6342555994729907,1.3409896,51,tabular/central_xgb
Cellular and Molecular Neuroscience,40,126,0.6775793650793651,1.6672969,51,tabular/central_xgb
Civil and Structural Engineering,81,226,0.5417895771878074,1.21676,51,tabular/central_xgb
Clinical Psychology,38,151,0.6950156849076333,2.2482557,51,tabular/central_xgb
Cognitive Neuroscience,37,187,0.7492412198294551,2.2392259,51,tabular/central_xgb
Complementary and alternative medicine,43,76,0.7977356181150551,1.9363611,51,tabular/central_xgb
Computational Mechanics,24,92,0.6417572463768116,1.7707839,51,tabular/central_xgb
Computational Theory and Mathematics,29,109,0.5900031635558367,1.7650388,51,tabular/central_xgb
Computer Graphics and Computer-Aided Design,49,28,0.6523323615160349,1.2371571,51,tabular/central_xgb
Computer Networks and Communications,155,127,0.7872999745999492,1.4830458,51,tabular/central_xgb
Computer Vision and Pattern Recognition,174,202,0.6326249004210766,1.1791633,51,tabular/central_xgb
Control and Systems Engineering,67,169,0.5858871323854101,1.5833589,51,tabular/central_xgb
Economics and Econometrics,121,199,0.7329623323227709,1.5100838,51,tabular/central_xgb
Education,106,116,0.8693884189980481,1.771655,51,tabular/central_xgb
Electrical and Electronic Engineering,156,408,0.695277149321267,1.7172532,51,tabular/central_xgb
"Electronic, Optical and Magnetic Materials",39,81,0.5818296929408041,1.3991907,51,tabular/central_xgb
"Endocrinology, Diabetes and Metabolism",34,150,0.6823529411764706,1.7064526,51,tabular/central_xgb
Environmental Engineering,30,76,0.6412280701754386,1.5081779,51,tabular/central_xgb
Epidemiology,110,371,0.7258270031854938,2.0791962,51,tabular/central_xgb
Experimental and Cognitive Psychology,28,59,0.7148910411622276,2.0223956,51,tabular/central_xgb
Food Science,23,107,0.6838683462007313,2.0188625,51,tabular/central_xgb
General Health Professions,21,172,0.7250830564784053,3.4408436,51,tabular/central_xgb
Genetics,81,294,0.6966070378768792,1.5805187,51,tabular/central_xgb
Global and Planetary Change,29,122,0.6950254381006218,2.0236099,51,tabular/central_xgb
"Health, Toxicology and Mutagenesis",30,104,0.6682692307692307,2.0380988,51,tabular/central_xgb
Immunology,106,219,0.6910915826656328,1.4850843,51,tabular/central_xgb
Industrial and Manufacturing Engineering,134,93,0.8507462686567164,1.4777352,51,tabular/central_xgb
Infectious Diseases,37,202,0.6829007225046828,1.9069797,51,tabular/central_xgb
Information Systems,154,141,0.7568849590126187,1.4273804,51,tabular/central_xgb
Inorganic Chemistry,80,105,0.7372619047619047,1.4973977,51,tabular/central_xgb
Management Science and Operations Research,142,129,0.5278414674091059,1.0554553,51,tabular/central_xgb
"Management, Monitoring, Policy and Law",25,49,0.7510204081632653,1.8875493,51,tabular/central_xgb
Materials Chemistry,153,374,0.6263412673447275,1.5463377,51,tabular/central_xgb
Mechanical Engineering,74,309,0.6312866264322575,1.6946013,51,tabular/central_xgb
Mechanics of Materials,35,196,0.6080174927113702,1.7376784,51,tabular/central_xgb
Media Technology,29,27,0.7088122605363985,1.3650143,51,tabular/central_xgb
Molecular Biology,602,1066,0.6814939881445836,1.4787159,51,tabular/central_xgb
Nephrology,29,64,0.7397629310344827,1.7274953,51,tabular/central_xgb
Neurology,94,255,0.6905715477680434,1.7371541,51,tabular/central_xgb
Nuclear and High Energy Physics,22,54,0.6708754208754208,1.5682833,51,tabular/central_xgb
Nutrition and Dietetics,22,71,0.4193341869398207,0.8623696,51,tabular/central_xgb
Obstetrics and Gynecology,35,66,0.7545454545454545,1.9222856,51,tabular/central_xgb
Ocean Engineering,21,76,0.5620300751879699,1.4335116,51,tabular/central_xgb
Oncology,127,349,0.7190172145387271,1.760196,51,tabular/central_xgb
Organic Chemistry,58,160,0.5675646551724137,1.4108117,51,tabular/central_xgb
Orthopedics and Sports Medicine,22,54,0.6826599326599327,1.8538796,51,tabular/central_xgb
Pathology and Forensic Medicine,80,153,0.7129084967320262,1.5487579,51,tabular/central_xgb
"Pediatrics, Perinatology and Child Health",20,101,0.7806930693069307,3.2826772,51,tabular/central_xgb
Pharmacology,56,223,0.7098014093529789,2.078993,51,tabular/central_xgb
Physiology,86,258,0.6868126915449793,1.901206,51,tabular/central_xgb
Plant Science,92,284,0.7108083282302511,1.8227204,51,tabular/central_xgb
Pollution,22,59,0.7010785824345146,2.0378902,51,tabular/central_xgb
Psychiatry and Mental health,33,171,0.7196526670210881,1.9923866,51,tabular/central_xgb
"Public Health, Environmental and Occupational Health",40,281,0.6410142348754448,2.5195568,51,tabular/central_xgb
Pulmonary and Respiratory Medicine,133,392,0.6750326070277736,1.7562193,51,tabular/central_xgb
"Radiology, Nuclear Medicine and Imaging",83,221,0.7406640135201439,1.7776064,51,tabular/central_xgb
"Renewable Energy, Sustainability and the Environment",57,137,0.6537328723268024,1.6512923,51,tabular/central_xgb
Reproductive Medicine,27,76,0.7612085769980507,2.144864,51,tabular/central_xgb
Rheumatology,32,117,0.6965811965811965,2.0852947,51,tabular/central_xgb
Signal Processing,40,46,0.7282608695652174,1.3994735,51,tabular/central_xgb
Social Psychology,48,128,0.8336588541666666,2.4626274,51,tabular/central_xgb
Sociology and Political Science,73,282,0.7752355970076751,2.4042335,51,tabular/central_xgb
Strategy and Management,25,58,0.7193103448275862,1.6804849,51,tabular/central_xgb
Surgery,128,494,0.6692497469635628,1.7188498,51,tabular/central_xgb
Water Science and Technology,56,77,0.68193413729128,1.551637,51,tabular/central_xgb
Aerospace Engineering,38,185,0.6806543385490754,1.8580151,51,tabular/central_mlp
Artificial Intelligence,320,288,0.7419053819444443,1.3850847,51,tabular/central_mlp
Atmospheric Science,28,66,0.7445887445887446,2.2969656,51,tabular/central_mlp
"Atomic and Molecular Physics, and Optics",23,101,0.6263452432199742,1.3785727,51,tabular/central_mlp
Biochemistry,25,59,0.7233898305084746,1.6917391,51,tabular/central_mlp
Biomaterials,25,80,0.612,2.167181,51,tabular/central_mlp
Biomedical Engineering,145,311,0.6618915622574565,1.586135,51,tabular/central_mlp
Building and Construction,37,99,0.708981708981709,2.1400528,51,tabular/central_mlp
Business and International Management,64,22,0.6242897727272728,1.0464976,51,tabular/central_mlp
Cancer Research,497,280,0.6622592699051452,1.181201,51,tabular/central_mlp
Cardiology and Cardiovascular Medicine,72,245,0.6655895691609978,1.901011,51,tabular/central_mlp
Cell Biology,69,110,0.6084321475625822,1.202697,51,tabular/central_mlp
Cellular and Molecular Neuroscience,40,126,0.6686507936507936,1.7877792,51,tabular/central_mlp
Civil and Structural Engineering,81,226,0.5535616737681635,1.2142669,51,tabular/central_mlp
Clinical Psychology,38,151,0.6856047403276402,2.2179809,51,tabular/central_mlp
Cognitive Neuroscience,37,187,0.7735944500650382,2.3708575,51,tabular/central_mlp
Complementary and alternative medicine,43,76,0.7891676866585067,1.8908218,51,tabular/central_mlp
Computational Mechanics,24,92,0.6820652173913044,1.814361,51,tabular/central_mlp
Computational Theory and Mathematics,29,109,0.6361910787725403,1.4651406,51,tabular/central_mlp
Computer Graphics and Computer-Aided Design,49,28,0.705539358600583,1.2875319,51,tabular/central_mlp
Computer Networks and Communications,155,127,0.780492760985522,1.4584916,51,tabular/central_mlp
Computer Vision and Pattern Recognition,174,202,0.6364373506316148,1.1819539,51,tabular/central_mlp
Control and Systems Engineering,67,169,0.6545968382937385,1.6712917,51,tabular/central_mlp
Economics and Econometrics,121,199,0.7166618215042153,1.4414176,51,tabular/central_mlp
Education,106,116,0.8787003903708525,1.735894,51,tabular/central_mlp
Electrical and Electronic Engineering,156,408,0.6947272498743087,1.8409622,51,tabular/central_mlp
"Electronic, Optical and Magnetic Materials",39,81,0.6049382716049383,1.3655331,51,tabular/central_mlp
"Endocrinology, Diabetes and Metabolism",34,150,0.7190196078431372,1.9718401,51,tabular/central_mlp
Environmental Engineering,30,76,0.5984649122807018,1.4456499,51,tabular/central_mlp
Epidemiology,110,371,0.7192599852977212,2.086166,51,tabular/central_mlp
Experimental and Cognitive Psychology,28,59,0.7306295399515738,1.9626079,51,tabular/central_mlp
Food Science,23,107,0.6472978464039009,1.5513853,51,tabular/central_mlp
General Health Professions,21,172,0.7624584717607973,3.5622046,51,tabular/central_mlp
Genetics,81,294,0.6809439825312842,1.460017,51,tabular/central_mlp
Global and Planetary Change,29,122,0.6981345392877332,2.317031,51,tabular/central_mlp
"Health, Toxicology and Mutagenesis",30,104,0.646474358974359,2.0863287,51,tabular/central_mlp
Immunology,106,219,0.6738606013612476,1.4302231,51,tabular/central_mlp
Industrial and Manufacturing Engineering,134,93,0.8391911410688493,1.4623966,51,tabular/central_mlp
Infectious Diseases,37,202,0.7150789403264651,2.484217,51,tabular/central_mlp
Information Systems,154,141,0.7702403978999723,1.491752,51,tabular/central_mlp
Inorganic Chemistry,80,105,0.7088095238095238,1.5457375,51,tabular/central_mlp
Management Science and Operations Research,142,129,0.5380773010153946,1.0650508,51,tabular/central_mlp
"Management, Monitoring, Policy and Law",25,49,0.7616326530612246,2.0115466,51,tabular/central_mlp
Materials Chemistry,153,374,0.6293558421586103,1.4841805,51,tabular/central_mlp
Mechanical Engineering,74,309,0.6279191813172396,1.8005633,51,tabular/central_mlp
Mechanics of Materials,35,196,0.6259475218658892,1.8427275,51,tabular/central_mlp
Media Technology,29,27,0.7496807151979566,1.468782,51,tabular/central_mlp
Molecular Biology,602,1066,0.6644432566865918,1.4362822,51,tabular/central_mlp
Nephrology,29,64,0.6988146551724138,1.5789969,51,tabular/central_mlp
Neurology,94,255,0.7176887776387151,1.692599,51,tabular/central_mlp
Nuclear and High Energy Physics,22,54,0.7693602693602695,1.8263142,51,tabular/central_mlp
Nutrition and Dietetics,22,71,0.49167733674775926,0.9468334,51,tabular/central_mlp
Obstetrics and Gynecology,35,66,0.7272727272727272,1.847657,51,tabular/central_mlp
Ocean Engineering,21,76,0.587092731829574,1.6034265,51,tabular/central_mlp
Oncology,127,349,0.6779550120704827,1.6942567,51,tabular/central_mlp
Organic Chemistry,58,160,0.48857758620689656,1.3001496,51,tabular/central_mlp
Orthopedics and Sports Medicine,22,54,0.6784511784511784,1.7374213,51,tabular/central_mlp
Pathology and Forensic Medicine,80,153,0.680514705882353,1.4697657,51,tabular/central_mlp
"Pediatrics, Perinatology and Child Health",20,101,0.7534653465346535,2.8934433,51,tabular/central_mlp
Pharmacology,56,223,0.6977898782831518,2.1031475,51,tabular/central_mlp
Physiology,86,258,0.7177528393726339,2.0180454,51,tabular/central_mlp
Plant Science,92,284,0.6907914880587875,1.6539598,51,tabular/central_mlp
Pollution,22,59,0.7164869029275809,1.8253973,51,tabular/central_mlp
Psychiatry and Mental health,33,171,0.6686159844054581,1.6825681,51,tabular/central_mlp
"Public Health, Environmental and Occupational Health",40,281,0.6364323843416372,1.9652689,51,tabular/central_mlp
Pulmonary and Respiratory Medicine,133,392,0.6727788859904864,1.7339844,51,tabular/central_mlp
"Radiology, Nuclear Medicine and Imaging",83,221,0.7610260044703702,1.882054,51,tabular/central_mlp
"Renewable Energy, Sustainability and the Environment",57,137,0.6512997823024715,1.5145985,51,tabular/central_mlp
Reproductive Medicine,27,76,0.803849902534113,2.594329,51,tabular/central_mlp
Rheumatology,32,117,0.5815972222222223,1.7835363,51,tabular/central_mlp
Signal Processing,40,46,0.7391304347826086,1.4303613,51,tabular/central_mlp
Social Psychology,48,128,0.8230794270833334,2.5746982,51,tabular/central_mlp
Sociology and Political Science,73,282,0.7574079471485475,2.4171898,51,tabular/central_mlp
Strategy and Management,25,58,0.7375862068965517,1.6549222,51,tabular/central_mlp
Surgery,128,494,0.6478523532388665,1.6016525,51,tabular/central_mlp
Water Science and Technology,56,77,0.6862244897959184,1.5387479,51,tabular/central_mlp
Aerospace Engineering,38,185,0.6739687055476529,1.6887494,51,tabular/fl_fedavg
Artificial Intelligence,320,288,0.7215820312500001,1.3408774,51,tabular/fl_fedavg
Atmospheric Science,28,66,0.7121212121212122,2.0897262,51,tabular/fl_fedavg
"Atomic and Molecular Physics, and Optics",23,101,0.631510977184675,1.508072,51,tabular/fl_fedavg
Biochemistry,25,59,0.6691525423728814,1.645778,51,tabular/fl_fedavg
Biomaterials,25,80,0.535,1.6629771,51,tabular/fl_fedavg
Biomedical Engineering,145,311,0.6090919170639759,1.4331894,51,tabular/fl_fedavg
Building and Construction,37,99,0.7087087087087087,2.0972824,51,tabular/fl_fedavg
Business and International Management,64,22,0.5866477272727273,1.0383612,51,tabular/fl_fedavg
Cancer Research,497,280,0.6272204656510492,1.1437608,51,tabular/fl_fedavg
Cardiology and Cardiovascular Medicine,72,245,0.6062925170068028,1.6016674,51,tabular/fl_fedavg
Cell Biology,69,110,0.5806324110671935,1.1915044,51,tabular/fl_fedavg
Cellular and Molecular Neuroscience,40,126,0.6563492063492065,1.697904,51,tabular/fl_fedavg
Civil and Structural Engineering,81,226,0.5920463236097454,1.254891,51,tabular/fl_fedavg
Clinical Psychology,38,151,0.6528407110491461,1.9201865,51,tabular/fl_fedavg
Cognitive Neuroscience,37,187,0.7918774389362625,2.451746,51,tabular/fl_fedavg
Complementary and alternative medicine,43,76,0.7894736842105263,1.838227,51,tabular/fl_fedavg
Computational Mechanics,24,92,0.654891304347826,1.6799597,51,tabular/fl_fedavg
Computational Theory and Mathematics,29,109,0.6020246757355268,1.3929523,51,tabular/fl_fedavg
Computer Graphics and Computer-Aided Design,49,28,0.6625364431486881,1.1347913,51,tabular/fl_fedavg
Computer Networks and Communications,155,127,0.7844043688087377,1.4381387,51,tabular/fl_fedavg
Computer Vision and Pattern Recognition,174,202,0.6329663138727666,1.153599,51,tabular/fl_fedavg
Control and Systems Engineering,67,169,0.5713591804292149,1.398816,51,tabular/fl_fedavg
Economics and Econometrics,121,199,0.6911831886706259,1.374782,51,tabular/fl_fedavg
Education,106,116,0.8430383864671438,1.6810898,51,tabular/fl_fedavg
Electrical and Electronic Engineering,156,408,0.6578682755153343,1.628451,51,tabular/fl_fedavg
"Electronic, Optical and Magnetic Materials",39,81,0.5742323520101298,1.3323039,51,tabular/fl_fedavg
"Endocrinology, Diabetes and Metabolism",34,150,0.6823529411764706,1.601466,51,tabular/fl_fedavg
Environmental Engineering,30,76,0.5675438596491229,1.3285857,51,tabular/fl_fedavg
Epidemiology,110,371,0.694462141631953,2.0084953,51,tabular/fl_fedavg
Experimental and Cognitive Psychology,28,59,0.6961259079903148,1.9008192,51,tabular/fl_fedavg
Food Science,23,107,0.6554246241365299,1.815549,51,tabular/fl_fedavg
General Health Professions,21,172,0.7361572535991141,2.778995,51,tabular/fl_fedavg
Genetics,81,294,0.6460485428739398,1.3920826,51,tabular/fl_fedavg
Global and Planetary Change,29,122,0.6823063877897119,1.893044,51,tabular/fl_fedavg
"Health, Toxicology and Mutagenesis",30,104,0.6333333333333334,1.9250927,51,tabular/fl_fedavg
Immunology,106,219,0.66054966830361,1.313898,51,tabular/fl_fedavg
Industrial and Manufacturing Engineering,134,93,0.824666987642433,1.4671842,51,tabular/fl_fedavg
Infectious Diseases,37,202,0.7092587637142093,2.2103515,51,tabular/fl_fedavg
Information Systems,154,141,0.7466150870406189,1.429506,51,tabular/fl_fedavg
Inorganic Chemistry,80,105,0.515595238095238,1.3261365,51,tabular/fl_fedavg
Management Science and Operations Research,142,129,0.48646140408341526,0.9890106,51,tabular/fl_fedavg
"Management, Monitoring, Policy and Law",25,49,0.7542857142857143,1.8199369,51,tabular/fl_fedavg
Materials Chemistry,153,374,0.6053615742197057,1.4274764,51,tabular/fl_fedavg
Mechanical Engineering,74,309,0.5988367007784483,1.6509705,51,tabular/fl_fedavg
Mechanics of Materials,35,196,0.6558309037900875,1.9029073,51,tabular/fl_fedavg
Media Technology,29,27,0.698595146871009,1.3893433,51,tabular/fl_fedavg
Molecular Biology,602,1066,0.6472538380507751,1.3961216,51,tabular/fl_fedavg
Nephrology,29,64,0.6395474137931034,1.2231258,51,tabular/fl_fedavg
Neurology,94,255,0.7052982895285774,1.7617421,51,tabular/fl_fedavg
Nuclear and High Energy Physics,22,54,0.6986531986531987,1.5878959,51,tabular/fl_fedavg
Nutrition and Dietetics,22,71,0.4814340588988476,0.9455134,51,tabular/fl_fedavg
Obstetrics and Gynecology,35,66,0.7112554112554113,1.7801934,51,tabular/fl_fedavg
Ocean Engineering,21,76,0.6146616541353384,1.8573323,51,tabular/fl_fedavg
Oncology,127,349,0.6871150418518602,1.5727739,51,tabular/fl_fedavg
Organic Chemistry,58,160,0.46681034482758615,1.1530982,51,tabular/fl_fedavg
Orthopedics and Sports Medicine,22,54,0.6464646464646465,1.6233276,51,tabular/fl_fedavg
Pathology and Forensic Medicine,80,153,0.6459150326797386,1.2491311,51,tabular/fl_fedavg
"Pediatrics, Perinatology and Child Health",20,101,0.706930693069307,1.9819658,51,tabular/fl_fedavg
Pharmacology,56,223,0.716527866752082,1.9946712,51,tabular/fl_fedavg
Physiology,86,258,0.6909140075716604,1.78856,51,tabular/fl_fedavg
Plant Science,92,284,0.6808213410900184,1.6055516,51,tabular/fl_fedavg
Pollution,22,59,0.6379044684129429,1.5958593,51,tabular/fl_fedavg
Psychiatry and Mental health,33,171,0.699096225412015,2.0174158,51,tabular/fl_fedavg
"Public Health, Environmental and Occupational Health",40,281,0.6477758007117438,1.81173,51,tabular/fl_fedavg
Pulmonary and Respiratory Medicine,133,392,0.6484386987877858,1.4959055,51,tabular/fl_fedavg
"Radiology, Nuclear Medicine and Imaging",83,221,0.7318868233113449,1.7191215,51,tabular/fl_fedavg
"Renewable Energy, Sustainability and the Environment",57,137,0.6413113074657447,1.5792396,51,tabular/fl_fedavg
Reproductive Medicine,27,76,0.753411306042885,2.2221642,51,tabular/fl_fedavg
Rheumatology,32,117,0.5705128205128205,1.5406466,51,tabular/fl_fedavg
Signal Processing,40,46,0.7124999999999999,1.3382014,51,tabular/fl_fedavg
Social Psychology,48,128,0.7423502604166667,2.1930492,51,tabular/fl_fedavg
Sociology and Political Science,73,282,0.7173321674924706,2.2579558,51,tabular/fl_fedavg
Strategy and Management,25,58,0.7041379310344827,1.6649269,51,tabular/fl_fedavg
Surgery,128,494,0.6314682439271256,1.4589727,51,tabular/fl_fedavg
Water Science and Technology,56,77,0.6711502782931354,1.4386646,51,tabular/fl_fedavg
