seed,exp,model,view,silo,auprc,roc_auc,recall_at_5fpr
51,v1exact,central_xgb,pooled,ALL,0.6557867153244951,0.8051476368184546,0.35712258796821794
51,v1exact,central_xgb,own_silo,Elsevier BV,0.6661940316414001,0.8221594664089791,0.3998100664767331
51,v1exact,central_xgb,own_silo,Hindawi Publishing Corporation,0.7407938211208174,0.8510708810273081,0.37745098039215685
51,v1exact,central_xgb,own_silo,IOS Press,0.714973047141713,0.8216989374022226,0.4843373493975904
51,v1exact,central_xgb,own_silo,Other,0.5549928442087289,0.7501510631774617,0.2791983413959917
51,v1exact,central_xgb,own_silo,Public Library of Science,0.505207980188652,0.7287780339551457,0.21052631578947367
51,v1exact,central_xgb,own_silo,SAGE Publishing,0.6063293052144952,0.7974028114463084,0.3452914798206278
51,v1exact,central_xgb,own_silo,Spandidos Publishing,0.46452479267138524,0.6762789358102027,0.18439716312056736
51,v1exact,central_xgb,own_silo,Springer Science+Business Media,0.600170386051479,0.7838312458836144,0.3098434004474273
51,v1exact,central_xgb,own_silo,Taylor & Francis,0.5690311486505181,0.7781468264639403,0.2914798206278027
51,v1exact,central_xgb,own_silo,Wiley,0.7738860485345274,0.8582074103241908,0.492091388400703
51,v1exact,central_mlp,pooled,ALL,0.6388114336962782,0.7925249114846199,0.3396708286038593
51,v1exact,central_mlp,own_silo,Elsevier BV,0.6262625378731405,0.8005866349555433,0.3352326685660019
51,v1exact,central_mlp,own_silo,Hindawi Publishing Corporation,0.7243904118351394,0.8350152703971393,0.3616557734204793
51,v1exact,central_mlp,own_silo,IOS Press,0.7128299978216346,0.8203397062110159,0.4650602409638554
51,v1exact,central_mlp,own_silo,Other,0.5369079065079333,0.7408837705083227,0.2453351762266759
51,v1exact,central_mlp,own_silo,Public Library of Science,0.47863704377411537,0.7069631214905845,0.22672064777327935
51,v1exact,central_mlp,own_silo,SAGE Publishing,0.608870043384872,0.8010561808555201,0.3721973094170404
51,v1exact,central_mlp,own_silo,Spandidos Publishing,0.4487512560606651,0.674721892212982,0.2127659574468085
51,v1exact,central_mlp,own_silo,Springer Science+Business Media,0.594678792220672,0.7867494570453468,0.3243847874720358
51,v1exact,central_mlp,own_silo,Taylor & Francis,0.5900092221080422,0.7706899433829248,0.3632286995515695
51,v1exact,central_mlp,own_silo,Wiley,0.7410971265378645,0.8376961228549177,0.437609841827768
51,v1exact,local_logreg,pooled,Elsevier BV,0.30468042039925214,0.5314514682018315,0.05717934165720772
51,v1exact,local_logreg,own_silo,Elsevier BV,0.43681361061430696,0.6825664836751582,0.17663817663817663
51,v1exact,local_logreg,pooled,Hindawi Publishing Corporation,0.39380186236817927,0.6014068514880508,0.14074914869466515
51,v1exact,local_logreg,own_silo,Hindawi Publishing Corporation,0.6114492732668211,0.7697483314313379,0.22549019607843138
51,v1exact,local_logreg,pooled,IOS Press,0.3485245984125862,0.5749456658190311,0.07945516458569807
51,v1exact,local_logreg,own_silo,IOS Press,0.6301018674995531,0.8084073223755054,0.41927710843373495
51,v1exact,local_logreg,pooled,Other,0.31053251668761794,0.5298722031473158,0.0673950056753689
51,v1exact,local_logreg,own_silo,Other,0.32152958545587784,0.5715127364750663,0.0856945404284727
51,v1exact,local_logreg,pooled,Public Library of Science,0.3199527205752769,0.5464536174150683,0.0627128263337117
51,v1exact,local_logreg,own_silo,Public Library of Science,0.3266255300796505,0.6211155114783395,0.09716599190283401
51,v1exact,local_logreg,pooled,SAGE Publishing,0.3448760811004278,0.5815479116811382,0.08129965947786606
51,v1exact,local_logreg,own_silo,SAGE Publishing,0.468217505907655,0.725114854517611,0.19730941704035873
51,v1exact,local_logreg,pooled,Spandidos Publishing,0.34365959663158285,0.5807575335839215,0.07307037457434733
51,v1exact,local_logreg,own_silo,Spandidos Publishing,0.4355933032941749,0.7047737336645425,0.15602836879432624
51,v1exact,local_logreg,pooled,Springer Science+Business Media,0.3662649844177202,0.5755090291602887,0.11180476730987514
51,v1exact,local_logreg,own_silo,Springer Science+Business Media,0.3910057512721714,0.6522164524785404,0.10067114093959731
51,v1exact,local_logreg,pooled,Taylor & Francis,0.28680708831475543,0.5160330239430242,0.035896708286038595
51,v1exact,local_logreg,own_silo,Taylor & Francis,0.3633421581190428,0.6328684288943318,0.10762331838565023
51,v1exact,local_logreg,pooled,Wiley,0.35518698909208507,0.5621874932220913,0.11208853575482407
51,v1exact,local_logreg,own_silo,Wiley,0.5387586780714362,0.7208953538535482,0.24253075571177504
51,v1exact,fl_fedavg,pooled,ALL,0.5824500437409046,0.765298972321157,0.2800794551645857
51,v1exact,fl_fedavg,own_silo,Elsevier BV,0.5951910585427453,0.7796901292880826,0.28205128205128205
51,v1exact,fl_fedavg,own_silo,Hindawi Publishing Corporation,0.6535042614399487,0.783794839380654,0.27832244008714596
51,v1exact,fl_fedavg,own_silo,IOS Press,0.48394250116654725,0.7491680042260104,0.20481927710843373
51,v1exact,fl_fedavg,own_silo,Other,0.5287272474775848,0.7412095702766269,0.2508638562543193
51,v1exact,fl_fedavg,own_silo,Public Library of Science,0.4608415275134773,0.7088440026917009,0.1862348178137652
51,v1exact,fl_fedavg,own_silo,SAGE Publishing,0.5740498422432361,0.7646701323316326,0.30493273542600896
51,v1exact,fl_fedavg,own_silo,Spandidos Publishing,0.47276055534613803,0.6693667422687836,0.22695035460992907
51,v1exact,fl_fedavg,own_silo,Springer Science+Business Media,0.5478956572030134,0.7552551387913657,0.2785234899328859
51,v1exact,fl_fedavg,own_silo,Taylor & Francis,0.5152033304750092,0.7437550421175804,0.22869955156950672
51,v1exact,fl_fedavg,own_silo,Wiley,0.7408121819808617,0.8275798171884545,0.4288224956063269
51,pub_all,central_xgb,pooled,ALL,0.5116283593003987,0.7097027981507564,0.22091373439273554
51,pub_all,central_xgb,own_silo,Elsevier BV,0.4802608903913727,0.6812150469557877,0.23076923076923078
51,pub_all,central_xgb,own_silo,Hindawi Publishing Corporation,0.5994148106710179,0.7382202766794875,0.22712418300653595
51,pub_all,central_xgb,own_silo,IOS Press,0.47326615804364996,0.7258436782543326,0.20481927710843373
51,pub_all,central_xgb,own_silo,Other,0.4053448817636598,0.6575551420797872,0.13199723565998617
51,pub_all,central_xgb,own_silo,Public Library of Science,0.47048890513670955,0.6987115136405255,0.1902834008097166
51,pub_all,central_xgb,own_silo,SAGE Publishing,0.43753218455765275,0.7112464719576428,0.16143497757847533
51,pub_all,central_xgb,own_silo,Spandidos Publishing,0.3435754627768167,0.5975807322605033,0.12056737588652482
51,pub_all,central_xgb,own_silo,Springer Science+Business Media,0.49874678819919027,0.7278470419177321,0.23042505592841164
51,pub_all,central_xgb,own_silo,Taylor & Francis,0.47161178675118415,0.6976255714399924,0.19730941704035873
51,pub_all,central_xgb,own_silo,Wiley,0.6797397503992348,0.8042745300145056,0.3286467486818981
51,pub_all,central_mlp,pooled,ALL,0.5075738696973383,0.7064865613376914,0.21977866061293985
51,pub_all,central_mlp,own_silo,Elsevier BV,0.46888839279735967,0.6796992580374647,0.2127255460588794
51,pub_all,central_mlp,own_silo,Hindawi Publishing Corporation,0.589727065474515,0.7299654086600347,0.2434640522875817
51,pub_all,central_mlp,own_silo,IOS Press,0.5033141651524317,0.7420101993132733,0.24819277108433735
51,pub_all,central_mlp,own_silo,Other,0.4153281563791862,0.6604491051985744,0.1326883206634416
51,pub_all,central_mlp,own_silo,Public Library of Science,0.44714268418124725,0.6803632693135059,0.16194331983805668
51,pub_all,central_mlp,own_silo,SAGE Publishing,0.47933824996664676,0.727727837713485,0.16591928251121077
51,pub_all,central_mlp,own_silo,Spandidos Publishing,0.3889500296684123,0.6229074414083594,0.1276595744680851
51,pub_all,central_mlp,own_silo,Springer Science+Business Media,0.5066738369200463,0.728515415920501,0.24608501118568232
51,pub_all,central_mlp,own_silo,Taylor & Francis,0.5025406124381601,0.7117035271202331,0.20179372197309417
51,pub_all,central_mlp,own_silo,Wiley,0.6464280523132027,0.777520173256935,0.3462214411247803
51,pub_all,fl_fedavg,pooled,ALL,0.4776253685863178,0.6818922006891942,0.18927355278093075
51,pub_all,fl_fedavg,own_silo,Elsevier BV,0.43690271404753894,0.6431630873638671,0.16429249762583095
51,pub_all,fl_fedavg,own_silo,Hindawi Publishing Corporation,0.5710574305415771,0.7132820434986981,0.22113289760348584
51,pub_all,fl_fedavg,own_silo,IOS Press,0.43506780650899834,0.7212509396777668,0.14216867469879518
51,pub_all,fl_fedavg,own_silo,Other,0.3929481358678242,0.6451991389666887,0.1188666205943331
51,pub_all,fl_fedavg,own_silo,Public Library of Science,0.415264362146783,0.6605754062372446,0.145748987854251
51,pub_all,fl_fedavg,own_silo,SAGE Publishing,0.40690364609670343,0.6622762139555965,0.1210762331838565
51,pub_all,fl_fedavg,own_silo,Spandidos Publishing,0.3601795650509483,0.6090470533174929,0.14184397163120568
51,pub_all,fl_fedavg,own_silo,Springer Science+Business Media,0.5028320073857336,0.7197065776892357,0.22706935123042504
51,pub_all,fl_fedavg,own_silo,Taylor & Francis,0.4635334921475642,0.6753494051209744,0.23766816143497757
51,pub_all,fl_fedavg,own_silo,Wiley,0.6616623189069256,0.7741340772417866,0.3321616871704745
51,pub_all,fl_fedavg_ft10,own_silo,Elsevier BV,0.5522332521144125,0.720358638365461,0.2858499525166192
51,pub_all,fl_fedavg_ft10,own_silo,Hindawi Publishing Corporation,0.602435790992563,0.7407005554851114,0.24673202614379086
51,pub_all,fl_fedavg_ft10,own_silo,IOS Press,0.7449001749307719,0.863284503951726,0.472289156626506
51,pub_all,fl_fedavg_ft10,own_silo,Other,0.449448829446784,0.6837896614541086,0.1734623358673117
51,pub_all,fl_fedavg_ft10,own_silo,Public Library of Science,0.47581036458435416,0.6926000286820594,0.2388663967611336
51,pub_all,fl_fedavg_ft10,own_silo,SAGE Publishing,0.6062282045805268,0.7912429009950624,0.4170403587443946
51,pub_all,fl_fedavg_ft10,own_silo,Spandidos Publishing,0.3992235271453556,0.6708967851099831,0.11347517730496454
51,pub_all,fl_fedavg_ft10,own_silo,Springer Science+Business Media,0.5233922073905126,0.73343239874372,0.24049217002237136
51,pub_all,fl_fedavg_ft10,own_silo,Taylor & Francis,0.6004592844965198,0.76871306989556,0.35874439461883406
51,pub_all,fl_fedavg_ft10,own_silo,Wiley,0.7465240860156398,0.8430517715116264,0.4446397188049209
51,pub_all,fl_fedavg_ft30,own_silo,Elsevier BV,0.5578310961732682,0.7230481484258288,0.2934472934472934
51,pub_all,fl_fedavg_ft30,own_silo,Hindawi Publishing Corporation,0.6043275279379736,0.7429181091732532,0.23039215686274508
51,pub_all,fl_fedavg_ft30,own_silo,IOS Press,0.7543437950027899,0.867853877567606,0.5036144578313253
51,pub_all,fl_fedavg_ft30,own_silo,Other,0.4505801603497595,0.6850849098337751,0.1796821008984105
51,pub_all,fl_fedavg_ft30,own_silo,Public Library of Science,0.4834438909868774,0.6916678617524739,0.242914979757085
51,pub_all,fl_fedavg_ft30,own_silo,SAGE Publishing,0.6475552886218229,0.8089466347111297,0.4349775784753363
51,pub_all,fl_fedavg_ft30,own_silo,Spandidos Publishing,0.4214269450767247,0.6840371530402851,0.1347517730496454
51,pub_all,fl_fedavg_ft30,own_silo,Springer Science+Business Media,0.5313884146670389,0.7341558846849593,0.26174496644295303
51,pub_all,fl_fedavg_ft30,own_silo,Taylor & Francis,0.6148060531774989,0.7902115690706515,0.35874439461883406
51,pub_all,fl_fedavg_ft30,own_silo,Wiley,0.756570181429528,0.8496748537131243,0.46397188049209137
51,pub_meta_only,central_xgb,pooled,ALL,0.4768799182500686,0.6822254560834237,0.1844494892167991
51,pub_meta_only,central_xgb,own_silo,Elsevier BV,0.46527055525558536,0.6723384662590316,0.19468186134852802
51,pub_meta_only,central_xgb,own_silo,Hindawi Publishing Corporation,0.5671045805916564,0.713082237924891,0.1900871459694989
51,pub_meta_only,central_xgb,own_silo,IOS Press,0.39669870372242744,0.6635709786870924,0.13253012048192772
51,pub_meta_only,central_xgb,own_silo,Other,0.36167042784775383,0.6184135203955836,0.08984105044920525
51,pub_meta_only,central_xgb,own_silo,Public Library of Science,0.4264145934005004,0.654317753091595,0.16194331983805668
51,pub_meta_only,central_xgb,own_silo,SAGE Publishing,0.34378035842494314,0.6413792156243346,0.06278026905829596
51,pub_meta_only,central_xgb,own_silo,Spandidos Publishing,0.3491425681779805,0.5865914245598877,0.1276595744680851
51,pub_meta_only,central_xgb,own_silo,Springer Science+Business Media,0.4861560518359296,0.7160106758401963,0.21588366890380314
51,pub_meta_only,central_xgb,own_silo,Taylor & Francis,0.38348215292841986,0.6245793692901426,0.1031390134529148
51,pub_meta_only,central_xgb,own_silo,Wiley,0.6434692879740533,0.7777373234930498,0.30404217926186294
51,pub_meta_only,central_mlp,pooled,ALL,0.46692236222378525,0.6742335171118781,0.1797673098751419
51,pub_meta_only,central_mlp,own_silo,Elsevier BV,0.4518729325580615,0.6589202459694662,0.1842355175688509
51,pub_meta_only,central_mlp,own_silo,Hindawi Publishing Corporation,0.5616773622269323,0.705196561935245,0.19662309368191722
51,pub_meta_only,central_mlp,own_silo,IOS Press,0.3838329189897113,0.6704514516751661,0.10843373493975904
51,pub_meta_only,central_mlp,own_silo,Other,0.35113739046400083,0.6091906265432385,0.09053213545266067
51,pub_meta_only,central_mlp,own_silo,Public Library of Science,0.4046325359455296,0.6564192655186489,0.1659919028340081
51,pub_meta_only,central_mlp,own_silo,SAGE Publishing,0.33583373713813774,0.6269339852629122,0.05829596412556054
51,pub_meta_only,central_mlp,own_silo,Spandidos Publishing,0.30319441037991446,0.5527144760053282,0.06382978723404255
51,pub_meta_only,central_mlp,own_silo,Springer Science+Business Media,0.49974519007695317,0.7204624957588754,0.24272930648769575
51,pub_meta_only,central_mlp,own_silo,Taylor & Francis,0.35001910546542236,0.6019325391922437,0.07623318385650224
51,pub_meta_only,central_mlp,own_silo,Wiley,0.6338085174358397,0.7653945040722907,0.28646748681898065
51,pub_meta_only,fl_fedavg,pooled,ALL,0.45028988760673105,0.6597128541025983,0.1706867196367764
51,pub_meta_only,fl_fedavg,own_silo,Elsevier BV,0.4265098784789364,0.6323960225032349,0.1728395061728395
51,pub_meta_only,fl_fedavg,own_silo,Hindawi Publishing Corporation,0.5442201783862686,0.6856704501645194,0.18246187363834424
51,pub_meta_only,fl_fedavg,own_silo,IOS Press,0.35985870883947446,0.6413945833925923,0.08674698795180723
51,pub_meta_only,fl_fedavg,own_silo,Other,0.3489364815479947,0.6100548401320994,0.08431237042156185
51,pub_meta_only,fl_fedavg,own_silo,Public Library of Science,0.3771542745150688,0.6386915465145782,0.12955465587044535
51,pub_meta_only,fl_fedavg,own_silo,SAGE Publishing,0.3012155113521688,0.5912209258407213,0.03587443946188341
51,pub_meta_only,fl_fedavg,own_silo,Spandidos Publishing,0.3074377600027603,0.5689869316340858,0.05673758865248227
51,pub_meta_only,fl_fedavg,own_silo,Springer Science+Business Media,0.49480217384140235,0.7193441543243141,0.23825503355704697
51,pub_meta_only,fl_fedavg,own_silo,Taylor & Francis,0.33806866573987715,0.5776867673030941,0.07174887892376682
51,pub_meta_only,fl_fedavg,own_silo,Wiley,0.6266559158339685,0.7513542936392352,0.3110720562390158
51,pub_text_only,central_xgb,pooled,ALL,0.3649874734568053,0.5886947193765047,0.10754824063564132
51,pub_text_only,central_xgb,own_silo,Elsevier BV,0.302333654257033,0.5263508466481175,0.1291547958214625
51,pub_text_only,central_xgb,own_silo,Hindawi Publishing Corporation,0.4627801594126722,0.6209061470953265,0.12091503267973856
51,pub_text_only,central_xgb,own_silo,IOS Press,0.3524026969449487,0.595686625083809,0.13734939759036144
51,pub_text_only,central_xgb,own_silo,Other,0.30887985920865924,0.566869978109686,0.07256392536281962
51,pub_text_only,central_xgb,own_silo,Public Library of Science,0.32229738536132424,0.5885668898719235,0.10526315789473684
51,pub_text_only,central_xgb,own_silo,SAGE Publishing,0.35576932874481887,0.6241424539380163,0.13901345291479822
51,pub_text_only,central_xgb,own_silo,Spandidos Publishing,0.3045872446065452,0.560697699535587,0.07801418439716312
51,pub_text_only,central_xgb,own_silo,Springer Science+Business Media,0.2820681735971644,0.5232869485857778,0.052572706935123045
51,pub_text_only,central_xgb,own_silo,Taylor & Francis,0.35057499990543367,0.6182744510905511,0.07174887892376682
51,pub_text_only,central_xgb,own_silo,Wiley,0.46827819108446034,0.6457222851153647,0.13884007029876977
51,pub_text_only,central_mlp,pooled,ALL,0.3732890497520953,0.5941245431278742,0.11137911464245176
51,pub_text_only,central_mlp,own_silo,Elsevier BV,0.3145217566864068,0.5329188603433243,0.13295346628679963
51,pub_text_only,central_mlp,own_silo,Hindawi Publishing Corporation,0.4758262081633201,0.6305527698047668,0.144880174291939
51,pub_text_only,central_mlp,own_silo,IOS Press,0.33745260035196417,0.5738932119709867,0.10602409638554217
51,pub_text_only,central_mlp,own_silo,Other,0.318146762614819,0.5846113700992461,0.05943331029716655
51,pub_text_only,central_mlp,own_silo,Public Library of Science,0.3086101936568366,0.5748546591799137,0.08906882591093117
51,pub_text_only,central_mlp,own_silo,SAGE Publishing,0.3575278817950438,0.6062601720929275,0.13901345291479822
51,pub_text_only,central_mlp,own_silo,Spandidos Publishing,0.2997399661790463,0.5566475861324117,0.0425531914893617
51,pub_text_only,central_mlp,own_silo,Springer Science+Business Media,0.28593332083141176,0.5202496684211768,0.05145413870246085
51,pub_text_only,central_mlp,own_silo,Taylor & Francis,0.34708513395882745,0.6238198719392984,0.053811659192825115
51,pub_text_only,central_mlp,own_silo,Wiley,0.48595170774597185,0.6453466152068863,0.17398945518453426
51,pub_text_only,fl_fedavg,pooled,ALL,0.35987163030373676,0.586855211382023,0.10258229284903518
51,pub_text_only,fl_fedavg,own_silo,Elsevier BV,0.30841918956944003,0.5203546814170597,0.1225071225071225
51,pub_text_only,fl_fedavg,own_silo,Hindawi Publishing Corporation,0.45154899110556446,0.6163078171369143,0.09640522875816994
51,pub_text_only,fl_fedavg,own_silo,IOS Press,0.33949499224364704,0.6005709177350211,0.0819277108433735
51,pub_text_only,fl_fedavg,own_silo,Other,0.32231769137547045,0.5831044010036812,0.0746371803731859
51,pub_text_only,fl_fedavg,own_silo,Public Library of Science,0.3207374284173945,0.58530154772805,0.09716599190283401
51,pub_text_only,fl_fedavg,own_silo,SAGE Publishing,0.36366877083322713,0.6187448066529779,0.15695067264573992
51,pub_text_only,fl_fedavg,own_silo,Spandidos Publishing,0.31070839532741973,0.5754221118191309,0.09219858156028368
51,pub_text_only,fl_fedavg,own_silo,Springer Science+Business Media,0.2877865715773675,0.5309300445794347,0.04809843400447427
51,pub_text_only,fl_fedavg,own_silo,Taylor & Francis,0.3634736636201178,0.6375707713440559,0.08071748878923767
51,pub_text_only,fl_fedavg,own_silo,Wiley,0.45492205198509605,0.6197446023689643,0.1546572934973638
51,pub_no_year,central_xgb,pooled,ALL,0.4692048870424594,0.6717623080249782,0.1840238365493757
51,pub_no_year,central_xgb,own_silo,Elsevier BV,0.37019393432663644,0.6053570486440857,0.11301044634377967
51,pub_no_year,central_xgb,own_silo,Hindawi Publishing Corporation,0.5759041523704844,0.7107153904085639,0.2173202614379085
51,pub_no_year,central_xgb,own_silo,IOS Press,0.41156877712566686,0.6755632987261018,0.15903614457831325
51,pub_no_year,central_xgb,own_silo,Other,0.3669528620971295,0.6255326071342556,0.09467864547339323
51,pub_no_year,central_xgb,own_silo,Public Library of Science,0.3851647254511278,0.6066421030568456,0.17813765182186234
51,pub_no_year,central_xgb,own_silo,SAGE Publishing,0.3954467257516032,0.6788159512151573,0.11210762331838565
51,pub_no_year,central_xgb,own_silo,Spandidos Publishing,0.37206803980727704,0.6228534398963171,0.11347517730496454
51,pub_no_year,central_xgb,own_silo,Springer Science+Business Media,0.48469376191071495,0.7071589727678984,0.21364653243847875
51,pub_no_year,central_xgb,own_silo,Taylor & Francis,0.45545681921028824,0.6976401072744582,0.14798206278026907
51,pub_no_year,central_xgb,own_silo,Wiley,0.640429117786915,0.7682044281276149,0.29525483304042177
51,pub_no_year,central_mlp,pooled,ALL,0.46633600788113666,0.6694377605592423,0.18345629965947788
51,pub_no_year,central_mlp,own_silo,Elsevier BV,0.36880076154174574,0.6099476294408068,0.11301044634377967
51,pub_no_year,central_mlp,own_silo,Hindawi Publishing Corporation,0.57118884704219,0.7102199590398575,0.23202614379084968
51,pub_no_year,central_mlp,own_silo,IOS Press,0.41369105120247557,0.6803815599666796,0.1686746987951807
51,pub_no_year,central_mlp,own_silo,Other,0.3622859830327808,0.6209747157225055,0.09260539046302695
51,pub_no_year,central_mlp,own_silo,Public Library of Science,0.35094163391543753,0.5820389634745006,0.13360323886639677
51,pub_no_year,central_mlp,own_silo,SAGE Publishing,0.40005234577407117,0.6782494042673004,0.11210762331838565
51,pub_no_year,central_mlp,own_silo,Spandidos Publishing,0.3935225475152958,0.6366418259711272,0.10638297872340426
51,pub_no_year,central_mlp,own_silo,Springer Science+Business Media,0.49321043948264454,0.7089858314690529,0.21364653243847875
51,pub_no_year,central_mlp,own_silo,Taylor & Francis,0.4472734033945981,0.6729110188893168,0.17937219730941703
51,pub_no_year,central_mlp,own_silo,Wiley,0.6382898089481577,0.7580881224611518,0.3181019332161687
51,pub_no_year,fl_fedavg,pooled,ALL,0.455988208699091,0.6586481473387549,0.17437570942111238
51,pub_no_year,fl_fedavg,own_silo,Elsevier BV,0.3593822908623668,0.5874714683194215,0.10731244064577398
51,pub_no_year,fl_fedavg,own_silo,Hindawi Publishing Corporation,0.5608603639147645,0.6963979922101442,0.22603485838779958
51,pub_no_year,fl_fedavg,own_silo,IOS Press,0.45589278358779495,0.7192771084337348,0.163855421686747
51,pub_no_year,fl_fedavg,own_silo,Other,0.3806418402822359,0.635645263995186,0.10366275051831375
51,pub_no_year,fl_fedavg,own_silo,Public Library of Science,0.34581713254464447,0.579940208937771,0.12955465587044535
51,pub_no_year,fl_fedavg,own_silo,SAGE Publishing,0.3954868276368224,0.6544338307501082,0.12556053811659193
51,pub_no_year,fl_fedavg,own_silo,Spandidos Publishing,0.39475092902051767,0.6388558879648629,0.11347517730496454
51,pub_no_year,fl_fedavg,own_silo,Springer Science+Business Media,0.4616473014547597,0.6916230760717117,0.18008948545861297
51,pub_no_year,fl_fedavg,own_silo,Taylor & Francis,0.4695339689987792,0.6691571396384939,0.26905829596412556
51,pub_no_year,fl_fedavg,own_silo,Wiley,0.6263108317550081,0.7485508840909947,0.3163444639718805
51,pub_has_abstract,central_xgb,pooled,ALL,0.5195106585881809,0.7108142178321689,0.22815142972211036
51,pub_has_abstract,central_xgb,own_silo,Elsevier BV,0.6291456951056336,0.7305135024549918,0.16538461538461538
51,pub_has_abstract,central_xgb,own_silo,Hindawi Publishing Corporation,0.5998320280138473,0.740335502666257,0.22640480087288598
51,pub_has_abstract,central_xgb,own_silo,IOS Press,0.36362706663523764,0.6789159689086799,0.22419928825622776
51,pub_has_abstract,central_xgb,own_silo,Other,0.39657180564653444,0.64070110005768,0.13458528951486698
51,pub_has_abstract,central_xgb,own_silo,Public Library of Science,0.45380537345710925,0.6894205880400877,0.15789473684210525
51,pub_has_abstract,central_xgb,own_silo,SAGE Publishing,0.45901515711589536,0.7075769682726205,0.22702702702702704
51,pub_has_abstract,central_xgb,own_silo,Spandidos Publishing,0.34486733268714564,0.5853943910429492,0.12056737588652482
51,pub_has_abstract,central_xgb,own_silo,Springer Science+Business Media,0.5817842480431066,0.780592552324001,0.47692307692307695
51,pub_has_abstract,central_xgb,own_silo,Taylor & Francis,0.39303895302509423,0.6862522226473698,0.18181818181818182
51,pub_has_abstract,central_xgb,own_silo,Wiley,0.691877919199331,0.7964340634995104,0.3333333333333333
51,pub_has_abstract,central_mlp,pooled,ALL,0.5136005340705119,0.7072602378330184,0.21727748691099477
51,pub_has_abstract,central_mlp,own_silo,Elsevier BV,0.6166180212609034,0.7276033142389524,0.17692307692307693
51,pub_has_abstract,central_mlp,own_silo,Hindawi Publishing Corporation,0.5940438073645461,0.7354821194279608,0.22967812329514456
51,pub_has_abstract,central_mlp,own_silo,IOS Press,0.35789452145784545,0.682361372281194,0.199288256227758
51,pub_has_abstract,central_mlp,own_silo,Other,0.3938499116282785,0.6388023687893392,0.11971830985915492
51,pub_has_abstract,central_mlp,own_silo,Public Library of Science,0.4024160297766224,0.6667717528373265,0.1214574898785425
51,pub_has_abstract,central_mlp,own_silo,SAGE Publishing,0.44636719536017777,0.7135464159811986,0.1891891891891892
51,pub_has_abstract,central_mlp,own_silo,Spandidos Publishing,0.3834508800896801,0.6017568491917774,0.09219858156028368
51,pub_has_abstract,central_mlp,own_silo,Springer Science+Business Media,0.5712632258293766,0.7573797227507475,0.47692307692307695
51,pub_has_abstract,central_mlp,own_silo,Taylor & Francis,0.4166866604746723,0.7075896373989962,0.19480519480519481
51,pub_has_abstract,central_mlp,own_silo,Wiley,0.6873871699400668,0.7839475144190133,0.3505747126436782
51,pub_has_abstract,fl_fedavg,pooled,ALL,0.4972015984176953,0.6902295900691096,0.20237615787354007
51,pub_has_abstract,fl_fedavg,own_silo,Elsevier BV,0.6340497120605757,0.6900828559738135,0.2
51,pub_has_abstract,fl_fedavg,own_silo,Hindawi Publishing Corporation,0.5894796519379408,0.724947038776826,0.22858701582105836
51,pub_has_abstract,fl_fedavg,own_silo,IOS Press,0.31751515751839093,0.6603046655355536,0.15658362989323843
51,pub_has_abstract,fl_fedavg,own_silo,Other,0.4069981465020798,0.6415248219616279,0.14006259780907668
51,pub_has_abstract,fl_fedavg,own_silo,Public Library of Science,0.3859296054412703,0.6572199730094468,0.10931174089068826
51,pub_has_abstract,fl_fedavg,own_silo,SAGE Publishing,0.3826512603031421,0.6570058754406581,0.17297297297297298
51,pub_has_abstract,fl_fedavg,own_silo,Spandidos Publishing,0.33239910758550745,0.586321416999676,0.0851063829787234
51,pub_has_abstract,fl_fedavg,own_silo,Springer Science+Business Media,0.5697166282558347,0.7568360967654254,0.4307692307692308
51,pub_has_abstract,fl_fedavg,own_silo,Taylor & Francis,0.33862098663273044,0.6325035449818812,0.14935064935064934
51,pub_has_abstract,fl_fedavg,own_silo,Wiley,0.6486372515366672,0.7627983870066911,0.32950191570881227
51,pub_silo_onehot,central_xgb,pooled,ALL,0.5727001199956092,0.7455554459223115,0.2709988649262202
51,pub_silo_onehot,central_xgb,own_silo,Elsevier BV,0.5493986973056243,0.7169976619294358,0.27825261158594494
51,pub_silo_onehot,central_xgb,own_silo,Hindawi Publishing Corporation,0.5991461183314541,0.7446381501846281,0.23583877995642702
51,pub_silo_onehot,central_xgb,own_silo,IOS Press,0.734000386477874,0.859576586277657,0.43855421686746987
51,pub_silo_onehot,central_xgb,own_silo,Other,0.4343682692823562,0.6711910281872633,0.15342087076710437
51,pub_silo_onehot,central_xgb,own_silo,Public Library of Science,0.46922765547754614,0.694497457225121,0.24696356275303644
51,pub_silo_onehot,central_xgb,own_silo,SAGE Publishing,0.5919524155668889,0.801145454920031,0.3632286995515695
51,pub_silo_onehot,central_xgb,own_silo,Spandidos Publishing,0.3806496711070535,0.652122259423264,0.09219858156028368
51,pub_silo_onehot,central_xgb,own_silo,Springer Science+Business Media,0.5116927217138667,0.7329967195922714,0.24161073825503357
51,pub_silo_onehot,central_xgb,own_silo,Taylor & Francis,0.600290359973903,0.7676519539795481,0.3542600896860987
51,pub_silo_onehot,central_xgb,own_silo,Wiley,0.7351356629019871,0.8449742749353617,0.4112478031634446
51,pub_silo_onehot,central_mlp,pooled,ALL,0.5755285698408361,0.7417095865755015,0.28064699205448357
51,pub_silo_onehot,central_mlp,own_silo,Elsevier BV,0.5174084894653783,0.6995803204989365,0.25925925925925924
51,pub_silo_onehot,central_mlp,own_silo,Hindawi Publishing Corporation,0.5976452293089015,0.7380874732151663,0.23965141612200436
51,pub_silo_onehot,central_mlp,own_silo,IOS Press,0.7465202038727761,0.8604217883337735,0.4819277108433735
51,pub_silo_onehot,central_mlp,own_silo,Other,0.4394506488653795,0.6645437123771394,0.16102280580511402
51,pub_silo_onehot,central_mlp,own_silo,Public Library of Science,0.4371740884645119,0.6722302507473883,0.21052631578947367
51,pub_silo_onehot,central_mlp,own_silo,SAGE Publishing,0.6346654412565229,0.8123493500161381,0.3991031390134529
51,pub_silo_onehot,central_mlp,own_silo,Spandidos Publishing,0.35928843547544626,0.6477661374518486,0.09219858156028368
51,pub_silo_onehot,central_mlp,own_silo,Springer Science+Business Media,0.5247900222631572,0.7320051582960024,0.2516778523489933
51,pub_silo_onehot,central_mlp,own_silo,Taylor & Francis,0.6200071999931439,0.7968326416698767,0.4125560538116592
51,pub_silo_onehot,central_mlp,own_silo,Wiley,0.7472549113023917,0.844086854303773,0.4200351493848858
46,v1exact,central_xgb,pooled,ALL,0.6519271408215018,0.8018562884533355,0.344211123723042
46,v1exact,central_xgb,own_silo,Elsevier BV,0.6830134850818808,0.8310100145504629,0.39316239316239315
46,v1exact,central_xgb,own_silo,Hindawi Publishing Corporation,0.7322830851656866,0.8410815629406769,0.36546840958605664
46,v1exact,central_xgb,own_silo,IOS Press,0.6896592380756329,0.7909039192181881,0.46265060240963857
46,v1exact,central_xgb,own_silo,Other,0.5468145747867227,0.7426032643225043,0.25777470628887356
46,v1exact,central_xgb,own_silo,Public Library of Science,0.4585785090247011,0.7251155556045847,0.145748987854251
46,v1exact,central_xgb,own_silo,SAGE Publishing,0.6103986133094045,0.8165761336089382,0.33183856502242154
46,v1exact,central_xgb,own_silo,Spandidos Publishing,0.4402264653475019,0.669762753357094,0.1773049645390071
46,v1exact,central_xgb,own_silo,Springer Science+Business Media,0.5930125573427765,0.7831771601611901,0.31767337807606266
46,v1exact,central_xgb,own_silo,Taylor & Francis,0.6078491370329875,0.7877259413769795,0.30493273542600896
46,v1exact,central_xgb,own_silo,Wiley,0.7733470741725575,0.8578447694298794,0.4850615114235501
46,v1exact,central_mlp,pooled,ALL,0.6417038593257401,0.7943052380664442,0.3300227014755959
46,v1exact,central_mlp,own_silo,Elsevier BV,0.6466733097769685,0.81356907026985,0.3409306742640076
46,v1exact,central_mlp,own_silo,Hindawi Publishing Corporation,0.7172877008807761,0.8317670689675046,0.35893246187363836
46,v1exact,central_mlp,own_silo,IOS Press,0.6955194166010435,0.7999299051179423,0.4602409638554217
46,v1exact,central_mlp,own_silo,Other,0.5353098744392285,0.7366517681985122,0.2404975812024879
46,v1exact,central_mlp,own_silo,Public Library of Science,0.44052134984394015,0.7055565974252336,0.17813765182186234
46,v1exact,central_mlp,own_silo,SAGE Publishing,0.5776828360855726,0.8028244940564073,0.3542600896860987
46,v1exact,central_mlp,own_silo,Spandidos Publishing,0.4672942317061652,0.6945674478885409,0.19858156028368795
46,v1exact,central_mlp,own_silo,Springer Science+Business Media,0.610790906234856,0.7930753096701267,0.3221476510067114
46,v1exact,central_mlp,own_silo,Taylor & Francis,0.5749277739768549,0.7751306408122625,0.2556053811659193
46,v1exact,central_mlp,own_silo,Wiley,0.7738536712431261,0.8417590037726235,0.5026362038664324
46,v1exact,local_logreg,pooled,Elsevier BV,0.30312907806531453,0.5300848117663838,0.056044267877412034
46,v1exact,local_logreg,own_silo,Elsevier BV,0.45059232103357655,0.691469617578292,0.16999050332383667
46,v1exact,local_logreg,pooled,Hindawi Publishing Corporation,0.39095849922923465,0.5937692903389908,0.14046538024971622
46,v1exact,local_logreg,own_silo,Hindawi Publishing Corporation,0.6018485457493201,0.7617118406576165,0.22657952069716775
46,v1exact,local_logreg,pooled,IOS Press,0.34695762654080475,0.570416079795621,0.07917139614074915
46,v1exact,local_logreg,own_silo,IOS Press,0.6316303753570556,0.7856782949673906,0.39036144578313253
46,v1exact,local_logreg,pooled,Other,0.31546889169147,0.5372125755921674,0.06540862656072645
46,v1exact,local_logreg,own_silo,Other,0.32182268661628155,0.5713881160536831,0.08984105044920525
46,v1exact,local_logreg,pooled,Public Library of Science,0.32438566502466903,0.5446466064120166,0.07278660612939841
46,v1exact,local_logreg,own_silo,Public Library of Science,0.34363514648125515,0.6469348806936646,0.09716599190283401
46,v1exact,local_logreg,pooled,SAGE Publishing,0.3422290996420723,0.5816148486644973,0.07037457434733257
46,v1exact,local_logreg,own_silo,SAGE Publishing,0.48027341375216587,0.7400888620303668,0.16591928251121077
46,v1exact,local_logreg,pooled,Spandidos Publishing,0.3345991753091226,0.5659416741648138,0.07434733257661748
46,v1exact,local_logreg,own_silo,Spandidos Publishing,0.44660844930726884,0.6906973395255067,0.14893617021276595
46,v1exact,local_logreg,pooled,Springer Science+Business Media,0.37653150929952506,0.584707037424572,0.11109534619750283
46,v1exact,local_logreg,own_silo,Springer Science+Business Media,0.4105086749668504,0.681187641862212,0.11073825503355705
46,v1exact,local_logreg,pooled,Taylor & Francis,0.2910597931018749,0.517742079787734,0.0438422247446084
46,v1exact,local_logreg,own_silo,Taylor & Francis,0.37117372546034244,0.6257167983371005,0.11210762331838565
46,v1exact,local_logreg,pooled,Wiley,0.3567882741853909,0.5640051968896218,0.10868331441543701
46,v1exact,local_logreg,own_silo,Wiley,0.5769525659346587,0.7394573560366319,0.2513181019332162
46,v1exact,fl_fedavg,pooled,ALL,0.5887511986104621,0.7699105094226898,0.2847616345062429
46,v1exact,fl_fedavg,own_silo,Elsevier BV,0.621480674986298,0.7958252805962357,0.32098765432098764
46,v1exact,fl_fedavg,own_silo,Hindawi Publishing Corporation,0.6538319293454414,0.7902441726576319,0.2788671023965142
46,v1exact,fl_fedavg,own_silo,IOS Press,0.5060758949276598,0.7429701944371077,0.21927710843373494
46,v1exact,fl_fedavg,own_silo,Other,0.5309567348206906,0.7390986164721218,0.2508638562543193
46,v1exact,fl_fedavg,own_silo,Public Library of Science,0.4539235591873396,0.6997346909508102,0.17813765182186234
46,v1exact,fl_fedavg,own_silo,SAGE Publishing,0.5843884938959292,0.7747340662962937,0.336322869955157
46,v1exact,fl_fedavg,own_silo,Spandidos Publishing,0.46883457761010827,0.6887352845879684,0.2127659574468085
46,v1exact,fl_fedavg,own_silo,Springer Science+Business Media,0.5268548185395961,0.7560995081202793,0.25615212527964204
46,v1exact,fl_fedavg,own_silo,Taylor & Francis,0.5405241604393152,0.7441402417309272,0.2242152466367713
46,v1exact,fl_fedavg,own_silo,Wiley,0.7569743110769578,0.8301624573299786,0.4903339191564148
46,pub_all,central_xgb,pooled,ALL,0.5145736468035401,0.7095639496098224,0.21750851305334848
46,pub_all,central_xgb,own_silo,Elsevier BV,0.5040312337548931,0.6921620835485358,0.22792022792022792
46,pub_all,central_xgb,own_silo,Hindawi Publishing Corporation,0.5936584472977989,0.7365595529478366,0.2233115468409586
46,pub_all,central_xgb,own_silo,IOS Press,0.4424666938832044,0.7185974928381316,0.17349397590361446
46,pub_all,central_xgb,own_silo,Other,0.4063168607071884,0.6591722595478002,0.1216309606081548
46,pub_all,central_xgb,own_silo,Public Library of Science,0.39716764868162846,0.6464219130933602,0.1659919028340081
46,pub_all,central_xgb,own_silo,SAGE Publishing,0.43585123821716687,0.727490918080745,0.15695067264573992
46,pub_all,central_xgb,own_silo,Spandidos Publishing,0.3560452801272774,0.6151852251863053,0.10638297872340426
46,pub_all,central_xgb,own_silo,Springer Science+Business Media,0.5158269590601404,0.72909987462601,0.2360178970917226
46,pub_all,central_xgb,own_silo,Taylor & Francis,0.5402557585873983,0.7466985485969286,0.22869955156950672
46,pub_all,central_xgb,own_silo,Wiley,0.6825820872761381,0.7905955128075209,0.3286467486818981
46,pub_all,central_mlp,pooled,ALL,0.5173215480349324,0.7074221592100359,0.22999432463110103
46,pub_all,central_mlp,own_silo,Elsevier BV,0.4771480526122114,0.6730522789245986,0.2184235517568851
46,pub_all,central_mlp,own_silo,Hindawi Publishing Corporation,0.5947369350291969,0.7362667289137876,0.23583877995642702
46,pub_all,central_mlp,own_silo,IOS Press,0.4381933161234046,0.7209969727137895,0.18313253012048192
46,pub_all,central_mlp,own_silo,Other,0.4060364743966079,0.6592016503138469,0.12854181064270906
46,pub_all,central_mlp,own_silo,Public Library of Science,0.40757100502566795,0.6505725380313075,0.1417004048582996
46,pub_all,central_mlp,own_silo,SAGE Publishing,0.45537745779761,0.7036787781814187,0.21076233183856502
46,pub_all,central_mlp,own_silo,Spandidos Publishing,0.3701087059314638,0.6392338985491594,0.11347517730496454
46,pub_all,central_mlp,own_silo,Springer Science+Business Media,0.5523786905747723,0.7387161140957741,0.29082774049217003
46,pub_all,central_mlp,own_silo,Taylor & Francis,0.5107380695411469,0.7257887507177068,0.23766816143497757
46,pub_all,central_mlp,own_silo,Wiley,0.6850868799801864,0.7848272787021944,0.37961335676625657
46,pub_all,fl_fedavg,pooled,ALL,0.4842006465241476,0.6840461666777303,0.20502270147559593
46,pub_all,fl_fedavg,own_silo,Elsevier BV,0.4494777205370337,0.6530429627408185,0.18233618233618235
46,pub_all,fl_fedavg,own_silo,Hindawi Publishing Corporation,0.5872009656224066,0.7296019802525492,0.22930283224400871
46,pub_all,fl_fedavg,own_silo,IOS Press,0.4271366328632109,0.6977945508848208,0.1855421686746988
46,pub_all,fl_fedavg,own_silo,Other,0.3909893883001948,0.6546044521025206,0.12232204561161023
46,pub_all,fl_fedavg,own_silo,Public Library of Science,0.3861791491853096,0.6233163079570652,0.17813765182186234
46,pub_all,fl_fedavg,own_silo,SAGE Publishing,0.4143711033705022,0.6531015870181776,0.2242152466367713
46,pub_all,fl_fedavg,own_silo,Spandidos Publishing,0.3817285072930541,0.6233394535046981,0.1347517730496454
46,pub_all,fl_fedavg,own_silo,Springer Science+Business Media,0.5151918617693431,0.7166851733916839,0.25615212527964204
46,pub_all,fl_fedavg,own_silo,Taylor & Francis,0.5338924938799089,0.7105188566112609,0.3004484304932735
46,pub_all,fl_fedavg,own_silo,Wiley,0.6731279139856823,0.7748246149926314,0.36203866432337434
46,pub_all,fl_fedavg_ft10,own_silo,Elsevier BV,0.5547002193072013,0.7212774140162054,0.29534662867996203
46,pub_all,fl_fedavg_ft10,own_silo,Hindawi Publishing Corporation,0.609891198703588,0.7505901308854589,0.25217864923747274
46,pub_all,fl_fedavg_ft10,own_silo,IOS Press,0.7129937541911683,0.8390834840203987,0.43132530120481927
46,pub_all,fl_fedavg_ft10,own_silo,Other,0.43521190880184546,0.6773733624251295,0.1603317208016586
46,pub_all,fl_fedavg_ft10,own_silo,Public Library of Science,0.48173796310459394,0.6988383765954396,0.22672064777327935
46,pub_all,fl_fedavg_ft10,own_silo,SAGE Publishing,0.6460209179204932,0.8059353518428227,0.4484304932735426
46,pub_all,fl_fedavg_ft10,own_silo,Spandidos Publishing,0.4273117513017889,0.6659286460020881,0.14893617021276595
46,pub_all,fl_fedavg_ft10,own_silo,Springer Science+Business Media,0.5738082865676765,0.750270116537936,0.30313199105145416
46,pub_all,fl_fedavg_ft10,own_silo,Taylor & Francis,0.630705358557175,0.7933585772325223,0.39461883408071746
46,pub_all,fl_fedavg_ft10,own_silo,Wiley,0.7439222510568754,0.8323100731651527,0.45166959578207383
46,pub_all,fl_fedavg_ft30,own_silo,Elsevier BV,0.5574052685045491,0.7258640031544515,0.2972459639126306
46,pub_all,fl_fedavg_ft30,own_silo,Hindawi Publishing Corporation,0.6105768003751799,0.7524954883645273,0.26143790849673204
46,pub_all,fl_fedavg_ft30,own_silo,IOS Press,0.7172184247991651,0.8413529328105,0.44096385542168676
46,pub_all,fl_fedavg_ft30,own_silo,Other,0.44087851324520505,0.6804121353669004,0.16931582584657912
46,pub_all,fl_fedavg_ft30,own_silo,Public Library of Science,0.4851843122143139,0.707564341581264,0.19433198380566802
46,pub_all,fl_fedavg_ft30,own_silo,SAGE Publishing,0.6780295887688536,0.8185058268495182,0.452914798206278
46,pub_all,fl_fedavg_ft30,own_silo,Spandidos Publishing,0.4328483868999218,0.6755049141375958,0.1347517730496454
46,pub_all,fl_fedavg_ft30,own_silo,Springer Science+Business Media,0.5795544535752678,0.7561636919827779,0.31208053691275167
46,pub_all,fl_fedavg_ft30,own_silo,Taylor & Francis,0.6531494396355251,0.8056558931906883,0.39461883408071746
46,pub_all,fl_fedavg_ft30,own_silo,Wiley,0.756728435154385,0.8397843842922206,0.4428822495606327
46,pub_meta_only,central_xgb,pooled,ALL,0.479717019125094,0.6806739886702943,0.1909761634506243
46,pub_meta_only,central_xgb,own_silo,Elsevier BV,0.47669590076352103,0.6709096260753181,0.20417853751187084
46,pub_meta_only,central_xgb,own_silo,Hindawi Publishing Corporation,0.5676156144006389,0.7074847199968236,0.19607843137254902
46,pub_meta_only,central_xgb,own_silo,IOS Press,0.3567526525623893,0.6467492228610902,0.10361445783132531
46,pub_meta_only,central_xgb,own_silo,Other,0.3615898122059362,0.6257051103842133,0.08500345542501728
46,pub_meta_only,central_xgb,own_silo,Public Library of Science,0.38247596946142115,0.6346209003960331,0.12955465587044535
46,pub_meta_only,central_xgb,own_silo,SAGE Publishing,0.3213500990610096,0.6319676690541756,0.06278026905829596
46,pub_meta_only,central_xgb,own_silo,Spandidos Publishing,0.31301638778089497,0.5943856427979984,0.028368794326241134
46,pub_meta_only,central_xgb,own_silo,Springer Science+Business Media,0.5210654955121794,0.7227826403290568,0.2606263982102908
46,pub_meta_only,central_xgb,own_silo,Taylor & Francis,0.42986945290988565,0.6592582363672044,0.13452914798206278
46,pub_meta_only,central_xgb,own_silo,Wiley,0.6320962050372313,0.7618194873517226,0.3163444639718805
46,pub_meta_only,central_mlp,pooled,ALL,0.471498266812652,0.675131902211455,0.18572644721906925
46,pub_meta_only,central_mlp,own_silo,Elsevier BV,0.44383279676041393,0.6482147914896452,0.18518518518518517
46,pub_meta_only,central_mlp,own_silo,Hindawi Publishing Corporation,0.5659935214352481,0.706063426742439,0.2042483660130719
46,pub_meta_only,central_mlp,own_silo,IOS Press,0.3565541989208548,0.6475162030923018,0.09879518072289156
46,pub_meta_only,central_mlp,own_silo,Other,0.3554323393334584,0.6227438790379697,0.082930200414651
46,pub_meta_only,central_mlp,own_silo,Public Library of Science,0.3733722035685344,0.6395464925150857,0.13765182186234817
46,pub_meta_only,central_mlp,own_silo,SAGE Publishing,0.3287097160337029,0.6374545904037249,0.05829596412556054
46,pub_meta_only,central_mlp,own_silo,Spandidos Publishing,0.3035074612323774,0.5832343305612557,0.03546099290780142
46,pub_meta_only,central_mlp,own_silo,Springer Science+Business Media,0.5303845446430016,0.723362336274451,0.2516778523489933
46,pub_meta_only,central_mlp,own_silo,Taylor & Francis,0.40022097121127004,0.6504277169291596,0.13004484304932734
46,pub_meta_only,central_mlp,own_silo,Wiley,0.6413673670291906,0.7573968608761867,0.3268892794376098
46,pub_meta_only,fl_fedavg,pooled,ALL,0.45582315018642106,0.6617746528560546,0.16458569807037457
46,pub_meta_only,fl_fedavg,own_silo,Elsevier BV,0.4329273358692824,0.6404681972420764,0.18138651471984804
46,pub_meta_only,fl_fedavg,own_silo,Hindawi Publishing Corporation,0.5533247873519929,0.689224924080286,0.20206971677559912
46,pub_meta_only,fl_fedavg,own_silo,IOS Press,0.3325631650456032,0.6131087588126536,0.10120481927710843
46,pub_meta_only,fl_fedavg,own_silo,Other,0.3439555987684626,0.6076822281095073,0.07809260539046303
46,pub_meta_only,fl_fedavg,own_silo,Public Library of Science,0.3549271221141837,0.6159224039978378,0.1214574898785425
46,pub_meta_only,fl_fedavg,own_silo,SAGE Publishing,0.29845661174548377,0.5988160885598721,0.03587443946188341
46,pub_meta_only,fl_fedavg,own_silo,Spandidos Publishing,0.30851140747589956,0.5870054361522122,0.02127659574468085
46,pub_meta_only,fl_fedavg,own_silo,Springer Science+Business Media,0.5194287946798304,0.7196224355938754,0.2494407158836689
46,pub_meta_only,fl_fedavg,own_silo,Taylor & Francis,0.37143441385695364,0.6337551147967526,0.11210762331838565
46,pub_meta_only,fl_fedavg,own_silo,Wiley,0.630414052724541,0.7511212190524723,0.3268892794376098
46,pub_text_only,central_xgb,pooled,ALL,0.3674388116076306,0.5936342990442903,0.10754824063564132
46,pub_text_only,central_xgb,own_silo,Elsevier BV,0.3111686918182023,0.5302869690052926,0.12440645773979107
46,pub_text_only,central_xgb,own_silo,Hindawi Publishing Corporation,0.46665717328903994,0.6326576927067123,0.12527233115468409
46,pub_text_only,central_xgb,own_silo,IOS Press,0.3400433577749158,0.6050569901867165,0.09879518072289156
46,pub_text_only,central_xgb,own_silo,Other,0.3114496487180429,0.566083216782717,0.06841741534208708
46,pub_text_only,central_xgb,own_silo,Public Library of Science,0.2889542130854315,0.5676289865304637,0.05263157894736842
46,pub_text_only,central_xgb,own_silo,SAGE Publishing,0.39500873655156477,0.6278026905829596,0.12556053811659193
46,pub_text_only,central_xgb,own_silo,Spandidos Publishing,0.2836757050132131,0.5446952514670411,0.028368794326241134
46,pub_text_only,central_xgb,own_silo,Springer Science+Business Media,0.280152595958737,0.5217703496863835,0.0447427293064877
46,pub_text_only,central_xgb,own_silo,Taylor & Francis,0.33650505065506936,0.6047197854510833,0.05829596412556054
46,pub_text_only,central_xgb,own_silo,Wiley,0.48328468401721747,0.6600397240165267,0.14235500878734622
46,pub_text_only,central_mlp,pooled,ALL,0.38013873947939747,0.5990476545313894,0.11492622020431328
46,pub_text_only,central_mlp,own_silo,Elsevier BV,0.31793441320583005,0.5379197142111372,0.11870845204178537
46,pub_text_only,central_mlp,own_silo,Hindawi Publishing Corporation,0.49169302950701055,0.6489279982683516,0.14869281045751634
46,pub_text_only,central_mlp,own_silo,IOS Press,0.3477468849497557,0.5911142038643613,0.1108433734939759
46,pub_text_only,central_mlp,own_silo,Other,0.3251062270800565,0.5800128318833889,0.06288873531444368
46,pub_text_only,central_mlp,own_silo,Public Library of Science,0.26614674322545845,0.545491400897969,0.024291497975708502
46,pub_text_only,central_mlp,own_silo,SAGE Publishing,0.3747647867348153,0.622497750980298,0.11659192825112108
46,pub_text_only,central_mlp,own_silo,Spandidos Publishing,0.2865508769631132,0.5614177196961514,0.028368794326241134
46,pub_text_only,central_mlp,own_silo,Springer Science+Business Media,0.28320869702509127,0.5208291375684704,0.04697986577181208
46,pub_text_only,central_mlp,own_silo,Taylor & Francis,0.3250318969933285,0.5738820126316402,0.06278026905829596
46,pub_text_only,central_mlp,own_silo,Wiley,0.49489482920609107,0.6584371552740002,0.18804920913884007
46,pub_text_only,fl_fedavg,pooled,ALL,0.3665788196879721,0.5937419856364201,0.10031214528944381
46,pub_text_only,fl_fedavg,own_silo,Elsevier BV,0.3226134254742189,0.5354622409934301,0.13485280151946819
46,pub_text_only,fl_fedavg,own_silo,Hindawi Publishing Corporation,0.45726835802141047,0.6254605294335384,0.1116557734204793
46,pub_text_only,fl_fedavg,own_silo,IOS Press,0.34559678285941775,0.6093866189886019,0.0963855421686747
46,pub_text_only,fl_fedavg,own_silo,Other,0.3286572565979241,0.5814920182183443,0.0691085003455425
46,pub_text_only,fl_fedavg,own_silo,Public Library of Science,0.28225806078715887,0.5461339893435118,0.06477732793522267
46,pub_text_only,fl_fedavg,own_silo,SAGE Publishing,0.36756750014038975,0.6336398409548205,0.11659192825112108
46,pub_text_only,fl_fedavg,own_silo,Spandidos Publishing,0.3166550381657207,0.5788962090938546,0.05673758865248227
46,pub_text_only,fl_fedavg,own_silo,Springer Science+Business Media,0.28105320203102746,0.5285107892392467,0.0447427293064877
46,pub_text_only,fl_fedavg,own_silo,Taylor & Francis,0.32823577339317095,0.6036732053695373,0.04035874439461883
46,pub_text_only,fl_fedavg,own_silo,Wiley,0.4797251575057304,0.6547687639519026,0.15817223198594024
46,pub_no_year,central_xgb,pooled,ALL,0.47225651546639935,0.673446449920374,0.19040862656072643
46,pub_no_year,central_xgb,own_silo,Elsevier BV,0.3965574286308121,0.6191713108745273,0.12725546058879392
46,pub_no_year,central_xgb,own_silo,Hindawi Publishing Corporation,0.5736891581869591,0.7158799962600495,0.22058823529411764
46,pub_no_year,central_xgb,own_silo,IOS Press,0.38917379728732465,0.6700511997399379,0.15180722891566265
46,pub_no_year,central_xgb,own_silo,Other,0.3552675905844941,0.6191813429918477,0.0912232204561161
46,pub_no_year,central_xgb,own_silo,Public Library of Science,0.31935133663152704,0.5827918675330119,0.10931174089068826
46,pub_no_year,central_xgb,own_silo,SAGE Publishing,0.40324613932213005,0.7069750513325872,0.14798206278026907
46,pub_no_year,central_xgb,own_silo,Spandidos Publishing,0.34816756916632446,0.6109191057349606,0.07092198581560284
46,pub_no_year,central_xgb,own_silo,Springer Science+Business Media,0.5005865363708036,0.7117176145920083,0.23154362416107382
46,pub_no_year,central_xgb,own_silo,Taylor & Francis,0.5028963262579574,0.7311415717597808,0.18834080717488788
46,pub_no_year,central_xgb,own_silo,Wiley,0.6503260614669115,0.7587127913070417,0.3216168717047452
46,pub_no_year,central_mlp,pooled,ALL,0.47805055037631805,0.6773004756202321,0.19594211123723043
46,pub_no_year,central_mlp,own_silo,Elsevier BV,0.3924863066185782,0.6225968480476277,0.1225071225071225
46,pub_no_year,central_mlp,own_silo,Hindawi Publishing Corporation,0.5857133784559003,0.7236413541182362,0.23039215686274508
46,pub_no_year,central_mlp,own_silo,IOS Press,0.4111633391710313,0.694927771795445,0.1566265060240964
46,pub_no_year,central_mlp,own_silo,Other,0.3553752905951232,0.6246010359843029,0.09053213545266067
46,pub_no_year,central_mlp,own_silo,Public Library of Science,0.32916924171949363,0.5910103806991803,0.10121457489878542
46,pub_no_year,central_mlp,own_silo,SAGE Publishing,0.4019134326997358,0.6813190586393258,0.13452914798206278
46,pub_no_year,central_mlp,own_silo,Spandidos Publishing,0.3414834704956885,0.6174712891960974,0.07801418439716312
46,pub_no_year,central_mlp,own_silo,Springer Science+Business Media,0.5216641338005654,0.721227712550644,0.2550335570469799
46,pub_no_year,central_mlp,own_silo,Taylor & Francis,0.45082447444028945,0.6793358577232522,0.16143497757847533
46,pub_no_year,central_mlp,own_silo,Wiley,0.6533489278040838,0.7648190559465868,0.3251318101933216
46,pub_no_year,fl_fedavg,pooled,ALL,0.45533925998318114,0.660497937215369,0.170261066969353
46,pub_no_year,fl_fedavg,own_silo,Elsevier BV,0.38445228621488553,0.6052997770224865,0.12725546058879392
46,pub_no_year,fl_fedavg,own_silo,Hindawi Publishing Corporation,0.5579510722229994,0.7057985402665866,0.2162309368191721
46,pub_no_year,fl_fedavg,own_silo,IOS Press,0.43555336242457343,0.7035687437778093,0.12771084337349398
46,pub_no_year,fl_fedavg,own_silo,Other,0.37502857962997566,0.630146778736308,0.10366275051831375
46,pub_no_year,fl_fedavg,own_silo,Public Library of Science,0.31490628375331114,0.5867577138192369,0.08906882591093117
46,pub_no_year,fl_fedavg,own_silo,SAGE Publishing,0.37474948435965433,0.6395525309197289,0.13452914798206278
46,pub_no_year,fl_fedavg,own_silo,Spandidos Publishing,0.3675020157879443,0.6294956258775246,0.12056737588652482
46,pub_no_year,fl_fedavg,own_silo,Springer Science+Business Media,0.46299262000441777,0.676705204199938,0.18456375838926176
46,pub_no_year,fl_fedavg,own_silo,Taylor & Francis,0.4942016520101177,0.6905248163033919,0.2600896860986547
46,pub_no_year,fl_fedavg,own_silo,Wiley,0.6639459815139301,0.7645722285115364,0.3602811950790861
46,pub_has_abstract,central_xgb,pooled,ALL,0.5208558914317655,0.7110159598840459,0.22309870550161812
46,pub_has_abstract,central_xgb,own_silo,Elsevier BV,0.6711646612949208,0.7430701141392966,0.31275720164609055
46,pub_has_abstract,central_xgb,own_silo,Hindawi Publishing Corporation,0.5972220798605309,0.7384623354859345,0.23882224645583425
46,pub_has_abstract,central_xgb,own_silo,IOS Press,0.34589110996991806,0.6664642916087048,0.17465753424657535
46,pub_has_abstract,central_xgb,own_silo,Other,0.4024764862883241,0.650982188321209,0.12882953652788687
46,pub_has_abstract,central_xgb,own_silo,Public Library of Science,0.37936133338776734,0.6323975133293511,0.13765182186234817
46,pub_has_abstract,central_xgb,own_silo,SAGE Publishing,0.4462468091159425,0.7239540120896053,0.22598870056497175
46,pub_has_abstract,central_xgb,own_silo,Spandidos Publishing,0.3474872444912269,0.6087106746681216,0.12056737588652482
46,pub_has_abstract,central_xgb,own_silo,Springer Science+Business Media,0.5516391055283845,0.7468679155232073,0.43103448275862066
46,pub_has_abstract,central_xgb,own_silo,Taylor & Francis,0.4603772638993665,0.7001211088185162,0.22929936305732485
46,pub_has_abstract,central_xgb,own_silo,Wiley,0.7079022848072057,0.8015773403208997,0.3716475095785441
46,pub_has_abstract,central_mlp,pooled,ALL,0.5221820406365199,0.71205469137304,0.2326051779935275
46,pub_has_abstract,central_mlp,own_silo,Elsevier BV,0.6289656974969454,0.7351835213470432,0.23868312757201646
46,pub_has_abstract,central_mlp,own_silo,Hindawi Publishing Corporation,0.5980252710916121,0.7385274959431581,0.24318429661941113
46,pub_has_abstract,central_mlp,own_silo,IOS Press,0.3330489553086693,0.6644926083983683,0.1780821917808219
46,pub_has_abstract,central_mlp,own_silo,Other,0.41386832892772996,0.6549251544748089,0.13275726630007856
46,pub_has_abstract,central_mlp,own_silo,Public Library of Science,0.38730442745581134,0.6573471825844561,0.11740890688259109
46,pub_has_abstract,central_mlp,own_silo,SAGE Publishing,0.4740420960030234,0.7100568922602821,0.23728813559322035
46,pub_has_abstract,central_mlp,own_silo,Spandidos Publishing,0.36385584120001113,0.6275686488452445,0.12056737588652482
46,pub_has_abstract,central_mlp,own_silo,Springer Science+Business Media,0.5846796828587372,0.7607385753490037,0.43103448275862066
46,pub_has_abstract,central_mlp,own_silo,Taylor & Francis,0.43390592411187073,0.707589485960348,0.2484076433121019
46,pub_has_abstract,central_mlp,own_silo,Wiley,0.7114509952977598,0.7913299496484197,0.40229885057471265
46,pub_has_abstract,fl_fedavg,pooled,ALL,0.5012711685160431,0.6950194031229474,0.20408576051779936
46,pub_has_abstract,fl_fedavg,own_silo,Elsevier BV,0.5946268308339814,0.6681419364857519,0.18106995884773663
46,pub_has_abstract,fl_fedavg,own_silo,Hindawi Publishing Corporation,0.5933784318135636,0.7382287231800362,0.2360959651035987
46,pub_has_abstract,fl_fedavg,own_silo,IOS Press,0.3253029942568822,0.6489696555301441,0.16095890410958905
46,pub_has_abstract,fl_fedavg,own_silo,Other,0.4044580131054028,0.6518328668984612,0.1335428122545169
46,pub_has_abstract,fl_fedavg,own_silo,Public Library of Science,0.3843205780528598,0.6317669963053915,0.17813765182186234
46,pub_has_abstract,fl_fedavg,own_silo,SAGE Publishing,0.3409403404991722,0.6082434514637904,0.12994350282485875
46,pub_has_abstract,fl_fedavg,own_silo,Spandidos Publishing,0.36204365341310235,0.619348972540462,0.10638297872340426
46,pub_has_abstract,fl_fedavg,own_silo,Springer Science+Business Media,0.5234748948244434,0.7468679155232072,0.39655172413793105
46,pub_has_abstract,fl_fedavg,own_silo,Taylor & Francis,0.36858298949944246,0.6407441464071051,0.17834394904458598
46,pub_has_abstract,fl_fedavg,own_silo,Wiley,0.6819215702154189,0.7683093319240762,0.36973180076628354
46,pub_silo_onehot,central_xgb,pooled,ALL,0.5798657600769433,0.745382276516329,0.2800794551645857
46,pub_silo_onehot,central_xgb,own_silo,Elsevier BV,0.5605774439522498,0.7189171290048483,0.2981956315289649
46,pub_silo_onehot,central_xgb,own_silo,Hindawi Publishing Corporation,0.6003006137582719,0.7446342277194371,0.22657952069716775
46,pub_silo_onehot,central_xgb,own_silo,IOS Press,0.706686585021369,0.8396848777910969,0.43614457831325304
46,pub_silo_onehot,central_xgb,own_silo,Other,0.42884094136269374,0.6679718013019842,0.15342087076710437
46,pub_silo_onehot,central_xgb,own_silo,Public Library of Science,0.4371006432114003,0.6760692340786992,0.20242914979757085
46,pub_silo_onehot,central_xgb,own_silo,SAGE Publishing,0.6818515261059063,0.818371915752752,0.47085201793721976
46,pub_silo_onehot,central_xgb,own_silo,Spandidos Publishing,0.374654852427792,0.6563343773625662,0.12056737588652482
46,pub_silo_onehot,central_xgb,own_silo,Springer Science+Business Media,0.5578492004416706,0.7507228055469373,0.2897091722595078
46,pub_silo_onehot,central_xgb,own_silo,Taylor & Francis,0.6315832133223538,0.7814500948463199,0.3901345291479821
46,pub_silo_onehot,central_xgb,own_silo,Wiley,0.7366786812922944,0.8307075044226264,0.4253075571177504
46,pub_silo_onehot,central_mlp,pooled,ALL,0.5831554732786108,0.7465558570332839,0.28816685584562995
46,pub_silo_onehot,central_mlp,own_silo,Elsevier BV,0.5380463498858732,0.7054959583590188,0.2792022792022792
46,pub_silo_onehot,central_mlp,own_silo,Hindawi Publishing Corporation,0.608801505705191,0.7466702273044563,0.2445533769063181
46,pub_silo_onehot,central_mlp,own_silo,IOS Press,0.7097393750007683,0.8427467035088076,0.43614457831325304
46,pub_silo_onehot,central_mlp,own_silo,Other,0.4212330478186057,0.6677122870911467,0.1520387007601935
46,pub_silo_onehot,central_mlp,own_silo,Public Library of Science,0.4713823977197795,0.713433132191199,0.22672064777327935
46,pub_silo_onehot,central_mlp,own_silo,SAGE Publishing,0.6835786622658828,0.8210879074846003,0.4618834080717489
46,pub_silo_onehot,central_mlp,own_silo,Spandidos Publishing,0.3698891370727686,0.6656406379378622,0.09929078014184398
46,pub_silo_onehot,central_mlp,own_silo,Springer Science+Business Media,0.5634677547113324,0.7460017762827247,0.2986577181208054
46,pub_silo_onehot,central_mlp,own_silo,Taylor & Francis,0.6409804883848419,0.7996671293907305,0.3991031390134529
46,pub_silo_onehot,central_mlp,own_silo,Wiley,0.7470908185940948,0.833749055396473,0.44639718804920914
43,v1exact,central_xgb,pooled,ALL,0.6433713004752826,0.798813894729301,0.3413734392735528
43,v1exact,central_xgb,own_silo,Elsevier BV,0.6527595336578579,0.8088927555910987,0.3732193732193732
43,v1exact,central_xgb,own_silo,Hindawi Publishing Corporation,0.7079560280584901,0.8363717229004085,0.3572984749455338
43,v1exact,central_xgb,own_silo,IOS Press,0.7096708928670268,0.812129462199557,0.4771084337349398
43,v1exact,central_xgb,own_silo,Other,0.5580410283463583,0.7549012899062283,0.25777470628887356
43,v1exact,central_xgb,own_silo,Public Library of Science,0.44455936665873497,0.6958488234839876,0.17813765182186234
43,v1exact,central_xgb,own_silo,SAGE Publishing,0.6455604471946079,0.8309767269381056,0.37668161434977576
43,v1exact,central_xgb,own_silo,Spandidos Publishing,0.46378104368692064,0.6714908017424488,0.19148936170212766
43,v1exact,central_xgb,own_silo,Springer Science+Business Media,0.581844794533184,0.7751330851254918,0.2986577181208054
43,v1exact,central_xgb,own_silo,Taylor & Francis,0.5858396258300569,0.786955542150286,0.29596412556053814
43,v1exact,central_xgb,own_silo,Wiley,0.7742207155288016,0.8537703071662475,0.4903339191564148
43,v1exact,central_mlp,pooled,ALL,0.6294824764572511,0.7888447124424988,0.3335698070374574
43,v1exact,central_mlp,own_silo,Elsevier BV,0.6212127580872466,0.7922395564330263,0.33618233618233617
43,v1exact,central_mlp,own_silo,Hindawi Publishing Corporation,0.6987225668574174,0.8215532097612708,0.3273420479302832
43,v1exact,central_mlp,own_silo,IOS Press,0.7041460651612748,0.8070745037485524,0.46265060240963857
43,v1exact,central_mlp,own_silo,Other,0.5347445253813539,0.7471359636490718,0.2425708362128542
43,v1exact,central_mlp,own_silo,Public Library of Science,0.46953539700557934,0.702178181778067,0.19838056680161945
43,v1exact,central_mlp,own_silo,SAGE Publishing,0.6444850426664659,0.8283637437422314,0.4484304932735426
43,v1exact,central_mlp,own_silo,Spandidos Publishing,0.5094383539649822,0.6906253375094503,0.2978723404255319
43,v1exact,central_mlp,own_silo,Springer Science+Business Media,0.573850688764724,0.778049255104318,0.30648769574944074
43,v1exact,central_mlp,own_silo,Taylor & Francis,0.610017100453223,0.7830381347617213,0.32286995515695066
43,v1exact,central_mlp,own_silo,Wiley,0.765953171212741,0.8369498498768033,0.4903339191564148
43,v1exact,local_logreg,pooled,Elsevier BV,0.3093153551180344,0.5282812307959253,0.06853007945516458
43,v1exact,local_logreg,own_silo,Elsevier BV,0.45809545960890696,0.6885614340536368,0.17663817663817663
43,v1exact,local_logreg,pooled,Hindawi Publishing Corporation,0.40037942314851005,0.6058854512066156,0.14699205448354144
43,v1exact,local_logreg,own_silo,Hindawi Publishing Corporation,0.6048172804779748,0.7615668695461724,0.22058823529411764
43,v1exact,local_logreg,pooled,IOS Press,0.33471268909090396,0.5568149202063508,0.0681044267877412
43,v1exact,local_logreg,own_silo,IOS Press,0.6246008991248989,0.7867774639874846,0.3759036144578313
43,v1exact,local_logreg,pooled,Other,0.3157969560357996,0.5395886433797988,0.06512485811577752
43,v1exact,local_logreg,own_silo,Other,0.33546810477766437,0.5970056973419313,0.0884588804422944
43,v1exact,local_logreg,pooled,Public Library of Science,0.32762660174200964,0.5465818554479926,0.06895573212258797
43,v1exact,local_logreg,own_silo,Public Library of Science,0.3165981481848011,0.6122571677569526,0.06477732793522267
43,v1exact,local_logreg,pooled,SAGE Publishing,0.3352636483537199,0.5695640268369035,0.07150964812712826
43,v1exact,local_logreg,own_silo,SAGE Publishing,0.4429822920871256,0.7056153386577302,0.15246636771300448
43,v1exact,local_logreg,pooled,Spandidos Publishing,0.33008476714254287,0.5619416030173113,0.06356413166855845
43,v1exact,local_logreg,own_silo,Spandidos Publishing,0.44036108930721474,0.6709147856139972,0.16312056737588654
43,v1exact,local_logreg,pooled,Springer Science+Business Media,0.3684461757276374,0.5815870715622282,0.10641316685584563
43,v1exact,local_logreg,own_silo,Springer Science+Business Media,0.4061918358744304,0.6670619757561902,0.11297539149888143
43,v1exact,local_logreg,pooled,Taylor & Francis,0.2921353874763867,0.5253257586164062,0.038024971623155504
43,v1exact,local_logreg,own_silo,Taylor & Francis,0.38379651469358994,0.6733143882957462,0.08968609865470852
43,v1exact,local_logreg,pooled,Wiley,0.3608491962614497,0.5700178673889424,0.10513620885357548
43,v1exact,local_logreg,own_silo,Wiley,0.5430227528677494,0.7356579507387451,0.23198594024604569
43,v1exact,fl_fedavg,pooled,ALL,0.5645185051263222,0.7549512992881307,0.2599318955732123
43,v1exact,fl_fedavg,own_silo,Elsevier BV,0.5928215353461506,0.7664834668976969,0.29534662867996203
43,v1exact,fl_fedavg,own_silo,Hindawi Publishing Corporation,0.6283478428847618,0.7734800367334862,0.2440087145969499
43,v1exact,fl_fedavg,own_silo,IOS Press,0.43009798348811523,0.6975294093744286,0.16626506024096385
43,v1exact,fl_fedavg,own_silo,Other,0.5288414841592073,0.7413325826925729,0.24395300621976504
43,v1exact,fl_fedavg,own_silo,Public Library of Science,0.41592035127333415,0.6699246544363424,0.16194331983805668
43,v1exact,fl_fedavg,own_silo,SAGE Publishing,0.5960470772867401,0.7883517947520585,0.3542600896860987
43,v1exact,fl_fedavg,own_silo,Spandidos Publishing,0.4758491608602392,0.6699427583972352,0.2907801418439716
43,v1exact,fl_fedavg,own_silo,Springer Science+Business Media,0.5150741810953847,0.7420865606703063,0.2371364653243848
43,v1exact,fl_fedavg,own_silo,Taylor & Francis,0.5493225292657298,0.7546641858842512,0.24663677130044842
43,v1exact,fl_fedavg,own_silo,Wiley,0.7388511240361878,0.8279468010874883,0.45869947275922673
43,pub_all,central_xgb,pooled,ALL,0.505415652508686,0.7066663648785696,0.2064415437003405
43,pub_all,central_xgb,own_silo,Elsevier BV,0.5115978185683311,0.6993968777594509,0.24786324786324787
43,pub_all,central_xgb,own_silo,Hindawi Publishing Corporation,0.5667967223350975,0.7259523265181701,0.19281045751633988
43,pub_all,central_xgb,own_silo,IOS Press,0.48590635800657367,0.7218167780735083,0.2216867469879518
43,pub_all,central_xgb,own_silo,Other,0.40263822591472054,0.6589465134511442,0.13476157567380787
43,pub_all,central_xgb,own_silo,Public Library of Science,0.43330823508223004,0.6491632560756324,0.1902834008097166
43,pub_all,central_xgb,own_silo,SAGE Publishing,0.5288350286150546,0.7538988730866164,0.2645739910313901
43,pub_all,central_xgb,own_silo,Spandidos Publishing,0.29537830073581894,0.5489073694063433,0.07801418439716312
43,pub_all,central_xgb,own_silo,Springer Science+Business Media,0.4976913021001191,0.7211764561798852,0.2360178970917226
43,pub_all,central_xgb,own_silo,Taylor & Francis,0.463080015343292,0.6781693570073625,0.14798206278026907
43,pub_all,central_xgb,own_silo,Wiley,0.6966019493336839,0.8001588092060119,0.38137082601054484
43,pub_all,central_mlp,pooled,ALL,0.5050375542906839,0.7078034638153332,0.21140749148694665
43,pub_all,central_mlp,own_silo,Elsevier BV,0.4697945134065643,0.6814085556166453,0.19183285849952517
43,pub_all,central_mlp,own_silo,Hindawi Publishing Corporation,0.5749915704377898,0.7269203749172279,0.19498910675381265
43,pub_all,central_mlp,own_silo,IOS Press,0.47461376383285847,0.7253103476299804,0.2216867469879518
43,pub_all,central_mlp,own_silo,Other,0.40050896185331436,0.6611037420787866,0.12232204561161023
43,pub_all,central_mlp,own_silo,Public Library of Science,0.45072969754688985,0.6714911361404979,0.17813765182186234
43,pub_all,central_mlp,own_silo,SAGE Publishing,0.5730529523653191,0.7705416188821513,0.3273542600896861
43,pub_all,central_mlp,own_silo,Spandidos Publishing,0.31444214970662726,0.5695809482665515,0.06382978723404255
43,pub_all,central_mlp,own_silo,Springer Science+Business Media,0.49966360662314757,0.722752702979764,0.22818791946308725
43,pub_all,central_mlp,own_silo,Taylor & Francis,0.5241092396048288,0.7252581927597008,0.24663677130044842
43,pub_all,central_mlp,own_silo,Wiley,0.6950423394693699,0.7971027815497578,0.40421792618629176
43,pub_all,fl_fedavg,pooled,ALL,0.47842479738635535,0.6848011271210336,0.1963677639046538
43,pub_all,fl_fedavg,own_silo,Elsevier BV,0.4435867909897171,0.6564082779360556,0.17568850902184235
43,pub_all,fl_fedavg,own_silo,Hindawi Publishing Corporation,0.5591569455085625,0.7145151384742283,0.18681917211328977
43,pub_all,fl_fedavg,own_silo,IOS Press,0.46425436054096053,0.7107336597655376,0.236144578313253
43,pub_all,fl_fedavg,own_silo,Other,0.38893230792605393,0.6532917836639511,0.11126468555632343
43,pub_all,fl_fedavg,own_silo,Public Library of Science,0.39290180601777325,0.636256329358294,0.1659919028340081
43,pub_all,fl_fedavg,own_silo,SAGE Publishing,0.4833816866844637,0.7033869206628256,0.26905829596412556
43,pub_all,fl_fedavg,own_silo,Spandidos Publishing,0.33813688126829045,0.5657738416675667,0.09929078014184398
43,pub_all,fl_fedavg,own_silo,Springer Science+Business Media,0.4854993977621783,0.7070442129289433,0.24049217002237136
43,pub_all,fl_fedavg,own_silo,Taylor & Francis,0.4793549039114507,0.6771845542222965,0.19730941704035873
43,pub_all,fl_fedavg,own_silo,Wiley,0.6756650617835305,0.7822830017690505,0.37434094903339193
43,pub_all,fl_fedavg_ft10,own_silo,Elsevier BV,0.5580645605406405,0.7248204447887684,0.2801519468186135
43,pub_all,fl_fedavg_ft10,own_silo,Hindawi Publishing Corporation,0.5851927680415132,0.7373783875690192,0.20588235294117646
43,pub_all,fl_fedavg_ft10,own_silo,IOS Press,0.7161558157924752,0.8426115930839717,0.45542168674698796
43,pub_all,fl_fedavg_ft10,own_silo,Other,0.445785894902093,0.6821676306361484,0.16447823082239116
43,pub_all,fl_fedavg_ft10,own_silo,Public Library of Science,0.4495287233758353,0.6799523436551975,0.17813765182186234
43,pub_all,fl_fedavg_ft10,own_silo,SAGE Publishing,0.6425774243022737,0.8164834259265619,0.4260089686098655
43,pub_all,fl_fedavg_ft10,own_silo,Spandidos Publishing,0.3779041267092838,0.6321957014796414,0.1276595744680851
43,pub_all,fl_fedavg_ft10,own_silo,Springer Science+Business Media,0.5354477745752032,0.7429792379946694,0.2796420581655481
43,pub_all,fl_fedavg_ft10,own_silo,Taylor & Francis,0.5491709398144204,0.7486972258359921,0.34080717488789236
43,pub_all,fl_fedavg_ft10,own_silo,Wiley,0.7357400947961518,0.8379805896642278,0.44639718804920914
43,pub_all,fl_fedavg_ft30,own_silo,Elsevier BV,0.5610410157980776,0.7272156134241904,0.29914529914529914
43,pub_all,fl_fedavg_ft30,own_silo,Hindawi Publishing Corporation,0.5851269745526104,0.7373462873947019,0.21350762527233116
43,pub_all,fl_fedavg_ft30,own_silo,IOS Press,0.7187375454910835,0.8415693126638086,0.4771084337349398
43,pub_all,fl_fedavg_ft30,own_silo,Other,0.45255201095991876,0.6866521791332352,0.16793365583966827
43,pub_all,fl_fedavg_ft30,own_silo,Public Library of Science,0.4471272311433556,0.6759975289302695,0.1700404858299595
43,pub_all,fl_fedavg_ft30,own_silo,SAGE Publishing,0.665834955292098,0.8325802264814345,0.452914798206278
43,pub_all,fl_fedavg_ft30,own_silo,Spandidos Publishing,0.40095028879462896,0.6488821687007236,0.16312056737588654
43,pub_all,fl_fedavg_ft30,own_silo,Springer Science+Business Media,0.539337616582887,0.7441572273297155,0.2829977628635347
43,pub_all,fl_fedavg_ft30,own_silo,Taylor & Francis,0.5669748268570705,0.7663182911673002,0.3721973094170404
43,pub_all,fl_fedavg_ft30,own_silo,Wiley,0.743314564623836,0.8430141321373663,0.46572934973637964
43,pub_meta_only,central_xgb,pooled,ALL,0.4744982574550348,0.6770664898878531,0.18714528944381384
43,pub_meta_only,central_xgb,own_silo,Elsevier BV,0.48704677543154884,0.6795411536517774,0.21937321937321938
43,pub_meta_only,central_xgb,own_silo,Hindawi Publishing Corporation,0.5492452013634207,0.6992256093109397,0.16230936819172112
43,pub_meta_only,central_xgb,own_silo,IOS Press,0.40841934852775597,0.6638279932546375,0.13975903614457832
43,pub_meta_only,central_xgb,own_silo,Other,0.3601630426827786,0.6215009801686476,0.0856945404284727
43,pub_meta_only,central_xgb,own_silo,Public Library of Science,0.38822783829285,0.6215871107237807,0.12955465587044535
43,pub_meta_only,central_xgb,own_silo,SAGE Publishing,0.4182750244948566,0.6528543665318399,0.16143497757847533
43,pub_meta_only,central_xgb,own_silo,Spandidos Publishing,0.2938728220367138,0.5354699931598085,0.09219858156028368
43,pub_meta_only,central_xgb,own_silo,Springer Science+Business Media,0.4860363922643399,0.7053175989882989,0.2371364653243848
43,pub_meta_only,central_xgb,own_silo,Taylor & Francis,0.39367993034360105,0.6280316299757978,0.10762331838565023
43,pub_meta_only,central_xgb,own_silo,Wiley,0.6405728636091448,0.7687422368790588,0.30579964850615116
43,pub_meta_only,central_mlp,pooled,ALL,0.464993010606826,0.6718928505468663,0.17877412031782067
43,pub_meta_only,central_mlp,own_silo,Elsevier BV,0.458455739485403,0.6594301369520669,0.1908831908831909
43,pub_meta_only,central_mlp,own_silo,Hindawi Publishing Corporation,0.5442081681071228,0.7001177700160996,0.1644880174291939
43,pub_meta_only,central_mlp,own_silo,IOS Press,0.400444829713582,0.668572096141734,0.14457831325301204
43,pub_meta_only,central_mlp,own_silo,Other,0.3493795988061382,0.6188504512063258,0.07740152038700761
43,pub_meta_only,central_mlp,own_silo,Public Library of Science,0.3935593703394797,0.6293505719864532,0.15384615384615385
43,pub_meta_only,central_mlp,own_silo,SAGE Publishing,0.3966872753255506,0.6636187585411244,0.1210762331838565
43,pub_meta_only,central_mlp,own_silo,Spandidos Publishing,0.31578163768095086,0.5663228570399972,0.09929078014184398
43,pub_meta_only,central_mlp,own_silo,Springer Science+Business Media,0.48543048237487096,0.6946830360463829,0.23825503355704697
43,pub_meta_only,central_mlp,own_silo,Taylor & Francis,0.36123753330798336,0.6175658291603376,0.09865470852017937
43,pub_meta_only,central_mlp,own_silo,Wiley,0.6383142687102381,0.7652620424282608,0.28822495606326887
43,pub_meta_only,fl_fedavg,pooled,ALL,0.45079128875784064,0.6601393324425382,0.16713961407491487
43,pub_meta_only,fl_fedavg,own_silo,Elsevier BV,0.45628363405142713,0.6478249973620344,0.18233618233618235
43,pub_meta_only,fl_fedavg,own_silo,Hindawi Publishing Corporation,0.5358555332876974,0.6819100068010744,0.1568627450980392
43,pub_meta_only,fl_fedavg,own_silo,IOS Press,0.3703842617013714,0.6283559194619963,0.10843373493975904
43,pub_meta_only,fl_fedavg,own_silo,Other,0.3515049257210566,0.611286482963361,0.08431237042156185
43,pub_meta_only,fl_fedavg,own_silo,Public Library of Science,0.332910817423252,0.6036029079195578,0.07692307692307693
43,pub_meta_only,fl_fedavg,own_silo,SAGE Publishing,0.3610659939403216,0.6438411196341137,0.08520179372197309
43,pub_meta_only,fl_fedavg,own_silo,Spandidos Publishing,0.25318193029724795,0.5072092018576521,0.014184397163120567
43,pub_meta_only,fl_fedavg,own_silo,Springer Science+Business Media,0.4792644107875916,0.7063615506458303,0.2214765100671141
43,pub_meta_only,fl_fedavg,own_silo,Taylor & Francis,0.36054940843064853,0.6201968151986685,0.08071748878923767
43,pub_meta_only,fl_fedavg,own_silo,Wiley,0.6239320875570717,0.7512022884739549,0.30755711775043937
43,pub_text_only,central_xgb,pooled,ALL,0.3671381030115863,0.5883535194516943,0.10953461975028377
43,pub_text_only,central_xgb,own_silo,Elsevier BV,0.32107901039344416,0.5390042304637821,0.1462488129154796
43,pub_text_only,central_xgb,own_silo,Hindawi Publishing Corporation,0.4704794022672907,0.6263369202276245,0.1247276688453159
43,pub_text_only,central_xgb,own_silo,IOS Press,0.33770467513428826,0.6013023425912757,0.09397590361445783
43,pub_text_only,central_xgb,own_silo,Other,0.3122252958034293,0.5643341535352178,0.06565307532826538
43,pub_text_only,central_xgb,own_silo,Public Library of Science,0.3277471819144263,0.5794410307890876,0.10121457489878542
43,pub_text_only,central_xgb,own_silo,SAGE Publishing,0.35440354552330344,0.6127462762414245,0.13452914798206278
43,pub_text_only,central_xgb,own_silo,Spandidos Publishing,0.3108619372011394,0.5617057277603773,0.05673758865248227
43,pub_text_only,central_xgb,own_silo,Springer Science+Business Media,0.28284225033831656,0.5236378052475638,0.039149888143176735
43,pub_text_only,central_xgb,own_silo,Taylor & Francis,0.3002193872278727,0.5642374864635041,0.053811659192825115
43,pub_text_only,central_xgb,own_silo,Wiley,0.4580189767109523,0.6441414313964497,0.140597539543058
43,pub_text_only,central_mlp,pooled,ALL,0.3731400067427225,0.5936824550587682,0.11223041997729852
43,pub_text_only,central_mlp,own_silo,Elsevier BV,0.3202829520972508,0.5369641458822746,0.14245014245014245
43,pub_text_only,central_mlp,own_silo,Hindawi Publishing Corporation,0.48552196385929813,0.6401249457258898,0.14596949891067537
43,pub_text_only,central_mlp,own_silo,IOS Press,0.34087783338238886,0.5839035738231171,0.13012048192771083
43,pub_text_only,central_mlp,own_silo,Other,0.31532057879045416,0.5784593199637805,0.05390463026952315
43,pub_text_only,central_mlp,own_silo,Public Library of Science,0.33221640037202205,0.5896314355370715,0.09716599190283401
43,pub_text_only,central_mlp,own_silo,SAGE Publishing,0.3622083831259142,0.6177593583254932,0.13004484304932734
43,pub_text_only,central_mlp,own_silo,Spandidos Publishing,0.2979713662454548,0.5524714692011377,0.07092198581560284
43,pub_text_only,central_mlp,own_silo,Springer Science+Business Media,0.2851040154135788,0.52173043322066,0.040268456375838924
43,pub_text_only,central_mlp,own_silo,Taylor & Francis,0.2967447173427369,0.5609778255845222,0.04035874439461883
43,pub_text_only,central_mlp,own_silo,Wiley,0.4483972454799399,0.6259587182924464,0.13181019332161686
43,pub_text_only,fl_fedavg,pooled,ALL,0.36586800339277553,0.5905948013357984,0.10456867196367764
43,pub_text_only,fl_fedavg,own_silo,Elsevier BV,0.32970063266162064,0.5414023494554685,0.1452991452991453
43,pub_text_only,fl_fedavg,own_silo,Hindawi Publishing Corporation,0.46048609745792884,0.6194144095681254,0.1187363834422658
43,pub_text_only,fl_fedavg,own_silo,IOS Press,0.3288345257090027,0.5928665759158048,0.0819277108433735
43,pub_text_only,fl_fedavg,own_silo,Other,0.32772391612118573,0.5804074185509513,0.0801658604008293
43,pub_text_only,fl_fedavg,own_silo,Public Library of Science,0.34234597066486194,0.6121716731569019,0.0931174089068826
43,pub_text_only,fl_fedavg,own_silo,SAGE Publishing,0.36824762187448634,0.6355180299274134,0.11210762331838565
43,pub_text_only,fl_fedavg,own_silo,Spandidos Publishing,0.2954331917894408,0.5543435216186053,0.06382978723404255
43,pub_text_only,fl_fedavg,own_silo,Springer Science+Business Media,0.28167297988215284,0.5267104659158743,0.039149888143176735
43,pub_text_only,fl_fedavg,own_silo,Taylor & Francis,0.30913519120258454,0.5693613681127399,0.06278026905829596
43,pub_text_only,fl_fedavg,own_silo,Wiley,0.4479591392327751,0.6286846775898061,0.12478031634446397
43,pub_no_year,central_xgb,pooled,ALL,0.46462956018118845,0.6701637526314717,0.18416572077185017
43,pub_no_year,central_xgb,own_silo,Elsevier BV,0.403637451546267,0.6202754383188107,0.12630579297245964
43,pub_no_year,central_xgb,own_silo,Hindawi Publishing Corporation,0.5501208224713247,0.7039841199396997,0.18845315904139434
43,pub_no_year,central_xgb,own_silo,IOS Press,0.40975455559241514,0.6642891972612204,0.16626506024096385
43,pub_no_year,central_xgb,own_silo,Other,0.36749646953199433,0.626486243692152,0.09329647546648238
43,pub_no_year,central_xgb,own_silo,Public Library of Science,0.36188393271467556,0.6154011627265606,0.1417004048582996
43,pub_no_year,central_xgb,own_silo,SAGE Publishing,0.4682803550353073,0.713172731580357,0.19730941704035873
43,pub_no_year,central_xgb,own_silo,Spandidos Publishing,0.31794049998095275,0.5702379666630666,0.06382978723404255
43,pub_no_year,central_xgb,own_silo,Springer Science+Business Media,0.48160438476520007,0.7062737797808585,0.19798657718120805
43,pub_no_year,central_xgb,own_silo,Taylor & Francis,0.43738836663652686,0.6521320435202884,0.17937219730941703
43,pub_no_year,central_xgb,own_silo,Wiley,0.6270738387965353,0.7546100995127148,0.281195079086116
43,pub_no_year,central_mlp,pooled,ALL,0.4671588829508842,0.6730122694114377,0.1872871736662883
43,pub_no_year,central_mlp,own_silo,Elsevier BV,0.39283445835413566,0.6152652127310997,0.12440645773979107
43,pub_no_year,central_mlp,own_silo,Hindawi Publishing Corporation,0.559017614744068,0.7131734152280025,0.18627450980392157
43,pub_no_year,central_mlp,own_silo,IOS Press,0.413135778250989,0.6867317499339686,0.13975903614457832
43,pub_no_year,central_mlp,own_silo,Other,0.366403106039397,0.6345442269388795,0.09882515549412578
43,pub_no_year,central_mlp,own_silo,Public Library of Science,0.3676647855234977,0.6281536475857429,0.13360323886639677
43,pub_no_year,central_mlp,own_silo,SAGE Publishing,0.4807908944714324,0.7103022270445477,0.21524663677130046
43,pub_no_year,central_mlp,own_silo,Spandidos Publishing,0.3556909935451948,0.6068419915757641,0.10638297872340426
43,pub_no_year,central_mlp,own_silo,Springer Science+Business Media,0.47953603443043114,0.6944033939882174,0.21588366890380314
43,pub_no_year,central_mlp,own_silo,Taylor & Francis,0.45579905816350613,0.660620970848384,0.17488789237668162
43,pub_no_year,central_mlp,own_silo,Wiley,0.618169777930766,0.738229009534343,0.29701230228471004
43,pub_no_year,fl_fedavg,pooled,ALL,0.44674302517299896,0.6590366488507625,0.16501135073779796
43,pub_no_year,fl_fedavg,own_silo,Elsevier BV,0.385978082855014,0.6007643852429427,0.12345679012345678
43,pub_no_year,fl_fedavg,own_silo,Hindawi Publishing Corporation,0.5406940909820358,0.6914603289875622,0.19389978213507625
43,pub_no_year,fl_fedavg,own_silo,IOS Press,0.4524811226241834,0.6969940470143644,0.1927710843373494
43,pub_no_year,fl_fedavg,own_silo,Other,0.3777349366949192,0.6410235061808155,0.1022805805114029
43,pub_no_year,fl_fedavg,own_silo,Public Library of Science,0.3541569562741977,0.61924566183852,0.11336032388663968
43,pub_no_year,fl_fedavg,own_silo,SAGE Publishing,0.46045485468447295,0.6739882844958419,0.2242152466367713
43,pub_no_year,fl_fedavg,own_silo,Spandidos Publishing,0.3434438864980625,0.5916405659358462,0.09219858156028368
43,pub_no_year,fl_fedavg,own_silo,Springer Science+Business Media,0.4163109118292793,0.6732449455775278,0.12304250559284116
43,pub_no_year,fl_fedavg,own_silo,Taylor & Francis,0.4973866883447122,0.6716464012907821,0.29596412556053814
43,pub_no_year,fl_fedavg,own_silo,Wiley,0.630880235794015,0.7474159121902353,0.31282952548330406
43,pub_has_abstract,central_xgb,pooled,ALL,0.5106156652518608,0.7070740708040038,0.2140845070422535
43,pub_has_abstract,central_xgb,own_silo,Elsevier BV,0.6870305051549824,0.7627627313604517,0.22137404580152673
43,pub_has_abstract,central_xgb,own_silo,Hindawi Publishing Corporation,0.5730195668465551,0.728562480446093,0.193020719738277
43,pub_has_abstract,central_xgb,own_silo,IOS Press,0.37671906556524365,0.6849942726231386,0.20068027210884354
43,pub_has_abstract,central_xgb,own_silo,Other,0.4083758232830325,0.646306651546553,0.12850467289719625
43,pub_has_abstract,central_xgb,own_silo,Public Library of Science,0.4063545517482521,0.6328319968056435,0.15040650406504066
43,pub_has_abstract,central_xgb,own_silo,SAGE Publishing,0.5182708728961543,0.749915613396842,0.27472527472527475
43,pub_has_abstract,central_xgb,own_silo,Spandidos Publishing,0.30691057686106693,0.5569895957086799,0.09219858156028368
43,pub_has_abstract,central_xgb,own_silo,Springer Science+Business Media,0.46620184897939554,0.7696523053665911,0.3888888888888889
43,pub_has_abstract,central_xgb,own_silo,Taylor & Francis,0.34814465026737496,0.6252301405541335,0.14102564102564102
43,pub_has_abstract,central_xgb,own_silo,Wiley,0.7143120496262623,0.8037181563282504,0.3829787234042553
43,pub_has_abstract,central_mlp,pooled,ALL,0.5110612236508855,0.7093525695569864,0.22132796780684105
43,pub_has_abstract,central_mlp,own_silo,Elsevier BV,0.6744016946291401,0.7531527763254209,0.2480916030534351
43,pub_has_abstract,central_mlp,own_silo,Hindawi Publishing Corporation,0.5644204088104254,0.7247223506145881,0.18974918211559433
43,pub_has_abstract,central_mlp,own_silo,IOS Press,0.3574791380723137,0.6771702667321225,0.19047619047619047
43,pub_has_abstract,central_mlp,own_silo,Other,0.4277786039297412,0.6508302329651996,0.14641744548286603
43,pub_has_abstract,central_mlp,own_silo,Public Library of Science,0.4350228815243724,0.6628012733060482,0.18699186991869918
43,pub_has_abstract,central_mlp,own_silo,SAGE Publishing,0.5455936632772221,0.7777631924389604,0.3076923076923077
43,pub_has_abstract,central_mlp,own_silo,Spandidos Publishing,0.358455184449062,0.5914965619037333,0.1276595744680851
43,pub_has_abstract,central_mlp,own_silo,Springer Science+Business Media,0.4950679448786354,0.7315444696397078,0.3888888888888889
43,pub_has_abstract,central_mlp,own_silo,Taylor & Francis,0.4293308155434754,0.6913646773541695,0.1987179487179487
43,pub_has_abstract,central_mlp,own_silo,Wiley,0.7171093506127679,0.7985526966848095,0.40038684719535783
43,pub_has_abstract,fl_fedavg,pooled,ALL,0.4944967482701212,0.6925712533433567,0.19859154929577466
43,pub_has_abstract,fl_fedavg,own_silo,Elsevier BV,0.671783027357224,0.7343929729164489,0.21755725190839695
43,pub_has_abstract,fl_fedavg,own_silo,Hindawi Publishing Corporation,0.5677071851732338,0.7221384184864407,0.20174482006543076
43,pub_has_abstract,fl_fedavg,own_silo,IOS Press,0.34088749977038146,0.6487014049606096,0.19047619047619047
43,pub_has_abstract,fl_fedavg,own_silo,Other,0.4009264190571062,0.6411636947822573,0.1308411214953271
43,pub_has_abstract,fl_fedavg,own_silo,Public Library of Science,0.39851917216105565,0.6298345145797979,0.16260162601626016
43,pub_has_abstract,fl_fedavg,own_silo,SAGE Publishing,0.444662612931302,0.6770430934253461,0.25824175824175827
43,pub_has_abstract,fl_fedavg,own_silo,Spandidos Publishing,0.33299199660370316,0.5672498829967239,0.1276595744680851
43,pub_has_abstract,fl_fedavg,own_silo,Springer Science+Business Media,0.5208995768823368,0.7386936255983876,0.3888888888888889
43,pub_has_abstract,fl_fedavg,own_silo,Taylor & Francis,0.34461483566010004,0.6191117697247295,0.16025641025641027
43,pub_has_abstract,fl_fedavg,own_silo,Wiley,0.6948788433731181,0.7831275396218493,0.3733075435203095
43,pub_silo_onehot,central_xgb,pooled,ALL,0.5663295163204353,0.7404178075461703,0.2673098751418842
43,pub_silo_onehot,central_xgb,own_silo,Elsevier BV,0.5780983205540116,0.7309196989387048,0.30864197530864196
43,pub_silo_onehot,central_xgb,own_silo,Hindawi Publishing Corporation,0.5745296468532516,0.7319019857600104,0.20152505446623092
43,pub_silo_onehot,central_xgb,own_silo,IOS Press,0.7052773921456973,0.8366728295983258,0.39759036144578314
43,pub_silo_onehot,central_xgb,own_silo,Other,0.4245978402598973,0.6710908851819798,0.14236351071181755
43,pub_silo_onehot,central_xgb,own_silo,Public Library of Science,0.44584315027035465,0.6595329236946905,0.21052631578947367
43,pub_silo_onehot,central_xgb,own_silo,SAGE Publishing,0.6553355096282304,0.7991402220864036,0.47085201793721976
43,pub_silo_onehot,central_xgb,own_silo,Spandidos Publishing,0.37322360811006916,0.6253735104582929,0.09929078014184398
43,pub_silo_onehot,central_xgb,own_silo,Springer Science+Business Media,0.5219471201364076,0.7399698539964547,0.2695749440715884
43,pub_silo_onehot,central_xgb,own_silo,Taylor & Francis,0.592223670884751,0.7379261724967476,0.336322869955157
43,pub_silo_onehot,central_xgb,own_silo,Wiley,0.732578555320852,0.8360812489323448,0.4200351493848858
43,pub_silo_onehot,central_mlp,pooled,ALL,0.5670093779191753,0.7390117447602247,0.2651816118047673
43,pub_silo_onehot,central_mlp,own_silo,Elsevier BV,0.5336491649773006,0.7005122859776856,0.26590693257359926
43,pub_silo_onehot,central_mlp,own_silo,Hindawi Publishing Corporation,0.579555776075338,0.7325339029072993,0.19934640522875818
43,pub_silo_onehot,central_mlp,own_silo,IOS Press,0.7136628134913103,0.8398870354944229,0.4746987951807229
43,pub_silo_onehot,central_mlp,own_silo,Other,0.43328151644726715,0.6737082713655682,0.15618521078092606
43,pub_silo_onehot,central_mlp,own_silo,Public Library of Science,0.4048240036287381,0.6640117375812199,0.16194331983805668
43,pub_silo_onehot,central_mlp,own_silo,SAGE Publishing,0.6464357548445258,0.8155426146313325,0.4439461883408072
43,pub_silo_onehot,central_mlp,own_silo,Spandidos Publishing,0.37262462051609363,0.6145372070417972,0.1347517730496454
43,pub_silo_onehot,central_mlp,own_silo,Springer Science+Business Media,0.526638222768795,0.7394343836806974,0.2483221476510067
43,pub_silo_onehot,central_mlp,own_silo,Taylor & Francis,0.5911830921842486,0.7698795706114498,0.4170403587443946
43,pub_silo_onehot,central_mlp,own_silo,Wiley,0.7432231965111468,0.8341160392955069,0.45694200351493847
49,v1exact,central_xgb,pooled,ALL,0.6515153928963566,0.8056425145269069,0.3500283768444949
49,v1exact,central_xgb,own_silo,Elsevier BV,0.6545263027145076,0.8136827457612058,0.3741690408357075
49,v1exact,central_xgb,own_silo,Hindawi Publishing Corporation,0.7270272050854765,0.8496126845800048,0.3355119825708061
49,v1exact,central_xgb,own_silo,IOS Press,0.7213498565439752,0.8121294621995571,0.4963855421686747
49,v1exact,central_xgb,own_silo,Other,0.5517980243435203,0.7506417728367145,0.26744989633724947
49,v1exact,central_xgb,own_silo,Public Library of Science,0.49978030981458876,0.7259760173857406,0.22672064777327935
49,v1exact,central_xgb,own_silo,SAGE Publishing,0.6222058274481427,0.8160748254005316,0.3183856502242152
49,v1exact,central_xgb,own_silo,Spandidos Publishing,0.4033907419351687,0.657594412643554,0.12056737588652482
49,v1exact,central_xgb,own_silo,Springer Science+Business Media,0.5790524662189342,0.7835806339823389,0.29194630872483224
49,v1exact,central_xgb,own_silo,Taylor & Francis,0.646575551428557,0.8081705925532919,0.36771300448430494
49,v1exact,central_xgb,own_silo,Wiley,0.7792584175515689,0.8660429146773293,0.4991212653778559
49,v1exact,central_mlp,pooled,ALL,0.642693578590527,0.7952311003971773,0.34676503972758227
49,v1exact,central_mlp,own_silo,Elsevier BV,0.6266010963223897,0.8013320337881741,0.3295346628679962
49,v1exact,central_mlp,own_silo,Hindawi Publishing Corporation,0.7222572518794599,0.84079698408856,0.35675381263616557
49,v1exact,central_mlp,own_silo,IOS Press,0.7202024930115676,0.814348117596863,0.5060240963855421
49,v1exact,central_mlp,own_silo,Other,0.5626532555353418,0.7448857387069778,0.28887353144436767
49,v1exact,central_mlp,own_silo,Public Library of Science,0.4888270715927056,0.721684740041258,0.20242914979757085
49,v1exact,central_mlp,own_silo,SAGE Publishing,0.6597261400522504,0.8129227641997266,0.3901345291479821
49,v1exact,central_mlp,own_silo,Spandidos Publishing,0.42728018551508495,0.6774669690751342,0.16312056737588654
49,v1exact,central_mlp,own_silo,Springer Science+Business Media,0.5886999819765859,0.7827900158032917,0.3087248322147651
49,v1exact,central_mlp,own_silo,Taylor & Francis,0.6153189247940024,0.7759955229629846,0.3721973094170404
49,v1exact,central_mlp,own_silo,Wiley,0.769232004723546,0.8547453117264021,0.4727592267135325
49,v1exact,local_logreg,pooled,Elsevier BV,0.3111794015614797,0.5314222122831151,0.07704313280363223
49,v1exact,local_logreg,own_silo,Elsevier BV,0.4617491290655181,0.6908122087824817,0.18613485280151948
49,v1exact,local_logreg,pooled,Hindawi Publishing Corporation,0.3949492520391717,0.5980231756827368,0.1471339387060159
49,v1exact,local_logreg,own_silo,Hindawi Publishing Corporation,0.6035626397784892,0.7627904385348104,0.19607843137254902
49,v1exact,local_logreg,pooled,IOS Press,0.34483445913119815,0.5672190552729008,0.07420544835414301
49,v1exact,local_logreg,own_silo,IOS Press,0.6590541161243564,0.7950669456917043,0.42409638554216866
49,v1exact,local_logreg,pooled,Other,0.3207260742611278,0.5394456541528123,0.07179341657207719
49,v1exact,local_logreg,own_silo,Other,0.33403660091022386,0.5808296093118523,0.08984105044920525
49,v1exact,local_logreg,pooled,Public Library of Science,0.3390181214203354,0.5636715841147509,0.07420544835414301
49,v1exact,local_logreg,own_silo,Public Library of Science,0.32275334854091975,0.6112532956789375,0.07692307692307693
49,v1exact,local_logreg,pooled,SAGE Publishing,0.3434617634357519,0.5762892896883115,0.07661748013620885
49,v1exact,local_logreg,own_silo,SAGE Publishing,0.489926236667683,0.7431035785165397,0.20179372197309417
49,v1exact,local_logreg,pooled,Spandidos Publishing,0.3417120490982616,0.5807690313817996,0.06398978433598183
49,v1exact,local_logreg,own_silo,Spandidos Publishing,0.41882045626854714,0.6991395759081255,0.09219858156028368
49,v1exact,local_logreg,pooled,Springer Science+Business Media,0.3651882631718785,0.5767719096515449,0.10414301929625426
49,v1exact,local_logreg,own_silo,Springer Science+Business Media,0.40764206469118586,0.6686223466890199,0.1185682326621924
49,v1exact,local_logreg,pooled,Taylor & Francis,0.30715193083296755,0.5444584393425642,0.046538024971623154
49,v1exact,local_logreg,own_silo,Taylor & Francis,0.36915112400042704,0.6394240902384604,0.08968609865470852
49,v1exact,local_logreg,pooled,Wiley,0.34998060121860514,0.5611296424156105,0.10031214528944381
49,v1exact,local_logreg,own_silo,Wiley,0.5519847441340192,0.7356441978904579,0.2390158172231986
49,v1exact,fl_fedavg,pooled,ALL,0.5814617470913304,0.765805372474428,0.2758229284903519
49,v1exact,fl_fedavg,own_silo,Elsevier BV,0.5929672724946463,0.7843216679717654,0.29154795821462487
49,v1exact,fl_fedavg,own_silo,Hindawi Publishing Corporation,0.6466076406561123,0.7810587197842098,0.27233115468409586
49,v1exact,fl_fedavg,own_silo,IOS Press,0.48842792509613225,0.7264369450821837,0.23132530120481928
49,v1exact,fl_fedavg,own_silo,Other,0.5476355622372964,0.745383863057969,0.26744989633724947
49,v1exact,fl_fedavg,own_silo,Public Library of Science,0.4517599784642984,0.6988383765954396,0.18218623481781376
49,v1exact,fl_fedavg,own_silo,SAGE Publishing,0.5760387783318877,0.7446521401740158,0.3183856502242152
49,v1exact,fl_fedavg,own_silo,Spandidos Publishing,0.40895193090977777,0.6603664902617273,0.14184397163120568
49,v1exact,fl_fedavg,own_silo,Springer Science+Business Media,0.5277652790068569,0.7542077851623239,0.2181208053691275
49,v1exact,fl_fedavg,own_silo,Taylor & Francis,0.5816416143687774,0.7551293325871604,0.29596412556053814
49,v1exact,fl_fedavg,own_silo,Wiley,0.7594346882067277,0.8488554734888516,0.45342706502636204
49,pub_all,central_xgb,pooled,ALL,0.5089712235123384,0.7065580538972729,0.22091373439273554
49,pub_all,central_xgb,own_silo,Elsevier BV,0.49556535527525186,0.6830506892032233,0.2222222222222222
49,pub_all,central_xgb,own_silo,Hindawi Publishing Corporation,0.5780220011060736,0.7259000536657279,0.21405228758169934
49,pub_all,central_xgb,own_silo,IOS Press,0.49014023981829,0.743917999146671,0.21927710843373494
49,pub_all,central_xgb,own_silo,Other,0.40155124814087795,0.6534069347199819,0.13199723565998617
49,pub_all,central_xgb,own_silo,Public Library of Science,0.4147153593128596,0.6566205915123167,0.16194331983805668
49,pub_all,central_xgb,own_silo,SAGE Publishing,0.46525538688546664,0.7345126666163069,0.18834080717488788
49,pub_all,central_xgb,own_silo,Spandidos Publishing,0.32145176401119613,0.6127551571444,0.0425531914893617
49,pub_all,central_xgb,own_silo,Springer Science+Business Media,0.5027772352498162,0.7222721178043766,0.2505592841163311
49,pub_all,central_xgb,own_silo,Taylor & Francis,0.5179337962471584,0.7189569085187257,0.20179372197309417
49,pub_all,central_xgb,own_silo,Wiley,0.6863344341977017,0.7996998983736896,0.3409490333919156
49,pub_all,central_mlp,pooled,ALL,0.5063803175528419,0.6997186510630719,0.22275822928490352
49,pub_all,central_mlp,own_silo,Elsevier BV,0.4625002294160654,0.6571141072846726,0.18328584995251662
49,pub_all,central_mlp,own_silo,Hindawi Publishing Corporation,0.5785638555044085,0.7265017918461394,0.22004357298474944
49,pub_all,central_mlp,own_silo,IOS Press,0.49990045192851673,0.7480261687559682,0.2289156626506024
49,pub_all,central_mlp,own_silo,Other,0.4057817141942921,0.6508007152408184,0.12785072563925362
49,pub_all,central_mlp,own_silo,Public Library of Science,0.40148054604647093,0.6552692252534501,0.13765182186234817
49,pub_all,central_mlp,own_silo,SAGE Publishing,0.4523660494025643,0.720537841902499,0.16591928251121077
49,pub_all,central_mlp,own_silo,Spandidos Publishing,0.3294956407521873,0.5882294704251718,0.09219858156028368
49,pub_all,central_mlp,own_silo,Springer Science+Business Media,0.5113177523985071,0.7192083022619936,0.26174496644295303
49,pub_all,central_mlp,own_silo,Taylor & Francis,0.5005424466805999,0.7020444651176312,0.21524663677130046
49,pub_all,central_mlp,own_silo,Wiley,0.68583571225697,0.7813231977254236,0.4253075571177504
49,pub_all,fl_fedavg,pooled,ALL,0.4724540978930335,0.6767562136580858,0.18487514188422247
49,pub_all,fl_fedavg,own_silo,Elsevier BV,0.39235911077182656,0.6240796623959391,0.1168091168091168
49,pub_all,fl_fedavg,own_silo,Hindawi Publishing Corporation,0.5711740399518238,0.713341040577182,0.21405228758169934
49,pub_all,fl_fedavg,own_silo,IOS Press,0.47262225373547606,0.7339015420874052,0.19518072289156627
49,pub_all,fl_fedavg,own_silo,Other,0.38413400803472303,0.635496791493151,0.11333794056668971
49,pub_all,fl_fedavg,own_silo,Public Library of Science,0.398600392286892,0.6463226290416882,0.16194331983805668
49,pub_all,fl_fedavg,own_silo,SAGE Publishing,0.4004080222603893,0.6248085758039816,0.19730941704035873
49,pub_all,fl_fedavg,own_silo,Spandidos Publishing,0.333499894494529,0.6055549555387552,0.07801418439716312
49,pub_all,fl_fedavg,own_silo,Springer Science+Business Media,0.4978533738317533,0.7081884093469848,0.24049217002237136
49,pub_all,fl_fedavg,own_silo,Taylor & Francis,0.5422777756389201,0.7037778633776918,0.30493273542600896
49,pub_all,fl_fedavg,own_silo,Wiley,0.6761887422714803,0.7876277929139536,0.36379613356766255
49,pub_all,fl_fedavg_ft10,own_silo,Elsevier BV,0.5519739447479766,0.7197867899013124,0.2716049382716049
49,pub_all,fl_fedavg_ft10,own_silo,Hindawi Publishing Corporation,0.5863067551127231,0.7375235187810837,0.20860566448801743
49,pub_all,fl_fedavg_ft10,own_silo,IOS Press,0.7415365758252377,0.8611481338507487,0.46265060240963857
49,pub_all,fl_fedavg_ft10,own_silo,Other,0.44930626423697695,0.6735254054139042,0.17553559087767795
49,pub_all,fl_fedavg_ft10,own_silo,Public Library of Science,0.46053287859977265,0.6955344239870268,0.1862348178137652
49,pub_all,fl_fedavg_ft10,own_silo,SAGE Publishing,0.6637809535159127,0.817633687911605,0.4304932735426009
49,pub_all,fl_fedavg_ft10,own_silo,Spandidos Publishing,0.38399283649090016,0.6626345537675056,0.09929078014184398
49,pub_all,fl_fedavg_ft10,own_silo,Springer Science+Business Media,0.5306427837066039,0.7409952082097284,0.25727069351230425
49,pub_all,fl_fedavg_ft10,own_silo,Taylor & Francis,0.6572740801835391,0.7941653160453808,0.452914798206278
49,pub_all,fl_fedavg_ft10,own_silo,Wiley,0.7498161557995144,0.8396569894870333,0.44112478031634444
49,pub_all,fl_fedavg_ft30,own_silo,Elsevier BV,0.5620696851722784,0.7261826416309846,0.28774928774928776
49,pub_all,fl_fedavg_ft30,own_silo,Hindawi Publishing Corporation,0.5940380851452643,0.740248751535365,0.2178649237472767
49,pub_all,fl_fedavg_ft30,own_silo,IOS Press,0.7447796411263117,0.8610719437615555,0.45542168674698796
49,pub_all,fl_fedavg_ft30,own_silo,Other,0.4579263162516997,0.6789085609494807,0.1852107809260539
49,pub_all,fl_fedavg_ft30,own_silo,Public Library of Science,0.4567590720651763,0.6940672263345431,0.1862348178137652
49,pub_all,fl_fedavg_ft30,own_silo,SAGE Publishing,0.6829821104602546,0.8308050460448156,0.49327354260089684
49,pub_all,fl_fedavg_ft30,own_silo,Spandidos Publishing,0.42352776855504176,0.6781149872196423,0.15602836879432624
49,pub_all,fl_fedavg_ft30,own_silo,Springer Science+Business Media,0.5245691754456752,0.7360773181941066,0.24720357941834453
49,pub_all,fl_fedavg_ft30,own_silo,Taylor & Francis,0.6604001974115095,0.8066443299343707,0.48878923766816146
49,pub_all,fl_fedavg_ft30,own_silo,Wiley,0.7608207351921565,0.8466767327865008,0.46045694200351495
49,pub_meta_only,central_xgb,pooled,ALL,0.4762697549245702,0.6807124050353371,0.18643586833144155
49,pub_meta_only,central_xgb,own_silo,Elsevier BV,0.4725705467533851,0.6723169460133398,0.21082621082621084
49,pub_meta_only,central_xgb,own_silo,Hindawi Publishing Corporation,0.5567495351768796,0.7029893347370956,0.17919389978213507
49,pub_meta_only,central_xgb,own_silo,IOS Press,0.3986853341371656,0.6850616631788538,0.11325301204819277
49,pub_meta_only,central_xgb,own_silo,Other,0.3598661740858524,0.6184683712477193,0.08500345542501728
49,pub_meta_only,central_xgb,own_silo,Public Library of Science,0.4037267266860187,0.6495300554887533,0.17408906882591094
49,pub_meta_only,central_xgb,own_silo,SAGE Publishing,0.35111127567221395,0.6553712084274719,0.08071748878923767
49,pub_meta_only,central_xgb,own_silo,Spandidos Publishing,0.3097817772425233,0.5740180725060301,0.0425531914893617
49,pub_meta_only,central_xgb,own_silo,Springer Science+Business Media,0.502556746724451,0.714437831011828,0.24272930648769575
49,pub_meta_only,central_xgb,own_silo,Taylor & Francis,0.4126701308569638,0.6532767404844793,0.1210762331838565
49,pub_meta_only,central_xgb,own_silo,Wiley,0.6215582844669296,0.7629312965606297,0.29876977152899825
49,pub_meta_only,central_mlp,pooled,ALL,0.4668489279770641,0.6740787918332527,0.18090238365493758
49,pub_meta_only,central_mlp,own_silo,Elsevier BV,0.4410448515223291,0.6511790317833203,0.1728395061728395
49,pub_meta_only,central_mlp,own_silo,Hindawi Publishing Corporation,0.5571182188547996,0.7009140304498572,0.19662309368191722
49,pub_meta_only,central_mlp,own_silo,IOS Press,0.39464745626963793,0.6839848432515899,0.09879518072289156
49,pub_meta_only,central_mlp,own_silo,Other,0.3519308414594071,0.6116989363580034,0.08707671043538355
49,pub_meta_only,central_mlp,own_silo,Public Library of Science,0.38314092464700084,0.6497231078114486,0.10121457489878542
49,pub_meta_only,central_mlp,own_silo,SAGE Publishing,0.35014643236016363,0.6491117230581174,0.05829596412556054
49,pub_meta_only,central_mlp,own_silo,Spandidos Publishing,0.31408229553280265,0.5798682363106167,0.06382978723404255
49,pub_meta_only,central_mlp,own_silo,Springer Science+Business Media,0.492739875993921,0.7085721517333725,0.23154362416107382
49,pub_meta_only,central_mlp,own_silo,Taylor & Francis,0.372193882114053,0.6295506246774862,0.08968609865470852
49,pub_meta_only,central_mlp,own_silo,Wiley,0.6365526880211665,0.7655218988774779,0.30755711775043937
49,pub_meta_only,fl_fedavg,pooled,ALL,0.4557666268556677,0.6618886901432612,0.17480136208853575
49,pub_meta_only,fl_fedavg,own_silo,Elsevier BV,0.4241994661717108,0.6390685135202678,0.15859449192782527
49,pub_meta_only,fl_fedavg,own_silo,Hindawi Publishing Corporation,0.5444607793963537,0.6844348736293786,0.19444444444444445
49,pub_meta_only,fl_fedavg,own_silo,IOS Press,0.35873711720463974,0.6417460736707369,0.08674698795180723
49,pub_meta_only,fl_fedavg,own_silo,Other,0.35586368324141304,0.6057656642956328,0.10089841050449205
49,pub_meta_only,fl_fedavg,own_silo,Public Library of Science,0.3795031160474546,0.6436998753433574,0.12550607287449392
49,pub_meta_only,fl_fedavg,own_silo,SAGE Publishing,0.32795970360472904,0.6249768230794057,0.04484304932735426
49,pub_meta_only,fl_fedavg,own_silo,Spandidos Publishing,0.2857875414527481,0.5518954530726861,0.0425531914893617
49,pub_meta_only,fl_fedavg,own_silo,Springer Science+Business Media,0.4906530473675869,0.7037111880410268,0.232662192393736
49,pub_meta_only,fl_fedavg,own_silo,Taylor & Francis,0.37000900116010416,0.630095718469958,0.08071748878923767
49,pub_meta_only,fl_fedavg,own_silo,Wiley,0.6392125690023425,0.7579238121158252,0.30755711775043937
49,pub_text_only,central_xgb,pooled,ALL,0.3633473066433164,0.5856875050526228,0.10456867196367764
49,pub_text_only,central_xgb,own_silo,Elsevier BV,0.3279393743684673,0.5359060092856389,0.14719848053181386
49,pub_text_only,central_xgb,own_silo,Hindawi Publishing Corporation,0.4609542325971329,0.6157701992548277,0.11819172113289761
49,pub_text_only,central_xgb,own_silo,IOS Press,0.3380798466366478,0.5763739612751173,0.12289156626506025
49,pub_text_only,central_xgb,own_silo,Other,0.3102614800404269,0.5647486616034745,0.06288873531444368
49,pub_text_only,central_xgb,own_silo,Public Library of Science,0.30275102519005526,0.560458471687498,0.0931174089068826
49,pub_text_only,central_xgb,own_silo,SAGE Publishing,0.35638443713961965,0.6212856838736703,0.11210762331838565
49,pub_text_only,central_xgb,own_silo,Spandidos Publishing,0.2648276892728568,0.537963062965763,0.0070921985815602835
49,pub_text_only,central_xgb,own_silo,Springer Science+Business Media,0.27706665470563774,0.5145187072145383,0.035794183445190156
49,pub_text_only,central_xgb,own_silo,Taylor & Francis,0.3383285300430438,0.6112790807538284,0.06278026905829596
49,pub_text_only,central_xgb,own_silo,Wiley,0.4642227409659322,0.6486335459475422,0.14762741652021089
49,pub_text_only,central_mlp,pooled,ALL,0.3682999117943796,0.5882587971504193,0.10783200908059024
49,pub_text_only,central_mlp,own_silo,Elsevier BV,0.33688854483199765,0.5536345265268268,0.16429249762583095
49,pub_text_only,central_mlp,own_silo,Hindawi Publishing Corporation,0.4656277898909551,0.6179558128692721,0.12854030501089325
49,pub_text_only,central_mlp,own_silo,IOS Press,0.32940601266475555,0.553964932241614,0.10602409638554217
49,pub_text_only,central_mlp,own_silo,Other,0.3162462312145521,0.5753068253041452,0.060124395300621976
49,pub_text_only,central_mlp,own_silo,Public Library of Science,0.30317301768476224,0.5705799291773765,0.06882591093117409
49,pub_text_only,central_mlp,own_silo,SAGE Publishing,0.3614949018117564,0.6155034713876624,0.13452914798206278
49,pub_text_only,central_mlp,own_silo,Spandidos Publishing,0.27749779023336696,0.5219606148972171,0.028368794326241134
49,pub_text_only,central_mlp,own_silo,Springer Science+Business Media,0.27720180377592996,0.5221400305905278,0.0447427293064877
49,pub_text_only,central_mlp,own_silo,Taylor & Francis,0.3491569565087529,0.616515615120175,0.05829596412556054
49,pub_text_only,central_mlp,own_silo,Wiley,0.47887532455225923,0.6448942188816472,0.18101933216168717
49,pub_text_only,fl_fedavg,pooled,ALL,0.3607802397030091,0.5835007175546028,0.09463677639046537
49,pub_text_only,fl_fedavg,own_silo,Elsevier BV,0.3379567447793902,0.5478441920327886,0.16334283000949668
49,pub_text_only,fl_fedavg,own_silo,Hindawi Publishing Corporation,0.45389016402325044,0.6095061023952333,0.11328976034858387
49,pub_text_only,fl_fedavg,own_silo,IOS Press,0.31741213563895915,0.5543418192161564,0.0819277108433735
49,pub_text_only,fl_fedavg,own_silo,Other,0.3186364011886386,0.5745562440995133,0.07049067035245335
49,pub_text_only,fl_fedavg,own_silo,Public Library of Science,0.28711209465410814,0.5566856777239683,0.0728744939271255
49,pub_text_only,fl_fedavg,own_silo,SAGE Publishing,0.34412331589266354,0.5991388486392573,0.08520179372197309
49,pub_text_only,fl_fedavg,own_silo,Spandidos Publishing,0.2899550166208377,0.5426251935054182,0.03546099290780142
49,pub_text_only,fl_fedavg,own_silo,Springer Science+Business Media,0.2771546569169317,0.5219005317961866,0.03803131991051454
49,pub_text_only,fl_fedavg,own_silo,Taylor & Francis,0.33629722871143497,0.6168172336853428,0.04932735426008968
49,pub_text_only,fl_fedavg,own_silo,Wiley,0.45450335269910574,0.6297747717751018,0.15289982425307558
49,pub_no_year,central_xgb,pooled,ALL,0.46498212619186796,0.6675531568787639,0.18416572077185017
49,pub_no_year,central_xgb,own_silo,Elsevier BV,0.38608209775949953,0.6128407140834041,0.12060778727445394
49,pub_no_year,central_xgb,own_silo,Hindawi Publishing Corporation,0.5578556918381032,0.7044548958129205,0.1830065359477124
49,pub_no_year,central_xgb,own_silo,IOS Press,0.4098608623555662,0.6879965054145757,0.14698795180722893
49,pub_no_year,central_xgb,own_silo,Other,0.3568679180955796,0.615862419769462,0.10020732550103663
49,pub_no_year,central_xgb,own_silo,Public Library of Science,0.3526573701827127,0.5943308806495383,0.12955465587044535
49,pub_no_year,central_xgb,own_silo,SAGE Publishing,0.4055390274753588,0.6952904497352681,0.10762331838565023
49,pub_no_year,central_xgb,own_silo,Spandidos Publishing,0.29420180227998627,0.5658458436836231,0.028368794326241134
49,pub_no_year,central_xgb,own_silo,Springer Science+Business Media,0.48927679037692845,0.7010345168565421,0.22930648769574943
49,pub_no_year,central_xgb,own_silo,Taylor & Francis,0.48638678844334315,0.7069648450843441,0.16591928251121077
49,pub_no_year,central_xgb,own_silo,Wiley,0.631298315856584,0.7566469687274707,0.3145869947275923
49,pub_no_year,central_mlp,pooled,ALL,0.4701430460459825,0.6694378262844178,0.1898410896708286
49,pub_no_year,central_mlp,own_silo,Elsevier BV,0.38030649905249997,0.6109825102880658,0.11016144349477683
49,pub_no_year,central_mlp,own_silo,Hindawi Publishing Corporation,0.5636685492294002,0.7066013648257657,0.21296296296296297
49,pub_no_year,central_mlp,own_silo,IOS Press,0.41850026359862014,0.6969016030394766,0.12289156626506025
49,pub_no_year,central_mlp,own_silo,Other,0.36347708641380216,0.6219885631506615,0.1078092605390463
49,pub_no_year,central_mlp,own_silo,Public Library of Science,0.3431427842244256,0.5976679279418415,0.1214574898785425
49,pub_no_year,central_mlp,own_silo,SAGE Publishing,0.3870196470872521,0.6684326907889767,0.12556053811659193
49,pub_no_year,central_mlp,own_silo,Spandidos Publishing,0.33532508084409374,0.6046189293300213,0.06382978723404255
49,pub_no_year,central_mlp,own_silo,Springer Science+Business Media,0.4985016582190647,0.7013860539126301,0.22706935123042504
49,pub_no_year,central_mlp,own_silo,Taylor & Francis,0.47605280567938857,0.6909245517512047,0.17488789237668162
49,pub_no_year,central_mlp,own_silo,Wiley,0.6580180139835201,0.7553672300026347,0.3602811950790861
49,pub_no_year,fl_fedavg,pooled,ALL,0.4460505444364559,0.6520043056562429,0.1652951191827469
49,pub_no_year,fl_fedavg,own_silo,Elsevier BV,0.3447563043848941,0.5773956545764538,0.09306742640075974
49,pub_no_year,fl_fedavg,own_silo,Hindawi Publishing Corporation,0.5501890771126086,0.6865008120303449,0.20697167755991286
49,pub_no_year,fl_fedavg,own_silo,IOS Press,0.4569967549775641,0.7286901399865905,0.13012048192771083
49,pub_no_year,fl_fedavg,own_silo,Other,0.3683431501886286,0.6222017132047262,0.10573600552868002
49,pub_no_year,fl_fedavg,own_silo,Public Library of Science,0.3401979859507417,0.6013414378536994,0.10526315789473684
49,pub_no_year,fl_fedavg,own_silo,SAGE Publishing,0.378744100394913,0.6270816308311415,0.14349775784753363
49,pub_no_year,fl_fedavg,own_silo,Spandidos Publishing,0.34472830386697306,0.6018468517118479,0.07092198581560284
49,pub_no_year,fl_fedavg,own_silo,Springer Science+Business Media,0.41775659263679565,0.6564788959831335,0.13870246085011187
49,pub_no_year,fl_fedavg,own_silo,Taylor & Francis,0.5155039316514711,0.6804006075978807,0.2914798206278027
49,pub_no_year,fl_fedavg,own_silo,Wiley,0.6571892500488205,0.763327233824479,0.35676625659050965
49,pub_has_abstract,central_xgb,pooled,ALL,0.513620681940825,0.7086271136041284,0.21738253680177455
49,pub_has_abstract,central_xgb,own_silo,Elsevier BV,0.71597521990423,0.7554883701331536,0.33455882352941174
49,pub_has_abstract,central_xgb,own_silo,Hindawi Publishing Corporation,0.5757981848109629,0.725760770740314,0.20665212649945475
49,pub_has_abstract,central_xgb,own_silo,IOS Press,0.3480095542370019,0.681888646904871,0.19343065693430658
49,pub_has_abstract,central_xgb,own_silo,Other,0.400230122941412,0.6438200118282567,0.12694704049844235
49,pub_has_abstract,central_xgb,own_silo,Public Library of Science,0.40248067174737434,0.6514616375671953,0.18292682926829268
49,pub_has_abstract,central_xgb,own_silo,SAGE Publishing,0.4904798040657375,0.731109066262974,0.2937853107344633
49,pub_has_abstract,central_xgb,own_silo,Spandidos Publishing,0.32764860115992744,0.6080522621045603,0.05673758865248227
49,pub_has_abstract,central_xgb,own_silo,Springer Science+Business Media,0.5767581900702689,0.7991719600725953,0.39655172413793105
49,pub_has_abstract,central_xgb,own_silo,Taylor & Francis,0.40186151568164985,0.6846321833439662,0.20422535211267606
49,pub_has_abstract,central_xgb,own_silo,Wiley,0.7010472142505613,0.7983141387802404,0.352165725047081
49,pub_has_abstract,central_mlp,pooled,ALL,0.522322814298267,0.7115364383577423,0.23492639645089736
49,pub_has_abstract,central_mlp,own_silo,Elsevier BV,0.7219098258888529,0.7633890948929716,0.2757352941176471
49,pub_has_abstract,central_mlp,own_silo,Hindawi Publishing Corporation,0.5820189971124413,0.7269645300508221,0.2093784078516903
49,pub_has_abstract,central_mlp,own_silo,IOS Press,0.3609163672719931,0.7177730636222707,0.15328467153284672
49,pub_has_abstract,central_mlp,own_silo,Other,0.4307846936441722,0.6505575652554619,0.16043613707165108
49,pub_has_abstract,central_mlp,own_silo,Public Library of Science,0.3971299919453151,0.6486155537784887,0.15040650406504066
49,pub_has_abstract,central_mlp,own_silo,SAGE Publishing,0.5242959389490911,0.7296446911454777,0.3333333333333333
49,pub_has_abstract,central_mlp,own_silo,Spandidos Publishing,0.3392235241570821,0.6001299334091278,0.06382978723404255
49,pub_has_abstract,central_mlp,own_silo,Springer Science+Business Media,0.5928519378456996,0.7739904718693285,0.4827586206896552
49,pub_has_abstract,central_mlp,own_silo,Taylor & Francis,0.4207082506672066,0.6983793001913922,0.23943661971830985
49,pub_has_abstract,central_mlp,own_silo,Wiley,0.6918715317227991,0.7851531942633637,0.4086629001883239
49,pub_has_abstract,fl_fedavg,pooled,ALL,0.4901793119638185,0.688650148352145,0.20871143375680581
49,pub_has_abstract,fl_fedavg,own_silo,Elsevier BV,0.615199844732317,0.6836339120175292,0.13602941176470587
49,pub_has_abstract,fl_fedavg,own_silo,Hindawi Publishing Corporation,0.5732095317668049,0.7221828479609473,0.2159214830970556
49,pub_has_abstract,fl_fedavg,own_silo,IOS Press,0.31668200924055623,0.6782641168385312,0.14233576642335766
49,pub_has_abstract,fl_fedavg,own_silo,Other,0.4029385759228145,0.6376742161480538,0.13239875389408098
49,pub_has_abstract,fl_fedavg,own_silo,Public Library of Science,0.3726663518278471,0.6352347949709005,0.12195121951219512
49,pub_has_abstract,fl_fedavg,own_silo,SAGE Publishing,0.31936714173755365,0.5892427795422839,0.12994350282485875
49,pub_has_abstract,fl_fedavg,own_silo,Spandidos Publishing,0.325976801428834,0.6088282532979626,0.0425531914893617
49,pub_has_abstract,fl_fedavg,own_silo,Springer Science+Business Media,0.5520807913612806,0.809834392014519,0.4827586206896552
49,pub_has_abstract,fl_fedavg,own_silo,Taylor & Francis,0.31933448162091416,0.6074863817048632,0.176056338028169
49,pub_has_abstract,fl_fedavg,own_silo,Wiley,0.6694884293982514,0.7630224177893669,0.3954802259887006
49,pub_silo_onehot,central_xgb,pooled,ALL,0.5738300157302221,0.7425350126225199,0.2783768444948922
49,pub_silo_onehot,central_xgb,own_silo,Elsevier BV,0.5634721836475386,0.7186115068059513,0.30959164292497626
49,pub_silo_onehot,central_xgb,own_silo,Hindawi Publishing Corporation,0.5806623003928604,0.7325938605895033,0.21568627450980393
49,pub_silo_onehot,central_xgb,own_silo,IOS Press,0.7276172887130412,0.8475995042564863,0.4506024096385542
49,pub_silo_onehot,central_xgb,own_silo,Other,0.42483914315880694,0.6658872902535574,0.1465100207325501
49,pub_silo_onehot,central_xgb,own_silo,Public Library of Science,0.4356953518915214,0.6722412823086851,0.18218623481781376
49,pub_silo_onehot,central_xgb,own_silo,SAGE Publishing,0.6726174810746627,0.8275602771616342,0.47085201793721976
49,pub_silo_onehot,central_xgb,own_silo,Spandidos Publishing,0.35430402771775593,0.655974367282284,0.0851063829787234
49,pub_silo_onehot,central_xgb,own_silo,Springer Science+Business Media,0.5295287944533815,0.736787649845505,0.2662192393736018
49,pub_silo_onehot,central_xgb,own_silo,Taylor & Francis,0.681330964480617,0.8022399720911978,0.42152466367713004
49,pub_silo_onehot,central_xgb,own_silo,Wiley,0.7396223039438915,0.8354464464087694,0.43233743409490333
49,pub_silo_onehot,central_mlp,pooled,ALL,0.5724717655165917,0.7404421874784339,0.27653234960272416
49,pub_silo_onehot,central_mlp,own_silo,Elsevier BV,0.5171269903012115,0.6991447090740464,0.26495726495726496
49,pub_silo_onehot,central_mlp,own_silo,Hindawi Publishing Corporation,0.5846553220120195,0.7358928939659998,0.19607843137254902
49,pub_silo_onehot,central_mlp,own_silo,IOS Press,0.7388409591706937,0.8568794571202177,0.4650602409638554
49,pub_silo_onehot,central_mlp,own_silo,Other,0.44010891092451493,0.6639477676953852,0.17000691085003455
49,pub_silo_onehot,central_mlp,own_silo,Public Library of Science,0.41233000065825076,0.6593729660558859,0.13765182186234817
49,pub_silo_onehot,central_mlp,own_silo,SAGE Publishing,0.6417611375830203,0.8179633152267218,0.4618834080717489
49,pub_silo_onehot,central_mlp,own_silo,Spandidos Publishing,0.3678918199661819,0.6686647226122331,0.07092198581560284
49,pub_silo_onehot,central_mlp,own_silo,Springer Science+Business Media,0.524633483310218,0.7321711745057162,0.2539149888143177
49,pub_silo_onehot,central_mlp,own_silo,Taylor & Francis,0.6320552598915598,0.8033374275933747,0.4349775784753363
49,pub_silo_onehot,central_mlp,own_silo,Wiley,0.7449676839714902,0.8362441116094308,0.43936731107205623
50,v1exact,central_xgb,pooled,ALL,0.6524434573974464,0.8040390256374191,0.3488933030646992
50,v1exact,central_xgb,own_silo,Elsevier BV,0.6671255664423611,0.8293413277575071,0.37606837606837606
50,v1exact,central_xgb,own_silo,Hindawi Publishing Corporation,0.7259739603214252,0.8409353910745825,0.3861655773420479
50,v1exact,central_xgb,own_silo,IOS Press,0.7122192520411896,0.8084276397326235,0.4867469879518072
50,v1exact,central_xgb,own_silo,Other,0.5632168111765682,0.7535329666128046,0.26744989633724947
50,v1exact,central_xgb,own_silo,Public Library of Science,0.49693804497707555,0.7126995333649572,0.24696356275303644
50,v1exact,central_xgb,own_silo,SAGE Publishing,0.6047770863257687,0.8224956908095784,0.3094170403587444
50,v1exact,central_xgb,own_silo,Spandidos Publishing,0.4588860863782466,0.6585934406163373,0.19858156028368795
50,v1exact,central_xgb,own_silo,Springer Science+Business Media,0.5849542673863657,0.7829839281793918,0.3143176733780761
50,v1exact,central_xgb,own_silo,Taylor & Francis,0.5867585711225188,0.783110813934051,0.2600896860986547
50,v1exact,central_xgb,own_silo,Wiley,0.7723144681444898,0.8591664905336973,0.4780316344463972
50,v1exact,central_mlp,pooled,ALL,0.6367766141772856,0.7927242559417201,0.3427922814982974
50,v1exact,central_mlp,own_silo,Elsevier BV,0.6416823844600716,0.8165248065954694,0.34472934472934474
50,v1exact,central_mlp,own_silo,Hindawi Publishing Corporation,0.7108948693917525,0.825718787743721,0.3464052287581699
50,v1exact,central_mlp,own_silo,IOS Press,0.7133137609381903,0.8138686279688738,0.4867469879518072
50,v1exact,central_mlp,own_silo,Other,0.5482596209233527,0.7450692299940898,0.26883206634416035
50,v1exact,central_mlp,own_silo,Public Library of Science,0.4667710687284651,0.694977330141535,0.18218623481781376
50,v1exact,central_mlp,own_silo,SAGE Publishing,0.592008783170377,0.8248236837225911,0.30493273542600896
50,v1exact,central_mlp,own_silo,Spandidos Publishing,0.48312943496764565,0.6679447024516687,0.24113475177304963
50,v1exact,central_mlp,own_silo,Springer Science+Business Media,0.5986711845079884,0.7901732011735441,0.34563758389261745
50,v1exact,central_mlp,own_silo,Taylor & Francis,0.5073581838951996,0.7275475866880828,0.20179372197309417
50,v1exact,central_mlp,own_silo,Wiley,0.7490516192089977,0.8382281409333986,0.43233743409490333
50,v1exact,local_logreg,pooled,Elsevier BV,0.3113394580783513,0.5300618079549808,0.06782065834279229
50,v1exact,local_logreg,own_silo,Elsevier BV,0.44465896280223605,0.6805720428405614,0.17663817663817663
50,v1exact,local_logreg,pooled,Hindawi Publishing Corporation,0.39683850039755303,0.5992989136614377,0.14798524404086266
50,v1exact,local_logreg,own_silo,Hindawi Publishing Corporation,0.6024935513964871,0.7569494075636656,0.21296296296296297
50,v1exact,local_logreg,pooled,IOS Press,0.3414977120542101,0.5625500497210951,0.07150964812712826
50,v1exact,local_logreg,own_silo,IOS Press,0.6472071241892728,0.7925577520876084,0.39036144578313253
50,v1exact,local_logreg,pooled,Other,0.3178838617990708,0.5395582454861593,0.0681044267877412
50,v1exact,local_logreg,own_silo,Other,0.33390483980184676,0.5842562688985306,0.08707671043538355
50,v1exact,local_logreg,pooled,Public Library of Science,0.3347268850744255,0.564713167940311,0.07221906923950057
50,v1exact,local_logreg,own_silo,Public Library of Science,0.3446332513588915,0.6193614932321372,0.10526315789473684
50,v1exact,local_logreg,pooled,SAGE Publishing,0.3441060828127173,0.5789504527478709,0.07817820658342792
50,v1exact,local_logreg,own_silo,SAGE Publishing,0.4440873905094612,0.716664720949876,0.14798206278026907
50,v1exact,local_logreg,pooled,Spandidos Publishing,0.3428848244425109,0.580008907404401,0.0699489216799092
50,v1exact,local_logreg,own_silo,Spandidos Publishing,0.4390191376809554,0.6927673974871297,0.18439716312056736
50,v1exact,local_logreg,pooled,Springer Science+Business Media,0.362145520719192,0.581980638020568,0.0927922814982974
50,v1exact,local_logreg,own_silo,Springer Science+Business Media,0.3961459648333621,0.667616950708608,0.1029082774049217
50,v1exact,local_logreg,pooled,Taylor & Francis,0.3009193096502279,0.5304222489249004,0.04866628830874007
50,v1exact,local_logreg,own_silo,Taylor & Francis,0.3613468897896858,0.6482037342558743,0.08071748878923767
50,v1exact,local_logreg,pooled,Wiley,0.3464523700250578,0.5563711972235057,0.09903518728717367
50,v1exact,local_logreg,own_silo,Wiley,0.5156749491705948,0.7151871979802132,0.18980667838312829
50,v1exact,fl_fedavg,pooled,ALL,0.5877077589377819,0.7677117599427402,0.28291713961407494
50,v1exact,fl_fedavg,own_silo,Elsevier BV,0.6287049226180289,0.801452998395006,0.32098765432098764
50,v1exact,fl_fedavg,own_silo,Hindawi Publishing Corporation,0.6439300234173729,0.7817500342615328,0.26143790849673204
50,v1exact,fl_fedavg,own_silo,IOS Press,0.5521483409472729,0.7445478372173348,0.327710843373494
50,v1exact,fl_fedavg,own_silo,Other,0.5456762929165693,0.7448541146000461,0.25017277125086385
50,v1exact,fl_fedavg,own_silo,Public Library of Science,0.44988402456950777,0.6821034981080873,0.22267206477732793
50,v1exact,fl_fedavg,own_silo,SAGE Publishing,0.5638972302039515,0.7850005837150372,0.2242152466367713
50,v1exact,fl_fedavg,own_silo,Spandidos Publishing,0.448818149995047,0.6502862080138244,0.15602836879432624
50,v1exact,fl_fedavg,own_silo,Springer Science+Business Media,0.5441984416379548,0.7587444275706658,0.25838926174496646
50,v1exact,fl_fedavg,own_silo,Taylor & Francis,0.5282651380189815,0.741182199417113,0.23766816143497757
50,v1exact,fl_fedavg,own_silo,Wiley,0.7293673706806714,0.8215097442549286,0.44991212653778556
50,pub_all,central_xgb,pooled,ALL,0.5122073544770035,0.7101137776727635,0.22119750283768444
50,pub_all,central_xgb,own_silo,Elsevier BV,0.4930879517244395,0.7031533754852468,0.18708452041785376
50,pub_all,central_xgb,own_silo,Hindawi Publishing Corporation,0.581209323304809,0.7249338464238004,0.22004357298474944
50,pub_all,central_xgb,own_silo,IOS Press,0.4756040259566793,0.7145411324894858,0.20963855421686747
50,pub_all,central_xgb,own_silo,Other,0.4338750686031437,0.6779082029002701,0.1492743607463718
50,pub_all,central_xgb,own_silo,Public Library of Science,0.4145484616910421,0.6438901697757283,0.13765182186234817
50,pub_all,central_xgb,own_silo,SAGE Publishing,0.4397762426558037,0.7211764948255379,0.16143497757847533
50,pub_all,central_xgb,own_silo,Spandidos Publishing,0.31001546517101974,0.5686179213017966,0.06382978723404255
50,pub_all,central_xgb,own_silo,Springer Science+Business Media,0.5127774553564544,0.7340204862188403,0.2483221476510067
50,pub_all,central_xgb,own_silo,Taylor & Francis,0.5163276026973531,0.734085078239129,0.20179372197309417
50,pub_all,central_xgb,own_silo,Wiley,0.666621161568342,0.784796153835018,0.36203866432337434
50,pub_all,central_mlp,pooled,ALL,0.5085825658364188,0.7044543348053582,0.22290011350737798
50,pub_all,central_mlp,own_silo,Elsevier BV,0.4634590532541563,0.6821055338964696,0.18708452041785376
50,pub_all,central_mlp,own_silo,Hindawi Publishing Corporation,0.5868163545853391,0.7269737684740105,0.21350762527233116
50,pub_all,central_mlp,own_silo,IOS Press,0.4720346437981453,0.7107153741441313,0.236144578313253
50,pub_all,central_mlp,own_silo,Other,0.421547715172101,0.6645574697569911,0.15618521078092606
50,pub_all,central_mlp,own_silo,Public Library of Science,0.3870864255446088,0.638335778662754,0.15384615384615385
50,pub_all,central_mlp,own_silo,SAGE Publishing,0.4408516028862073,0.7287201532767017,0.14798206278026907
50,pub_all,central_mlp,own_silo,Spandidos Publishing,0.33759971817514867,0.6020718580120243,0.0851063829787234
50,pub_all,central_mlp,own_silo,Springer Science+Business Media,0.5235685370910044,0.7419479870307774,0.25615212527964204
50,pub_all,central_mlp,own_silo,Taylor & Francis,0.47733102960031026,0.7099047176050759,0.16143497757847533
50,pub_all,central_mlp,own_silo,Wiley,0.6561535389410572,0.7656080351378034,0.3585237258347979
50,pub_all,fl_fedavg,pooled,ALL,0.4837113165720418,0.6841136253546695,0.19551645856980704
50,pub_all,fl_fedavg,own_silo,Elsevier BV,0.4279304738303361,0.6562387192260486,0.14055080721747387
50,pub_all,fl_fedavg,own_silo,Hindawi Publishing Corporation,0.5756639230251259,0.7133153444276659,0.2167755991285403
50,pub_all,fl_fedavg,own_silo,IOS Press,0.426679970247414,0.6873666673439118,0.17349397590361446
50,pub_all,fl_fedavg,own_silo,Other,0.3989543279864478,0.6564536583553033,0.11817553559087768
50,pub_all,fl_fedavg,own_silo,Public Library of Science,0.3785908009947361,0.6194221668192699,0.17408906882591094
50,pub_all,fl_fedavg,own_silo,SAGE Publishing,0.40438772594511185,0.6834753706590486,0.14349775784753363
50,pub_all,fl_fedavg,own_silo,Spandidos Publishing,0.3228740770674041,0.5940886344817655,0.06382978723404255
50,pub_all,fl_fedavg,own_silo,Springer Science+Business Media,0.512986746247508,0.7239003013693162,0.2516778523489933
50,pub_all,fl_fedavg,own_silo,Taylor & Francis,0.5161922882377884,0.714796025902857,0.2062780269058296
50,pub_all,fl_fedavg,own_silo,Wiley,0.6553787776525376,0.757047248996042,0.36203866432337434
50,pub_all,fl_fedavg_ft10,own_silo,Elsevier BV,0.5552750232483357,0.7361133672659014,0.2754036087369421
50,pub_all,fl_fedavg_ft10,own_silo,Hindawi Publishing Corporation,0.5946923058860923,0.7346008819622957,0.22549019607843138
50,pub_all,fl_fedavg_ft10,own_silo,IOS Press,0.7255524796845798,0.8417765497064142,0.4578313253012048
50,pub_all,fl_fedavg_ft10,own_silo,Other,0.46859894008119923,0.6915029955354622,0.19419488597097442
50,pub_all,fl_fedavg_ft10,own_silo,Public Library of Science,0.44593102955868935,0.6871862899756203,0.21862348178137653
50,pub_all,fl_fedavg_ft10,own_silo,SAGE Publishing,0.6172450218999689,0.7943091217492222,0.3632286995515695
50,pub_all,fl_fedavg_ft10,own_silo,Spandidos Publishing,0.3754116709435301,0.6386578824207078,0.07801418439716312
50,pub_all,fl_fedavg_ft10,own_silo,Springer Science+Business Media,0.5562242908009526,0.7505964790048462,0.27740492170022374
50,pub_all,fl_fedavg_ft10,own_silo,Taylor & Francis,0.6637875375678645,0.8179495751902378,0.43946188340807174
50,pub_all,fl_fedavg_ft10,own_silo,Wiley,0.7315542177839172,0.820406621055466,0.4428822495606327
50,pub_all,fl_fedavg_ft30,own_silo,Elsevier BV,0.5596437691814669,0.7389576842549552,0.2744539411206078
50,pub_all,fl_fedavg_ft30,own_silo,Hindawi Publishing Corporation,0.5937254610614234,0.7358823273250772,0.22766884531590414
50,pub_all,fl_fedavg_ft30,own_silo,IOS Press,0.7316876924638178,0.8444807899388448,0.4795180722891566
50,pub_all,fl_fedavg_ft30,own_silo,Other,0.4691328665667466,0.6932170399978845,0.19004837595024188
50,pub_all,fl_fedavg_ft30,own_silo,Public Library of Science,0.47162364287875924,0.6943816258315039,0.22267206477732793
50,pub_all,fl_fedavg_ft30,own_silo,SAGE Publishing,0.646421885263847,0.8086719452818657,0.40358744394618834
50,pub_all,fl_fedavg_ft30,own_silo,Spandidos Publishing,0.3889810532061744,0.6606904993339813,0.12056737588652482
50,pub_all,fl_fedavg_ft30,own_silo,Springer Science+Business Media,0.5592448872913829,0.7491168481958664,0.28747203579418346
50,pub_all,fl_fedavg_ft30,own_silo,Taylor & Francis,0.6627285611645884,0.8196139282365852,0.4484304932735426
50,pub_all,fl_fedavg_ft30,own_silo,Wiley,0.7370650667231684,0.8242617615806221,0.44815465729349735
50,pub_meta_only,central_xgb,pooled,ALL,0.4733774561981191,0.6792055198302713,0.1818955732122588
50,pub_meta_only,central_xgb,own_silo,Elsevier BV,0.47847730324097104,0.6896523716699157,0.19943019943019943
50,pub_meta_only,central_xgb,own_silo,Hindawi Publishing Corporation,0.5535720878835941,0.6982173756562524,0.18681917211328977
50,pub_meta_only,central_xgb,own_silo,IOS Press,0.36421750174038464,0.6355391210711311,0.1108433734939759
50,pub_meta_only,central_xgb,own_silo,Other,0.3729007813851442,0.629620156955624,0.1022805805114029
50,pub_meta_only,central_xgb,own_silo,Public Library of Science,0.4082575081134344,0.6404731436640227,0.14979757085020243
50,pub_meta_only,central_xgb,own_silo,SAGE Publishing,0.34486217852028656,0.6441570124777672,0.06726457399103139
50,pub_meta_only,central_xgb,own_silo,Spandidos Publishing,0.29703573228925845,0.5487363646182093,0.04964539007092199
50,pub_meta_only,central_xgb,own_silo,Springer Science+Business Media,0.49233795466096136,0.7166597720044053,0.2348993288590604
50,pub_meta_only,central_xgb,own_silo,Taylor & Francis,0.4433699563351462,0.6615694340472851,0.14349775784753363
50,pub_meta_only,central_xgb,own_silo,Wiley,0.6242503457354452,0.7546433958822524,0.28295254833040423
50,pub_meta_only,central_mlp,pooled,ALL,0.46374316773785607,0.6722075303633879,0.1756526674233825
50,pub_meta_only,central_mlp,own_silo,Elsevier BV,0.4355473329358824,0.6630274889899646,0.17663817663817663
50,pub_meta_only,central_mlp,own_silo,Hindawi Publishing Corporation,0.5493264242673308,0.7016248772028244,0.19117647058823528
50,pub_meta_only,central_mlp,own_silo,IOS Press,0.3672054781402663,0.6410827119608282,0.10602409638554217
50,pub_meta_only,central_mlp,own_silo,Other,0.35506843859884274,0.6122432461984966,0.09260539046302695
50,pub_meta_only,central_mlp,own_silo,Public Library of Science,0.363067255976298,0.6389094198501915,0.08502024291497975
50,pub_meta_only,central_mlp,own_silo,SAGE Publishing,0.33399480082120625,0.6411388623737286,0.053811659192825115
50,pub_meta_only,central_mlp,own_silo,Spandidos Publishing,0.30553991067586217,0.5567285884004752,0.04964539007092199
50,pub_meta_only,central_mlp,own_silo,Springer Science+Business Media,0.5216420890481159,0.725412591104797,0.2494407158836689
50,pub_meta_only,central_mlp,own_silo,Taylor & Francis,0.3867384850664154,0.6345255140234463,0.13452914798206278
50,pub_meta_only,central_mlp,own_silo,Wiley,0.6162201087660004,0.7385742784097654,0.29525483304042177
50,pub_meta_only,fl_fedavg,pooled,ALL,0.4495487779638888,0.6593368691286878,0.1662883087400681
50,pub_meta_only,fl_fedavg,own_silo,Elsevier BV,0.4357069429050293,0.6508961446826943,0.18328584995251662
50,pub_meta_only,fl_fedavg,own_silo,Hindawi Publishing Corporation,0.5355947307942488,0.6789541491036286,0.17538126361655773
50,pub_meta_only,fl_fedavg,own_silo,IOS Press,0.33264713850025196,0.5889199292955972,0.09879518072289156
50,pub_meta_only,fl_fedavg,own_silo,Other,0.36652915550572374,0.6172435177727481,0.09329647546648238
50,pub_meta_only,fl_fedavg,own_silo,Public Library of Science,0.38244827183543717,0.6389507882050546,0.12550607287449392
50,pub_meta_only,fl_fedavg,own_silo,SAGE Publishing,0.31997303709088776,0.6317444838928987,0.04932735426008968
50,pub_meta_only,fl_fedavg,own_silo,Spandidos Publishing,0.28287606539582155,0.5324279079814235,0.0425531914893617
50,pub_meta_only,fl_fedavg,own_silo,Springer Science+Business Media,0.497714562516285,0.7104579779407095,0.2348993288590604
50,pub_meta_only,fl_fedavg,own_silo,Taylor & Francis,0.3913233354569586,0.6460851363824669,0.09417040358744394
50,pub_meta_only,fl_fedavg,own_silo,Wiley,0.6175306950849545,0.7365113511666759,0.30052724077328646
50,pub_text_only,central_xgb,pooled,ALL,0.36320601436376576,0.5863136153973054,0.10102156640181612
50,pub_text_only,central_xgb,own_silo,Elsevier BV,0.31259715359330886,0.5314209471129548,0.12535612535612536
50,pub_text_only,central_xgb,own_silo,Hindawi Publishing Corporation,0.46064097140096755,0.6190755566058157,0.11601307189542484
50,pub_text_only,central_xgb,own_silo,IOS Press,0.3376331960207536,0.5725085840833823,0.08674698795180723
50,pub_text_only,central_xgb,own_silo,Other,0.31481719162613664,0.5716321755455962,0.06979958534899793
50,pub_text_only,central_xgb,own_silo,Public Library of Science,0.30347958934677854,0.5514953281337907,0.08097165991902834
50,pub_text_only,central_xgb,own_silo,SAGE Publishing,0.35608326033881765,0.6181233218192681,0.08520179372197309
50,pub_text_only,central_xgb,own_silo,Spandidos Publishing,0.2788219822359335,0.530906865392231,0.04964539007092199
50,pub_text_only,central_xgb,own_silo,Springer Science+Business Media,0.2839977801836923,0.5227981986787649,0.0447427293064877
50,pub_text_only,central_xgb,own_silo,Taylor & Francis,0.3173835786814136,0.5899295738820126,0.04484304932735426
50,pub_text_only,central_xgb,own_silo,Wiley,0.4705735083653668,0.65930792772082,0.13884007029876977
50,pub_text_only,central_mlp,pooled,ALL,0.3711458606892054,0.5952073243149629,0.10754824063564132
50,pub_text_only,central_mlp,own_silo,Elsevier BV,0.31675179418434907,0.5331068153923904,0.1282051282051282
50,pub_text_only,central_mlp,own_silo,Hindawi Publishing Corporation,0.47365312283371586,0.6304828858841205,0.13071895424836602
50,pub_text_only,central_mlp,own_silo,IOS Press,0.3354245266318284,0.5774050671488652,0.09156626506024096
50,pub_text_only,central_mlp,own_silo,Other,0.32170617317357675,0.5872133015639104,0.0635798203178991
50,pub_text_only,central_mlp,own_silo,Public Library of Science,0.2987491828422701,0.5311310659797681,0.08097165991902834
50,pub_text_only,central_mlp,own_silo,SAGE Publishing,0.34753587244520984,0.6320844120616129,0.09865470852017937
50,pub_text_only,central_mlp,own_silo,Spandidos Publishing,0.2925487980398702,0.5542175180905067,0.0425531914893617
50,pub_text_only,central_mlp,own_silo,Springer Science+Business Media,0.2846410660340134,0.5203973139847338,0.0447427293064877
50,pub_text_only,central_mlp,own_silo,Taylor & Francis,0.3354805520220876,0.6052394415332397,0.053811659192825115
50,pub_text_only,central_mlp,own_silo,Wiley,0.4806144486804602,0.6638398531485337,0.14762741652021089
50,pub_text_only,fl_fedavg,pooled,ALL,0.3619132200834657,0.5895996893170956,0.1007377979568672
50,pub_text_only,fl_fedavg,own_silo,Elsevier BV,0.31905639132008246,0.531379989225993,0.1396011396011396
50,pub_text_only,fl_fedavg,own_silo,Hindawi Publishing Corporation,0.4513015235702902,0.6137877533272111,0.10729847494553377
50,pub_text_only,fl_fedavg,own_silo,IOS Press,0.3202756675280395,0.585148011946606,0.06987951807228916
50,pub_text_only,fl_fedavg,own_silo,Other,0.33605067783314446,0.5914408371919507,0.07740152038700761
50,pub_text_only,fl_fedavg,own_silo,Public Library of Science,0.2883357845729511,0.5285607121975974,0.07692307692307693
50,pub_text_only,fl_fedavg,own_silo,SAGE Publishing,0.33818008968851243,0.6215706741565319,0.08968609865470852
50,pub_text_only,fl_fedavg,own_silo,Spandidos Publishing,0.2826237291547362,0.5316628865608237,0.04964539007092199
50,pub_text_only,fl_fedavg,own_silo,Springer Science+Business Media,0.2828712979843617,0.5233470500824637,0.0447427293064877
50,pub_text_only,fl_fedavg,own_silo,Taylor & Francis,0.35428898377047846,0.6230785443815365,0.06726457399103139
50,pub_text_only,fl_fedavg,own_silo,Wiley,0.4598884527020838,0.6489368324439826,0.140597539543058
50,pub_no_year,central_xgb,pooled,ALL,0.4683000668042486,0.6698809248780963,0.18487514188422247
50,pub_no_year,central_xgb,own_silo,Elsevier BV,0.36737070480279355,0.6091597107678979,0.09876543209876543
50,pub_no_year,central_xgb,own_silo,Hindawi Publishing Corporation,0.566585895200598,0.7035762636101537,0.2053376906318083
50,pub_no_year,central_xgb,own_silo,IOS Press,0.4138436718995072,0.6664946463763994,0.16626506024096385
50,pub_no_year,central_xgb,own_silo,Other,0.3860679637475618,0.6367265583180691,0.1161022805805114
50,pub_no_year,central_xgb,own_silo,Public Library of Science,0.33090006350200085,0.5711866650487043,0.08906882591093117
50,pub_no_year,central_xgb,own_silo,SAGE Publishing,0.3814207681436767,0.6840693865498321,0.08968609865470852
50,pub_no_year,central_xgb,own_silo,Spandidos Publishing,0.3137876650079405,0.5831623285451992,0.06382978723404255
50,pub_no_year,central_xgb,own_silo,Springer Science+Business Media,0.4911807626343142,0.7064620222044413,0.21588366890380314
50,pub_no_year,central_xgb,own_silo,Taylor & Francis,0.4777284730851421,0.7243933106089788,0.15246636771300448
50,pub_no_year,central_xgb,own_silo,Wiley,0.6289482906299434,0.7575199126766516,0.29525483304042177
50,pub_no_year,central_mlp,pooled,ALL,0.4682755691605428,0.671156942188793,0.18019296254256525
50,pub_no_year,central_mlp,own_silo,Elsevier BV,0.34926576292296885,0.5938326099753974,0.08452041785375118
50,pub_no_year,central_mlp,own_silo,Hindawi Publishing Corporation,0.5738798911344425,0.7095623457430527,0.22058823529411764
50,pub_no_year,central_mlp,own_silo,IOS Press,0.419326549762551,0.6853948678355919,0.1614457831325301
50,pub_no_year,central_mlp,own_silo,Other,0.3693034828320235,0.6354838381160179,0.09398756046993781
50,pub_no_year,central_mlp,own_silo,Public Library of Science,0.3162367449071939,0.5812695120740439,0.0728744939271255
50,pub_no_year,central_mlp,own_silo,SAGE Publishing,0.40458565415533665,0.7010314588068864,0.08968609865470852
50,pub_no_year,central_mlp,own_silo,Spandidos Publishing,0.3175999862481421,0.5899485185585196,0.06382978723404255
50,pub_no_year,central_mlp,own_silo,Springer Science+Business Media,0.5036843239563911,0.7162113921593174,0.24049217002237136
50,pub_no_year,central_mlp,own_silo,Taylor & Francis,0.5055702162201609,0.7182773582574442,0.21076233183856502
50,pub_no_year,central_mlp,own_silo,Wiley,0.6354935822895889,0.7435803151863294,0.3251318101933216
50,pub_no_year,fl_fedavg,pooled,ALL,0.45046914978711994,0.6602466411149093,0.170261066969353
50,pub_no_year,fl_fedavg,own_silo,Elsevier BV,0.3432963510309479,0.5822427428177915,0.08452041785375118
50,pub_no_year,fl_fedavg,own_silo,Hindawi Publishing Corporation,0.5514220359155283,0.694009531110112,0.19934640522875818
50,pub_no_year,fl_fedavg,own_silo,IOS Press,0.49737503408490585,0.7271439891098965,0.21445783132530122
50,pub_no_year,fl_fedavg,own_silo,Other,0.3853273114803146,0.6407457679083566,0.1188666205943331
50,pub_no_year,fl_fedavg,own_silo,Public Library of Science,0.31694129739818877,0.5927147569195469,0.06882591093117409
50,pub_no_year,fl_fedavg,own_silo,SAGE Publishing,0.4094953642428688,0.6738990104313309,0.14798206278026907
50,pub_no_year,fl_fedavg,own_silo,Spandidos Publishing,0.32730675378088925,0.6051229434424165,0.05673758865248227
50,pub_no_year,fl_fedavg,own_silo,Springer Science+Business Media,0.48517381734027293,0.7045131461251091,0.2214765100671141
50,pub_no_year,fl_fedavg,own_silo,Taylor & Francis,0.5345933509581182,0.6996133468032066,0.29596412556053814
50,pub_no_year,fl_fedavg,own_silo,Wiley,0.623929320392564,0.7563704640934845,0.3181019332161687
50,pub_has_abstract,central_xgb,pooled,ALL,0.5162692663223255,0.7093072346729106,0.2268480909829407
50,pub_has_abstract,central_xgb,own_silo,Elsevier BV,0.6741238494745585,0.7547767614913574,0.21052631578947367
50,pub_has_abstract,central_xgb,own_silo,Hindawi Publishing Corporation,0.5834660182638447,0.7275879116985848,0.22343324250681199
50,pub_has_abstract,central_xgb,own_silo,IOS Press,0.3363827874980252,0.6570424211355024,0.20848056537102475
50,pub_has_abstract,central_xgb,own_silo,Other,0.4353074476911154,0.6674309346691463,0.1606012658227848
50,pub_has_abstract,central_xgb,own_silo,Public Library of Science,0.40279847909302546,0.6442019922276321,0.14754098360655737
50,pub_has_abstract,central_xgb,own_silo,SAGE Publishing,0.4073897566526061,0.7019617399780675,0.16666666666666666
50,pub_has_abstract,central_xgb,own_silo,Spandidos Publishing,0.3053478647298222,0.5738941261783902,0.03571428571428571
50,pub_has_abstract,central_xgb,own_silo,Springer Science+Business Media,0.526610660083398,0.7400952587140074,0.3548387096774194
50,pub_has_abstract,central_xgb,own_silo,Taylor & Francis,0.39831989758317354,0.7258769253301438,0.19718309859154928
50,pub_has_abstract,central_xgb,own_silo,Wiley,0.7047451728553521,0.7910581759514094,0.3715953307392996
50,pub_has_abstract,central_mlp,pooled,ALL,0.510319946770317,0.7048702974284758,0.21852152721364745
50,pub_has_abstract,central_mlp,own_silo,Elsevier BV,0.6578785444290343,0.7398699713200528,0.21428571428571427
50,pub_has_abstract,central_mlp,own_silo,Hindawi Publishing Corporation,0.5869158130830536,0.7306519379545352,0.20926430517711173
50,pub_has_abstract,central_mlp,own_silo,IOS Press,0.34364909356199697,0.6648907278907829,0.1872791519434629
50,pub_has_abstract,central_mlp,own_silo,Other,0.41114237059512776,0.655436949764533,0.14003164556962025
50,pub_has_abstract,central_mlp,own_silo,Public Library of Science,0.37364526951308796,0.6371610756242462,0.13114754098360656
50,pub_has_abstract,central_mlp,own_silo,SAGE Publishing,0.45214116337224775,0.7066325494496568,0.1781609195402299
50,pub_has_abstract,central_mlp,own_silo,Spandidos Publishing,0.33877511181414144,0.6031997824510514,0.07142857142857142
50,pub_has_abstract,central_mlp,own_silo,Springer Science+Business Media,0.5413024716946881,0.7345475211084651,0.4032258064516129
50,pub_has_abstract,central_mlp,own_silo,Taylor & Francis,0.3929527030934778,0.7256328264212658,0.2112676056338028
50,pub_has_abstract,central_mlp,own_silo,Wiley,0.6677625368145172,0.7634032457056088,0.3754863813229572
50,pub_has_abstract,fl_fedavg,pooled,ALL,0.49964250535244326,0.6922899330325144,0.2132412672623883
50,pub_has_abstract,fl_fedavg,own_silo,Elsevier BV,0.6303638510016749,0.6889533757073096,0.22180451127819548
50,pub_has_abstract,fl_fedavg,own_silo,Hindawi Publishing Corporation,0.586820684937989,0.725232622180996,0.2239782016348774
50,pub_has_abstract,fl_fedavg,own_silo,IOS Press,0.30876312862423094,0.6276478880975485,0.15547703180212014
50,pub_has_abstract,fl_fedavg,own_silo,Other,0.417662571736427,0.6569097904418381,0.13844936708860758
50,pub_has_abstract,fl_fedavg,own_silo,Public Library of Science,0.3712677456210917,0.6111331353017376,0.14754098360655737
50,pub_has_abstract,fl_fedavg,own_silo,SAGE Publishing,0.3463536688663228,0.6491815929491086,0.1206896551724138
50,pub_has_abstract,fl_fedavg,own_silo,Spandidos Publishing,0.36248867853902833,0.5969905728788978,0.12142857142857143
50,pub_has_abstract,fl_fedavg,own_silo,Springer Science+Business Media,0.5029758202676244,0.7340333405499025,0.41935483870967744
50,pub_has_abstract,fl_fedavg,own_silo,Taylor & Francis,0.4034811004934159,0.6844106231845143,0.2746478873239437
50,pub_has_abstract,fl_fedavg,own_silo,Wiley,0.6749604651990893,0.7679671633292209,0.3638132295719844
50,pub_silo_onehot,central_xgb,pooled,ALL,0.577119908113236,0.7466988051820357,0.27397843359818386
50,pub_silo_onehot,central_xgb,own_silo,Elsevier BV,0.5648749045796029,0.7357818860621005,0.288698955365622
50,pub_silo_onehot,central_xgb,own_silo,Hindawi Publishing Corporation,0.5842944520216837,0.7321262066783731,0.20642701525054466
50,pub_silo_onehot,central_xgb,own_silo,IOS Press,0.7185232369163757,0.8414799162924886,0.44096385542168676
50,pub_silo_onehot,central_xgb,own_silo,Other,0.4634874885510999,0.6924730694822723,0.1762266758811334
50,pub_silo_onehot,central_xgb,own_silo,Public Library of Science,0.43905279384403356,0.6698088230427253,0.1902834008097166
50,pub_silo_onehot,central_xgb,own_silo,SAGE Publishing,0.6052068037062871,0.7872255680920759,0.3901345291479821
50,pub_silo_onehot,central_xgb,own_silo,Spandidos Publishing,0.3624568844497256,0.6490261727328366,0.09219858156028368
50,pub_silo_onehot,central_xgb,own_silo,Springer Science+Business Media,0.5407967263091156,0.7417708577141291,0.27740492170022374
50,pub_silo_onehot,central_xgb,own_silo,Taylor & Francis,0.6709546887957898,0.8241636444244171,0.35874439461883406
50,pub_silo_onehot,central_xgb,own_silo,Wiley,0.7185240993588803,0.8222314068729496,0.4270650263620387
50,pub_silo_onehot,central_mlp,pooled,ALL,0.5807857122758124,0.7447486981485876,0.2822077185017026
50,pub_silo_onehot,central_mlp,own_silo,Elsevier BV,0.5487786082379184,0.7280509113476948,0.2801519468186135
50,pub_silo_onehot,central_mlp,own_silo,Hindawi Publishing Corporation,0.5932289050353208,0.7342934887718233,0.22058823529411764
50,pub_silo_onehot,central_mlp,own_silo,IOS Press,0.7276700984950968,0.8424216257949166,0.4746987951807229
50,pub_silo_onehot,central_mlp,own_silo,Other,0.45565604579755953,0.6830944671034247,0.16931582584657912
50,pub_silo_onehot,central_mlp,own_silo,Public Library of Science,0.42667633125166465,0.6786809562157333,0.1862348178137652
50,pub_silo_onehot,central_mlp,own_silo,SAGE Publishing,0.6352704679880024,0.7999814584635246,0.3811659192825112
50,pub_silo_onehot,central_mlp,own_silo,Spandidos Publishing,0.3658193407418726,0.6431940094322641,0.10638297872340426
50,pub_silo_onehot,central_mlp,own_silo,Springer Science+Business Media,0.5451753317183858,0.7427467699414497,0.27740492170022374
50,pub_silo_onehot,central_mlp,own_silo,Taylor & Francis,0.6470454472501086,0.8003793852795604,0.4439461883408072
50,pub_silo_onehot,central_mlp,own_silo,Wiley,0.7290539761265211,0.8206339049692661,0.44639718804920914
48,v1exact,central_xgb,pooled,ALL,0.6461847511592489,0.79976421093312,0.3444948921679909
48,v1exact,central_xgb,own_silo,Elsevier BV,0.6802453424301829,0.8231346459294803,0.4121557454890788
48,v1exact,central_xgb,own_silo,Hindawi Publishing Corporation,0.7077795253310462,0.8341077400324555,0.3431372549019608
48,v1exact,central_xgb,own_silo,IOS Press,0.7038020597068458,0.8011276133200593,0.4795180722891566
48,v1exact,central_xgb,own_silo,Other,0.5433835519609298,0.7458376779258016,0.24464409122322045
48,v1exact,central_xgb,own_silo,Public Library of Science,0.48594883712634757,0.7160751911217995,0.2145748987854251
48,v1exact,central_xgb,own_silo,SAGE Publishing,0.6165611520616043,0.8062684127758054,0.3183856502242152
48,v1exact,central_xgb,own_silo,Spandidos Publishing,0.5243028088859562,0.693307412607553,0.2765957446808511
48,v1exact,central_xgb,own_silo,Springer Science+Business Media,0.5635893993129093,0.778239538710807,0.2539149888143177
48,v1exact,central_xgb,own_silo,Taylor & Francis,0.6209546366838664,0.7962657441257058,0.28699551569506726
48,v1exact,central_xgb,own_silo,Wiley,0.7850096331825939,0.8598577521186623,0.4991212653778559
48,v1exact,central_mlp,pooled,ALL,0.6330109486640204,0.7909410210208828,0.3366912599318956
48,v1exact,central_mlp,own_silo,Elsevier BV,0.6636012339740268,0.8118625494965651,0.38841405508072174
48,v1exact,central_mlp,own_silo,Hindawi Publishing Corporation,0.6919735366775872,0.8219861218378526,0.3344226579520697
48,v1exact,central_mlp,own_silo,IOS Press,0.6770793879944601,0.7784889981511205,0.4530120481927711
48,v1exact,central_mlp,own_silo,Other,0.5338274656023032,0.7382876457299594,0.2508638562543193
48,v1exact,central_mlp,own_silo,Public Library of Science,0.49710022287184596,0.7217288662864456,0.2591093117408907
48,v1exact,central_mlp,own_silo,SAGE Publishing,0.6646064938497717,0.828751742561067,0.37668161434977576
48,v1exact,central_mlp,own_silo,Spandidos Publishing,0.4993693775272757,0.6735788602080859,0.24113475177304963
48,v1exact,central_mlp,own_silo,Springer Science+Business Media,0.5681105952322253,0.7863228498179264,0.27628635346756153
48,v1exact,central_mlp,own_silo,Taylor & Francis,0.5697489764514782,0.7592611435340975,0.2556053811659193
48,v1exact,central_mlp,own_silo,Wiley,0.7707765616701197,0.8520113902537184,0.5131810193321616
48,v1exact,local_logreg,pooled,Elsevier BV,0.30518231020469266,0.5263499129470051,0.06640181611804767
48,v1exact,local_logreg,own_silo,Elsevier BV,0.47133936750022776,0.7043744758778872,0.19848053181386516
48,v1exact,local_logreg,pooled,Hindawi Publishing Corporation,0.3998967112086377,0.5979574217525355,0.15465380249716232
48,v1exact,local_logreg,own_silo,Hindawi Publishing Corporation,0.599828417316925,0.7629434947275663,0.2162309368191721
48,v1exact,local_logreg,pooled,IOS Press,0.34248270891721644,0.5638311484094178,0.07037457434733257
48,v1exact,local_logreg,own_silo,IOS Press,0.6127361895498589,0.7696519636725655,0.38313253012048193
48,v1exact,local_logreg,pooled,Other,0.3238238570956968,0.5451644632849311,0.07321225879682179
48,v1exact,local_logreg,own_silo,Other,0.327765770864271,0.5802610007225305,0.082930200414651
48,v1exact,local_logreg,pooled,Public Library of Science,0.3429298222550975,0.5735696517617305,0.07832009080590238
48,v1exact,local_logreg,own_silo,Public Library of Science,0.3307509995362378,0.6322794515107724,0.07692307692307693
48,v1exact,local_logreg,pooled,SAGE Publishing,0.3392613563039158,0.5748445476366213,0.07377979568671963
48,v1exact,local_logreg,own_silo,SAGE Publishing,0.457070563617481,0.7202356835303085,0.15695067264573992
48,v1exact,local_logreg,pooled,Spandidos Publishing,0.36106134832662384,0.5899814539986211,0.08981271282633371
48,v1exact,local_logreg,own_silo,Spandidos Publishing,0.4308998835098315,0.6814810814702811,0.16312056737588654
48,v1exact,local_logreg,pooled,Springer Science+Business Media,0.3668047440445832,0.5801785522978508,0.09832576617480136
48,v1exact,local_logreg,own_silo,Springer Science+Business Media,0.39225075610680293,0.6567614864166081,0.11409395973154363
48,v1exact,local_logreg,pooled,Taylor & Francis,0.2884495047123084,0.5176367100080381,0.04242338251986379
48,v1exact,local_logreg,own_silo,Taylor & Francis,0.4175822899044425,0.6679288616261237,0.17040358744394618
48,v1exact,local_logreg,pooled,Wiley,0.3505255379436846,0.5600499051257093,0.09790011350737798
48,v1exact,local_logreg,own_silo,Wiley,0.5367308155065981,0.717617832956457,0.21441124780316345
48,v1exact,fl_fedavg,pooled,ALL,0.5692013722849122,0.754961881041376,0.268161180476731
48,v1exact,fl_fedavg,own_silo,Elsevier BV,0.6054192323146739,0.7770400151613602,0.30484330484330485
48,v1exact,fl_fedavg,own_silo,Hindawi Publishing Corporation,0.6168599200784665,0.7662969623148755,0.23366013071895425
48,v1exact,fl_fedavg,own_silo,IOS Press,0.5848069091348536,0.7585607184217477,0.3373493975903614
48,v1exact,fl_fedavg,own_silo,Other,0.5207056481684638,0.7374392441945643,0.24118866620594334
48,v1exact,fl_fedavg,own_silo,Public Library of Science,0.4701141074092597,0.7073188893424086,0.21862348178137653
48,v1exact,fl_fedavg,own_silo,SAGE Publishing,0.5686333073009104,0.7690136589318702,0.30493273542600896
48,v1exact,fl_fedavg,own_silo,Spandidos Publishing,0.5287035063695915,0.6782229902437267,0.2695035460992908
48,v1exact,fl_fedavg,own_silo,Springer Science+Business Media,0.46472671560799184,0.7196417134324351,0.18344519015659955
48,v1exact,fl_fedavg,own_silo,Taylor & Francis,0.5625589260368228,0.7570916702400593,0.2914798206278027
48,v1exact,fl_fedavg,own_silo,Wiley,0.7390544171500921,0.8205832365808393,0.4446397188049209
48,pub_all,central_xgb,pooled,ALL,0.5089439126401253,0.7042279978402707,0.2187854710556186
48,pub_all,central_xgb,own_silo,Elsevier BV,0.5085694543038167,0.6873788618427995,0.23741690408357075
48,pub_all,central_xgb,own_silo,Hindawi Publishing Corporation,0.5733457388372563,0.7229558032632348,0.19226579520697168
48,pub_all,central_xgb,own_silo,IOS Press,0.47412647982889616,0.7218797618805746,0.19759036144578312
48,pub_all,central_xgb,own_silo,Other,0.4012912190419161,0.6543637872887528,0.12508638562543192
48,pub_all,central_xgb,own_silo,Public Library of Science,0.4307789593957182,0.671948945934318,0.16194331983805668
48,pub_all,central_xgb,own_silo,SAGE Publishing,0.4885417163978188,0.702796338389908,0.21973094170403587
48,pub_all,central_xgb,own_silo,Spandidos Publishing,0.3695703815020941,0.6197213521978615,0.1276595744680851
48,pub_all,central_xgb,own_silo,Springer Science+Business Media,0.49775138605489966,0.720615130880648,0.23042505592841164
48,pub_all,central_xgb,own_silo,Taylor & Francis,0.5076436575977316,0.726039493862244,0.18385650224215247
48,pub_all,central_xgb,own_silo,Wiley,0.6885325429921745,0.7906374951865032,0.36906854130052724
48,pub_all,central_mlp,pooled,ALL,0.5071679153085565,0.7013483642975589,0.21821793416572077
48,pub_all,central_mlp,own_silo,Elsevier BV,0.4903178936860747,0.6831296546208826,0.20797720797720798
48,pub_all,central_mlp,own_silo,Hindawi Publishing Corporation,0.5724132323192201,0.7206204155187452,0.2113289760348584
48,pub_all,central_mlp,own_silo,IOS Press,0.48877161286454224,0.7200969137934536,0.21204819277108433
48,pub_all,central_mlp,own_silo,Other,0.3893133339295676,0.640782484032506,0.12093987560469938
48,pub_all,central_mlp,own_silo,Public Library of Science,0.43965873928068955,0.6759754658076756,0.18218623481781376
48,pub_all,central_mlp,own_silo,SAGE Publishing,0.5432802409693201,0.7318069757380561,0.29596412556053814
48,pub_all,central_mlp,own_silo,Spandidos Publishing,0.3535840076959541,0.6067159880476652,0.0851063829787234
48,pub_all,central_mlp,own_silo,Springer Science+Business Media,0.5092696300693815,0.7264340897503588,0.24161073825503357
48,pub_all,central_mlp,own_silo,Taylor & Francis,0.5333732312037877,0.736352668415812,0.2914798206278027
48,pub_all,central_mlp,own_silo,Wiley,0.6853640023841124,0.78932518392625,0.4165202108963093
48,pub_all,fl_fedavg,pooled,ALL,0.4794782168633368,0.6805324166424032,0.19225312145289444
48,pub_all,fl_fedavg,own_silo,Elsevier BV,0.4551881753492576,0.6523532735764704,0.1671415004748338
48,pub_all,fl_fedavg,own_silo,Hindawi Publishing Corporation,0.5674095280979443,0.7158550205633236,0.2162309368191721
48,pub_all,fl_fedavg,own_silo,IOS Press,0.42554462521708103,0.6815274589081453,0.1614457831325301
48,pub_all,fl_fedavg,own_silo,Other,0.38662591963978366,0.6478588692934567,0.11126468555632343
48,pub_all,fl_fedavg,own_silo,Public Library of Science,0.390289594998645,0.6434930335690411,0.13360323886639677
48,pub_all,fl_fedavg,own_silo,SAGE Publishing,0.4567745224279586,0.6743728496968115,0.2600896860986547
48,pub_all,fl_fedavg,own_silo,Spandidos Publishing,0.33731895325698535,0.5960506894193037,0.09929078014184398
48,pub_all,fl_fedavg,own_silo,Springer Science+Business Media,0.473893370837382,0.695492705265889,0.19574944071588368
48,pub_all,fl_fedavg,own_silo,Taylor & Francis,0.5494564562324846,0.7260685655311757,0.3542600896860987
48,pub_all,fl_fedavg,own_silo,Wiley,0.6715601759704459,0.770721199364184,0.37785588752196836
48,pub_all,fl_fedavg_ft10,own_silo,Elsevier BV,0.5670186982123581,0.7193798142872218,0.2934472934472934
48,pub_all,fl_fedavg_ft10,own_silo,Hindawi Publishing Corporation,0.5899275834685929,0.7375608222255522,0.2238562091503268
48,pub_all,fl_fedavg_ft10,own_silo,IOS Press,0.7220523114969597,0.8367195595196977,0.4602409638554217
48,pub_all,fl_fedavg_ft10,own_silo,Other,0.43406614746602473,0.6680692642982057,0.16102280580511402
48,pub_all,fl_fedavg_ft10,own_silo,Public Library of Science,0.4294755442111611,0.6712429260113183,0.19838056680161945
48,pub_all,fl_fedavg_ft10,own_silo,SAGE Publishing,0.641429561635823,0.8154876767454796,0.4125560538116592
48,pub_all,fl_fedavg_ft10,own_silo,Spandidos Publishing,0.3669256260781101,0.6646686107211002,0.1276595744680851
48,pub_all,fl_fedavg_ft10,own_silo,Springer Science+Business Media,0.5458226240633796,0.7399539781294056,0.2539149888143177
48,pub_all,fl_fedavg_ft10,own_silo,Taylor & Francis,0.6831080280407862,0.8066043563895894,0.47533632286995514
48,pub_all,fl_fedavg_ft10,own_silo,Wiley,0.7507278600913305,0.837588995405101,0.4850615114235501
48,pub_all,fl_fedavg_ft30,own_silo,Elsevier BV,0.564529350996134,0.7190906793733304,0.29534662867996203
48,pub_all,fl_fedavg_ft30,own_silo,Hindawi Publishing Corporation,0.5913650100442103,0.7389413698721372,0.22930283224400871
48,pub_all,fl_fedavg_ft30,own_silo,IOS Press,0.7259306918491769,0.8402121132083139,0.4650602409638554
48,pub_all,fl_fedavg_ft30,own_silo,Other,0.43674285119324624,0.67221729299074,0.16516931582584657
48,pub_all,fl_fedavg_ft30,own_silo,Public Library of Science,0.44737533939279445,0.6838575163542897,0.20647773279352227
48,pub_all,fl_fedavg_ft30,own_silo,SAGE Publishing,0.6549867935710798,0.821626985489531,0.452914798206278
48,pub_all,fl_fedavg_ft30,own_silo,Spandidos Publishing,0.39843944581426216,0.684001152032257,0.16312056737588654
48,pub_all,fl_fedavg_ft30,own_silo,Springer Science+Business Media,0.553663479748555,0.7423823053936216,0.27069351230425054
48,pub_all,fl_fedavg_ft30,own_silo,Taylor & Francis,0.6864706661128547,0.8133453496231585,0.45739910313901344
48,pub_all,fl_fedavg_ft30,own_silo,Wiley,0.7572169962447032,0.84438435012725,0.46748681898066785
48,pub_meta_only,central_xgb,pooled,ALL,0.472655566365307,0.6743426003639861,0.18700340522133937
48,pub_meta_only,central_xgb,own_silo,Elsevier BV,0.4860983801637264,0.6729896272415767,0.21082621082621084
48,pub_meta_only,central_xgb,own_silo,Hindawi Publishing Corporation,0.5503092508415506,0.6971886491222004,0.17973856209150327
48,pub_meta_only,central_xgb,own_silo,IOS Press,0.38372345277330455,0.6545988337837014,0.12048192771084337
48,pub_meta_only,central_xgb,own_silo,Other,0.3520333210490911,0.6122216274587297,0.0801658604008293
48,pub_meta_only,central_xgb,own_silo,Public Library of Science,0.38567358416037634,0.6302082758772849,0.15384615384615385
48,pub_meta_only,central_xgb,own_silo,SAGE Publishing,0.36196343691401794,0.6152150474869352,0.11210762331838565
48,pub_meta_only,central_xgb,own_silo,Spandidos Publishing,0.31773729520792493,0.5461622925441914,0.06382978723404255
48,pub_meta_only,central_xgb,own_silo,Springer Science+Business Media,0.48844781838763196,0.7116953883781396,0.23825503355704697
48,pub_meta_only,central_xgb,own_silo,Taylor & Francis,0.4295216753683363,0.6588039915401444,0.13004484304932734
48,pub_meta_only,central_xgb,own_silo,Wiley,0.6342858427766057,0.7616269474757008,0.3022847100175747
48,pub_meta_only,central_mlp,pooled,ALL,0.4652626936141513,0.6684609694331927,0.18203745743473326
48,pub_meta_only,central_mlp,own_silo,Elsevier BV,0.4547998913647216,0.6567633619899702,0.1899335232668566
48,pub_meta_only,central_mlp,own_silo,Hindawi Publishing Corporation,0.546727789792206,0.6931790891939766,0.1775599128540305
48,pub_meta_only,central_mlp,own_silo,IOS Press,0.37927887134371885,0.6540726142343404,0.10361445783132531
48,pub_meta_only,central_mlp,own_silo,Other,0.3422374792801278,0.6023296246772376,0.07394609536973047
48,pub_meta_only,central_mlp,own_silo,Public Library of Science,0.37719043204004077,0.6292264669218635,0.11740890688259109
48,pub_meta_only,central_mlp,own_silo,SAGE Publishing,0.367654710648038,0.6376709083292703,0.10762331838565023
48,pub_meta_only,central_mlp,own_silo,Spandidos Publishing,0.3013221338251363,0.5451002628073586,0.04964539007092199
48,pub_meta_only,central_mlp,own_silo,Springer Science+Business Media,0.5164478698073489,0.7150077746388921,0.25615212527964204
48,pub_meta_only,central_mlp,own_silo,Taylor & Francis,0.37471691647953176,0.6347035779956538,0.09865470852017937
48,pub_meta_only,central_mlp,own_silo,Wiley,0.6274760946517695,0.7572868380898885,0.3093145869947276
48,pub_meta_only,fl_fedavg,pooled,ALL,0.4504496397742297,0.6567026287441167,0.1648694665153235
48,pub_meta_only,fl_fedavg,own_silo,Elsevier BV,0.456290389958554,0.6420822156689603,0.20322886989553657
48,pub_meta_only,fl_fedavg,own_silo,Hindawi Publishing Corporation,0.5281225917282913,0.6761193274749313,0.1775599128540305
48,pub_meta_only,fl_fedavg,own_silo,IOS Press,0.3473110927637947,0.6087324000893963,0.08674698795180723
48,pub_meta_only,fl_fedavg,own_silo,Other,0.3503370729735869,0.6063125648115525,0.0912232204561161
48,pub_meta_only,fl_fedavg,own_silo,Public Library of Science,0.3819030709549752,0.6293809087800195,0.12550607287449392
48,pub_meta_only,fl_fedavg,own_silo,SAGE Publishing,0.33786647453356083,0.606562330465118,0.08071748878923767
48,pub_meta_only,fl_fedavg,own_silo,Spandidos Publishing,0.29175509650741066,0.5172894841055549,0.07092198581560284
48,pub_meta_only,fl_fedavg,own_silo,Springer Science+Business Media,0.4802873338063154,0.7059798494423489,0.203579418344519
48,pub_meta_only,fl_fedavg,own_silo,Taylor & Francis,0.387875206800778,0.6434650522199853,0.08520179372197309
48,pub_meta_only,fl_fedavg,own_silo,Wiley,0.6327660032470512,0.7518320241586876,0.3321616871704745
48,pub_text_only,central_xgb,pooled,ALL,0.35909040873731823,0.5776974474642241,0.09846765039727583
48,pub_text_only,central_xgb,own_silo,Elsevier BV,0.3148081918853751,0.5233853915018633,0.1339031339031339
48,pub_text_only,central_xgb,own_silo,Hindawi Publishing Corporation,0.4578405939688178,0.6123125862141838,0.12799564270152505
48,pub_text_only,central_xgb,own_silo,IOS Press,0.3294537454004455,0.5676527357321359,0.09156626506024096
48,pub_text_only,central_xgb,own_silo,Other,0.2975346881861625,0.5480515798117419,0.053213545266067724
48,pub_text_only,central_xgb,own_silo,Public Library of Science,0.32831464766617147,0.5989420732716302,0.0931174089068826
48,pub_text_only,central_xgb,own_silo,SAGE Publishing,0.35947911073452676,0.6185250551095668,0.11659192825112108
48,pub_text_only,central_xgb,own_silo,Spandidos Publishing,0.32506061700362776,0.5787522050617417,0.07801418439716312
48,pub_text_only,central_xgb,own_silo,Springer Science+Business Media,0.2753188636176628,0.5152809756309977,0.03803131991051454
48,pub_text_only,central_xgb,own_silo,Taylor & Francis,0.31348987283896296,0.5699391675327601,0.05829596412556054
48,pub_text_only,central_xgb,own_silo,Wiley,0.45618613734529834,0.635765946789506,0.12126537785588752
48,pub_text_only,central_mlp,pooled,ALL,0.3695712793257643,0.5860754150380515,0.10825766174801361
48,pub_text_only,central_mlp,own_silo,Elsevier BV,0.3185741145356528,0.5293409459466965,0.1339031339031339
48,pub_text_only,central_mlp,own_silo,Hindawi Publishing Corporation,0.48132849155387114,0.6275396761356578,0.1454248366013072
48,pub_text_only,central_mlp,own_silo,IOS Press,0.34832330084860297,0.582840976045836,0.12530120481927712
48,pub_text_only,central_mlp,own_silo,Other,0.304229205062598,0.5574540342712413,0.055286800276434005
48,pub_text_only,central_mlp,own_silo,Public Library of Science,0.3247386887993053,0.5872210393937054,0.08906882591093117
48,pub_text_only,central_mlp,own_silo,SAGE Publishing,0.3380945269874976,0.6030772083313304,0.1031390134529148
48,pub_text_only,central_mlp,own_silo,Spandidos Publishing,0.28367857981636424,0.5536775029700831,0.05673758865248227
48,pub_text_only,central_mlp,own_silo,Springer Science+Business Media,0.2817383586402554,0.5170391145076395,0.03691275167785235
48,pub_text_only,central_mlp,own_silo,Taylor & Francis,0.3181338131009382,0.5685618972171145,0.053811659192825115
48,pub_text_only,central_mlp,own_silo,Wiley,0.4717013132034656,0.6455500125947137,0.15992970123022848
48,pub_text_only,fl_fedavg,pooled,ALL,0.35905389877552396,0.5805570225049573,0.09846765039727583
48,pub_text_only,fl_fedavg,own_silo,Elsevier BV,0.32760466923754183,0.5331606160066199,0.14245014245014245
48,pub_text_only,fl_fedavg,own_silo,Hindawi Publishing Corporation,0.4373343673145503,0.5962425665282116,0.09912854030501089
48,pub_text_only,fl_fedavg,own_silo,IOS Press,0.3237167323934082,0.5869074950730409,0.07951807228915662
48,pub_text_only,fl_fedavg,own_silo,Other,0.3284770956618144,0.5694628868771748,0.09606081548030408
48,pub_text_only,fl_fedavg,own_silo,Public Library of Science,0.3289206163742482,0.5989641363942239,0.0931174089068826
48,pub_text_only,fl_fedavg,own_silo,SAGE Publishing,0.33806613399060775,0.6082448032193601,0.10762331838565023
48,pub_text_only,fl_fedavg,own_silo,Spandidos Publishing,0.32552596981799276,0.5988767685495193,0.05673758865248227
48,pub_text_only,fl_fedavg,own_silo,Springer Science+Business Media,0.2762195032398496,0.5195665525418625,0.035794183445190156
48,pub_text_only,fl_fedavg,own_silo,Taylor & Francis,0.3411819888477902,0.6060752520150301,0.07623318385650224
48,pub_text_only,fl_fedavg,own_silo,Wiley,0.4513413599342192,0.6368748606619318,0.12302284710017575
48,pub_no_year,central_xgb,pooled,ALL,0.4645524877762922,0.6654205762191856,0.17948354143019296
48,pub_no_year,central_xgb,own_silo,Elsevier BV,0.38942265950514343,0.6131935419825283,0.12345679012345678
48,pub_no_year,central_xgb,own_silo,Hindawi Publishing Corporation,0.5589105148076879,0.7010235392739629,0.19825708061002179
48,pub_no_year,central_xgb,own_silo,IOS Press,0.3909037976162761,0.6625591743026067,0.13012048192771083
48,pub_no_year,central_xgb,own_silo,Other,0.3649917894612668,0.6228964608872332,0.10366275051831375
48,pub_no_year,central_xgb,own_silo,Public Library of Science,0.3555936067605513,0.6009856700018754,0.13765182186234817
48,pub_no_year,central_xgb,own_silo,SAGE Publishing,0.40033101110508573,0.6677116310371587,0.12556053811659193
48,pub_no_year,central_xgb,own_silo,Spandidos Publishing,0.35801235667093223,0.5903805306548584,0.10638297872340426
48,pub_no_year,central_xgb,own_silo,Springer Science+Business Media,0.4800665545944179,0.6992212660414296,0.19686800894854586
48,pub_no_year,central_xgb,own_silo,Taylor & Francis,0.4703000250897268,0.6911280534337276,0.14798206278026907
48,pub_no_year,central_xgb,own_silo,Wiley,0.6222710228381957,0.7506811279072797,0.30755711775043937
48,pub_no_year,central_mlp,pooled,ALL,0.46752344598660256,0.6705535193531066,0.18005107832009082
48,pub_no_year,central_mlp,own_silo,Elsevier BV,0.4007305368868099,0.6222075745711223,0.13295346628679963
48,pub_no_year,central_mlp,own_silo,Hindawi Publishing Corporation,0.5670318852708642,0.7093318809005082,0.21296296296296297
48,pub_no_year,central_mlp,own_silo,IOS Press,0.37539080057481067,0.6547888010727564,0.12048192771084337
48,pub_no_year,central_mlp,own_silo,Other,0.3677322893276028,0.624223065372925,0.1022805805114029
48,pub_no_year,central_mlp,own_silo,Public Library of Science,0.36117660978858934,0.6113387902789882,0.13765182186234817
48,pub_no_year,central_mlp,own_silo,SAGE Publishing,0.4082977202614878,0.6623963905808994,0.12556053811659193
48,pub_no_year,central_mlp,own_silo,Spandidos Publishing,0.3387473789217703,0.6184073154048314,0.07801418439716312
48,pub_no_year,central_mlp,own_silo,Springer Science+Business Media,0.48525867292821856,0.6976184838637687,0.2080536912751678
48,pub_no_year,central_mlp,own_silo,Taylor & Francis,0.48103047249670233,0.6949618797741132,0.16143497757847533
48,pub_no_year,central_mlp,own_silo,Wiley,0.6170218302630316,0.7533448374702865,0.281195079086116
48,pub_no_year,fl_fedavg,pooled,ALL,0.44722111640430845,0.6503684347943821,0.1681328036322361
48,pub_no_year,fl_fedavg,own_silo,Elsevier BV,0.38281168325163967,0.5904095025074557,0.1282051282051282
48,pub_no_year,fl_fedavg,own_silo,Hindawi Publishing Corporation,0.5428855153782252,0.6891086910301386,0.19934640522875818
48,pub_no_year,fl_fedavg,own_silo,IOS Press,0.4686893153880062,0.7028342713179869,0.19518072289156627
48,pub_no_year,fl_fedavg,own_silo,Other,0.36997210665154456,0.6259126324192478,0.11748445058742225
48,pub_no_year,fl_fedavg,own_silo,Public Library of Science,0.3667015928951245,0.6212423744332536,0.13765182186234817
48,pub_no_year,fl_fedavg,own_silo,SAGE Publishing,0.3856867793302106,0.6103221420281694,0.21076233183856502
48,pub_no_year,fl_fedavg,own_silo,Spandidos Publishing,0.3355320832997338,0.6131151672246823,0.04964539007092199
48,pub_no_year,fl_fedavg,own_silo,Springer Science+Business Media,0.45079862916607627,0.6627711824890093,0.1610738255033557
48,pub_no_year,fl_fedavg,own_silo,Taylor & Francis,0.5290853441637029,0.6566526880391886,0.31390134529147984
48,pub_no_year,fl_fedavg,own_silo,Wiley,0.6305375091333204,0.7530176644478737,0.3110720562390158
48,pub_has_abstract,central_xgb,pooled,ALL,0.5134447476664925,0.7060041041395614,0.21843280552172148
48,pub_has_abstract,central_xgb,own_silo,Elsevier BV,0.7078803625767649,0.7510454657269062,0.29343629343629346
48,pub_has_abstract,central_xgb,own_silo,Hindawi Publishing Corporation,0.5798664596565469,0.7231703971725878,0.20610687022900764
48,pub_has_abstract,central_xgb,own_silo,IOS Press,0.3326181713799985,0.6483096152398162,0.1649122807017544
48,pub_has_abstract,central_xgb,own_silo,Other,0.4072049532807739,0.6514365549874904,0.14274447949526814
48,pub_has_abstract,central_xgb,own_silo,Public Library of Science,0.4065736915451964,0.6610789225135458,0.14979757085020243
48,pub_has_abstract,central_xgb,own_silo,SAGE Publishing,0.5105122329374756,0.724423656542645,0.30177514792899407
48,pub_has_abstract,central_xgb,own_silo,Spandidos Publishing,0.3715879234689781,0.6212873960470893,0.1276595744680851
48,pub_has_abstract,central_xgb,own_silo,Springer Science+Business Media,0.43029822725256167,0.7089660386869132,0.22033898305084745
48,pub_has_abstract,central_xgb,own_silo,Taylor & Francis,0.38638747533057927,0.6799007593233372,0.1875
48,pub_has_abstract,central_xgb,own_silo,Wiley,0.7074436184990445,0.7986036377415687,0.39615384615384613
48,pub_has_abstract,central_mlp,pooled,ALL,0.5128992192634364,0.7050706569606795,0.220462850182704
48,pub_has_abstract,central_mlp,own_silo,Elsevier BV,0.7016281840469858,0.7503770093797794,0.25096525096525096
48,pub_has_abstract,central_mlp,own_silo,Hindawi Publishing Corporation,0.5782011406745854,0.7266263431382871,0.20010905125408943
48,pub_has_abstract,central_mlp,own_silo,IOS Press,0.3152623638509239,0.6507220841804081,0.1543859649122807
48,pub_has_abstract,central_mlp,own_silo,Other,0.4039286466052986,0.6369265923847605,0.13564668769716087
48,pub_has_abstract,central_mlp,own_silo,Public Library of Science,0.4066169084556778,0.660081965854925,0.15384615384615385
48,pub_has_abstract,central_mlp,own_silo,SAGE Publishing,0.5472688708038255,0.7521345120611271,0.31952662721893493
48,pub_has_abstract,central_mlp,own_silo,Spandidos Publishing,0.34999087341171214,0.619793354213918,0.09929078014184398
48,pub_has_abstract,central_mlp,own_silo,Springer Science+Business Media,0.45398369935150434,0.7272698632726357,0.3220338983050847
48,pub_has_abstract,central_mlp,own_silo,Taylor & Francis,0.34340611466835,0.6673154555940024,0.14583333333333334
48,pub_has_abstract,central_mlp,own_silo,Wiley,0.7110666778713589,0.798340280409246,0.41346153846153844
48,pub_has_abstract,fl_fedavg,pooled,ALL,0.494447200463182,0.6877725629967234,0.20686155095412098
48,pub_has_abstract,fl_fedavg,own_silo,Elsevier BV,0.6629873420326311,0.6903282388046931,0.28957528957528955
48,pub_has_abstract,fl_fedavg,own_silo,Hindawi Publishing Corporation,0.5780044690990014,0.7220443874342819,0.20774263904034895
48,pub_has_abstract,fl_fedavg,own_silo,IOS Press,0.3058383400290624,0.6391235599728936,0.1368421052631579
48,pub_has_abstract,fl_fedavg,own_silo,Other,0.403709541913726,0.6362754457101918,0.13958990536277602
48,pub_has_abstract,fl_fedavg,own_silo,Public Library of Science,0.4167406738507349,0.6562184135961691,0.15384615384615385
48,pub_has_abstract,fl_fedavg,own_silo,SAGE Publishing,0.40070332979406714,0.6202130983942018,0.20710059171597633
48,pub_has_abstract,fl_fedavg,own_silo,Spandidos Publishing,0.35436839583771823,0.605554955538755,0.09219858156028368
48,pub_has_abstract,fl_fedavg,own_silo,Springer Science+Business Media,0.47961544983821935,0.7181021989792703,0.2711864406779661
48,pub_has_abstract,fl_fedavg,own_silo,Taylor & Francis,0.33780134066071926,0.6331098615916955,0.16666666666666666
48,pub_has_abstract,fl_fedavg,own_silo,Wiley,0.6848707217414122,0.7789446760136416,0.38653846153846155
48,pub_silo_onehot,central_xgb,pooled,ALL,0.5752044931890852,0.7409742204501255,0.2796538024971623
48,pub_silo_onehot,central_xgb,own_silo,Elsevier BV,0.579082336264656,0.7246298864841749,0.3029439696106363
48,pub_silo_onehot,central_xgb,own_silo,Hindawi Publishing Corporation,0.5798718230005778,0.7314003905174323,0.21350762527233116
48,pub_silo_onehot,central_xgb,own_silo,IOS Press,0.7090495761893159,0.828046079765944,0.4506024096385542
48,pub_silo_onehot,central_xgb,own_silo,Other,0.4286353350847048,0.6723218133441582,0.15134761575673808
48,pub_silo_onehot,central_xgb,own_silo,Public Library of Science,0.4275866139441668,0.6722192191860914,0.16194331983805668
48,pub_silo_onehot,central_xgb,own_silo,SAGE Publishing,0.6505220315240975,0.7875448945535953,0.4260089686098655
48,pub_silo_onehot,central_xgb,own_silo,Spandidos Publishing,0.40365348102898974,0.675846923713864,0.1347517730496454
48,pub_silo_onehot,central_xgb,own_silo,Springer Science+Business Media,0.536221794488337,0.736923275109725,0.26174496644295303
48,pub_silo_onehot,central_xgb,own_silo,Taylor & Francis,0.6800172097170345,0.7976720861102834,0.4618834080717489
48,pub_silo_onehot,central_xgb,own_silo,Wiley,0.7447802978973675,0.8334631409189218,0.437609841827768
48,pub_silo_onehot,central_mlp,pooled,ALL,0.5752900322815786,0.7383942156587602,0.28419409761634506
48,pub_silo_onehot,central_mlp,own_silo,Elsevier BV,0.538125754872348,0.7029074546131077,0.2678062678062678
48,pub_silo_onehot,central_mlp,own_silo,Hindawi Publishing Corporation,0.5885071447319583,0.7391445375589651,0.2178649237472767
48,pub_silo_onehot,central_mlp,own_silo,IOS Press,0.7208110765503348,0.8347203315792682,0.4746987951807229
48,pub_silo_onehot,central_mlp,own_silo,Other,0.4225643274729695,0.6602891979912082,0.15342087076710437
48,pub_silo_onehot,central_mlp,own_silo,Public Library of Science,0.4372835969395434,0.6744062262131959,0.18218623481781376
48,pub_silo_onehot,central_mlp,own_silo,SAGE Publishing,0.6386003641800311,0.7929082056599758,0.4484304932735426
48,pub_silo_onehot,central_mlp,own_silo,Spandidos Publishing,0.4023785138475589,0.6863412175540915,0.10638297872340426
48,pub_silo_onehot,central_mlp,own_silo,Springer Science+Business Media,0.5282217876627854,0.7310296996648831,0.26174496644295303
48,pub_silo_onehot,central_mlp,own_silo,Taylor & Francis,0.6614669676917275,0.8109105973501174,0.4349775784753363
48,pub_silo_onehot,central_mlp,own_silo,Wiley,0.733831962540141,0.824649736669147,0.46572934973637964
47,v1exact,central_xgb,pooled,ALL,0.6564248129896548,0.8030934046758205,0.36393303064699206
47,v1exact,central_xgb,own_silo,Elsevier BV,0.6607681413446017,0.8198569736703265,0.3865147198480532
47,v1exact,central_xgb,own_silo,Hindawi Publishing Corporation,0.7489753773282085,0.8544283511301183,0.38943355119825707
47,v1exact,central_xgb,own_silo,IOS Press,0.6719876803009048,0.7849570287896951,0.42650602409638555
47,v1exact,central_xgb,own_silo,Other,0.5494756061469939,0.7414923112326683,0.26053904630269525
47,v1exact,central_xgb,own_silo,Public Library of Science,0.5022959186690469,0.728794581297091,0.23076923076923078
47,v1exact,central_xgb,own_silo,SAGE Publishing,0.6039467048986886,0.8083800877632725,0.3183856502242152
47,v1exact,central_xgb,own_silo,Spandidos Publishing,0.4681210544580604,0.6844511646326097,0.2127659574468085
47,v1exact,central_xgb,own_silo,Springer Science+Business Media,0.5754585713894613,0.7726548622791214,0.30089485458612975
47,v1exact,central_xgb,own_silo,Taylor & Francis,0.6030684341444716,0.7820715017697378,0.336322869955157
47,v1exact,central_xgb,own_silo,Wiley,0.812361095831505,0.8780969242840557,0.5571177504393673
47,v1exact,central_mlp,pooled,ALL,0.6399381732077483,0.7904533402191409,0.34548808172531215
47,v1exact,central_mlp,own_silo,Elsevier BV,0.6359449539465877,0.8137811488201352,0.33238366571699907
47,v1exact,central_mlp,own_silo,Hindawi Publishing Corporation,0.734723961732473,0.8411211077938263,0.4014161220043573
47,v1exact,central_mlp,own_silo,IOS Press,0.6670886836058316,0.7770535768707206,0.42650602409638555
47,v1exact,central_mlp,own_silo,Other,0.5347791612820362,0.7287724522225852,0.24671734623358674
47,v1exact,central_mlp,own_silo,Public Library of Science,0.46223493003743016,0.7057165550640383,0.19838056680161945
47,v1exact,central_mlp,own_silo,SAGE Publishing,0.5850164489787141,0.7904085318536729,0.3004484304932735
47,v1exact,central_mlp,own_silo,Spandidos Publishing,0.45638761938529204,0.6971415199625589,0.16312056737588654
47,v1exact,central_mlp,own_silo,Springer Science+Business Media,0.5725521527353549,0.7613310599091718,0.2930648769574944
47,v1exact,central_mlp,own_silo,Taylor & Francis,0.5921601089282751,0.7763770886177147,0.273542600896861
47,v1exact,central_mlp,own_silo,Wiley,0.7960235205130206,0.8655666318261177,0.5131810193321616
47,v1exact,local_logreg,pooled,Elsevier BV,0.31000676985464537,0.5376754656792992,0.05590238365493757
47,v1exact,local_logreg,own_silo,Elsevier BV,0.4439013717710992,0.6850520720525594,0.16334283000949668
47,v1exact,local_logreg,pooled,Hindawi Publishing Corporation,0.39498428887260917,0.598995526251621,0.14699205448354144
47,v1exact,local_logreg,own_silo,Hindawi Publishing Corporation,0.6166843861418012,0.7727755139550104,0.21568627450980393
47,v1exact,local_logreg,pooled,IOS Press,0.3501248955867991,0.5724829270641156,0.07761066969353007
47,v1exact,local_logreg,own_silo,IOS Press,0.6456747006864108,0.7954062455555782,0.3686746987951807
47,v1exact,local_logreg,pooled,Other,0.3243861478148428,0.5492144485953544,0.06952326901248582
47,v1exact,local_logreg,own_silo,Other,0.3295997808828264,0.5799257315888737,0.08914996544574982
47,v1exact,local_logreg,pooled,Public Library of Science,0.35027006673842576,0.5831680988730104,0.08087400681044268
47,v1exact,local_logreg,own_silo,Public Library of Science,0.34664565025645167,0.6315899789297179,0.1214574898785425
47,v1exact,local_logreg,pooled,SAGE Publishing,0.3439899838836783,0.580081578909317,0.079738933030647
47,v1exact,local_logreg,own_silo,SAGE Publishing,0.4830897169778213,0.7224915704681395,0.17488789237668162
47,v1exact,local_logreg,pooled,Spandidos Publishing,0.34825752704877455,0.5782237541300057,0.07420544835414301
47,v1exact,local_logreg,own_silo,Spandidos Publishing,0.418612623388766,0.6802570471973215,0.1702127659574468
47,v1exact,local_logreg,pooled,Springer Science+Business Media,0.3754750831341628,0.5858002565910849,0.11748013620885357
47,v1exact,local_logreg,own_silo,Springer Science+Business Media,0.3954344914740424,0.6572656585944686,0.11521252796420582
47,v1exact,local_logreg,pooled,Taylor & Francis,0.30614048804321564,0.5445501259622987,0.0463961407491487
47,v1exact,local_logreg,own_silo,Taylor & Francis,0.3601853775210988,0.6201205020677224,0.1210762331838565
47,v1exact,local_logreg,pooled,Wiley,0.351719738544953,0.5639429592563064,0.09860953461975028
47,v1exact,local_logreg,own_silo,Wiley,0.5622561385566209,0.7456063268892794,0.26362038664323373
47,v1exact,fl_fedavg,pooled,ALL,0.5848078914137093,0.762827894684608,0.286322360953462
47,v1exact,fl_fedavg,own_silo,Elsevier BV,0.5737869144499889,0.769262355397833,0.25451092117758783
47,v1exact,fl_fedavg,own_silo,Hindawi Publishing Corporation,0.673000062792652,0.7981342514143289,0.28703703703703703
47,v1exact,fl_fedavg,own_silo,IOS Press,0.49327127483031247,0.7341910644263394,0.23373493975903614
47,v1exact,fl_fedavg,own_silo,Other,0.5279812999958959,0.7293717915824846,0.248790601243953
47,v1exact,fl_fedavg,own_silo,Public Library of Science,0.46918931435866,0.6974594314333307,0.2388663967611336
47,v1exact,fl_fedavg,own_silo,SAGE Publishing,0.5636017740118354,0.765075299239797,0.27802690582959644
47,v1exact,fl_fedavg,own_silo,Spandidos Publishing,0.49228963634968503,0.7032076898153148,0.2553191489361702
47,v1exact,fl_fedavg,own_silo,Springer Science+Business Media,0.5083317221662016,0.73684094739917,0.23042505592841164
47,v1exact,fl_fedavg,own_silo,Taylor & Francis,0.5536247954620899,0.7431445370700118,0.31390134529147984
47,v1exact,fl_fedavg,own_silo,Wiley,0.7804196393749651,0.8545216469832041,0.4903339191564148
47,pub_all,central_xgb,pooled,ALL,0.5167289902428107,0.7090999586260021,0.23680476730987515
47,pub_all,central_xgb,own_silo,Elsevier BV,0.5115018054225072,0.6973458595047289,0.24216524216524216
47,pub_all,central_xgb,own_silo,Hindawi Publishing Corporation,0.6000856109546845,0.7403216773677922,0.2587145969498911
47,pub_all,central_xgb,own_silo,IOS Press,0.43530456927008887,0.7015542778195414,0.16626506024096385
47,pub_all,central_xgb,own_silo,Other,0.40861906796740205,0.6548252848492299,0.13890808569454044
47,pub_all,central_xgb,own_silo,Public Library of Science,0.4273426226582715,0.6863423755364096,0.17408906882591094
47,pub_all,central_xgb,own_silo,SAGE Publishing,0.46663176815134627,0.7369471016831595,0.15695067264573992
47,pub_all,central_xgb,own_silo,Spandidos Publishing,0.3355031349739463,0.5908665442632394,0.09929078014184398
47,pub_all,central_xgb,own_silo,Springer Science+Business Media,0.5130829140104152,0.7209938837088203,0.23825503355704697
47,pub_all,central_xgb,own_silo,Taylor & Francis,0.4702928670603328,0.6873305666795068,0.15695067264573992
47,pub_all,central_xgb,own_silo,Wiley,0.7023871310559915,0.8058018200085123,0.40421792618629176
47,pub_all,central_mlp,pooled,ALL,0.5157696235851017,0.7080678967352334,0.2271566401816118
47,pub_all,central_mlp,own_silo,Elsevier BV,0.47421988378754065,0.6801242828898775,0.2117758784425451
47,pub_all,central_mlp,own_silo,Hindawi Publishing Corporation,0.6091832036321084,0.7443454062008891,0.2717864923747277
47,pub_all,central_mlp,own_silo,IOS Press,0.4682384447154594,0.7279444929803531,0.17590361445783131
47,pub_all,central_mlp,own_silo,Other,0.40621490902499124,0.6491959258144905,0.12024879060124395
47,pub_all,central_mlp,own_silo,Public Library of Science,0.40656943867121603,0.6786561352028152,0.10931174089068826
47,pub_all,central_mlp,own_silo,SAGE Publishing,0.49473330850649344,0.7458401719555826,0.19730941704035873
47,pub_all,central_mlp,own_silo,Spandidos Publishing,0.33326118765989454,0.599758793246211,0.07801418439716312
47,pub_all,central_mlp,own_silo,Springer Science+Business Media,0.5160469332304982,0.7205049070037067,0.24049217002237136
47,pub_all,central_mlp,own_silo,Taylor & Francis,0.4888196671380526,0.709988298653255,0.17937219730941703
47,pub_all,central_mlp,own_silo,Wiley,0.6867970706153088,0.7953105682676913,0.4130052724077329
47,pub_all,fl_fedavg,pooled,ALL,0.4849582008034581,0.6857551075033833,0.20459704880817253
47,pub_all,fl_fedavg,own_silo,Elsevier BV,0.45037895020682717,0.6577079966456184,0.19373219373219372
47,pub_all,fl_fedavg,own_silo,Hindawi Publishing Corporation,0.5948250295241341,0.7277043876535525,0.24128540305010893
47,pub_all,fl_fedavg,own_silo,IOS Press,0.42717041744896866,0.7147422743249559,0.14216867469879518
47,pub_all,fl_fedavg,own_silo,Other,0.3888049996826428,0.6389332777797232,0.12923289564616447
47,pub_all,fl_fedavg,own_silo,Public Library of Science,0.43354348140658616,0.6684188463193196,0.20242914979757085
47,pub_all,fl_fedavg,own_silo,SAGE Publishing,0.43848732187039813,0.6541419732315152,0.24663677130044842
47,pub_all,fl_fedavg,own_silo,Spandidos Publishing,0.32814126058761983,0.5980487453648702,0.06382978723404255
47,pub_all,fl_fedavg,own_silo,Springer Science+Business Media,0.48122858301498433,0.6938016986270552,0.2214765100671141
47,pub_all,fl_fedavg,own_silo,Taylor & Francis,0.5008015405800343,0.6873487364725891,0.273542600896861
47,pub_all,fl_fedavg,own_silo,Wiley,0.6809669095356369,0.780589229927356,0.40597539543058
47,pub_all,fl_fedavg_ft10,own_silo,Elsevier BV,0.5435107352013037,0.7123293305676347,0.28110161443494774
47,pub_all,fl_fedavg_ft10,own_silo,Hindawi Publishing Corporation,0.6233999119041858,0.7521634396785691,0.2657952069716776
47,pub_all,fl_fedavg_ft10,own_silo,IOS Press,0.7023333079357761,0.83850951868181,0.40240963855421685
47,pub_all,fl_fedavg_ft10,own_silo,Other,0.45155020506156673,0.6839792274284278,0.1762266758811334
47,pub_all,fl_fedavg_ft10,own_silo,Public Library of Science,0.46427994698756764,0.7067728270582136,0.23481781376518218
47,pub_all,fl_fedavg_ft10,own_silo,SAGE Publishing,0.6874242537794344,0.8156936938174276,0.48878923766816146
47,pub_all,fl_fedavg_ft10,own_silo,Spandidos Publishing,0.3608314457001054,0.6503402095258667,0.07801418439716312
47,pub_all,fl_fedavg_ft10,own_silo,Springer Science+Business Media,0.5335186051270457,0.7286052279683789,0.26174496644295303
47,pub_all,fl_fedavg_ft10,own_silo,Taylor & Francis,0.62800857570935,0.7909383607939472,0.4080717488789238
47,pub_all,fl_fedavg_ft10,own_silo,Wiley,0.757086178195562,0.83586409869623,0.46397188049209137
47,pub_all,fl_fedavg_ft30,own_silo,Elsevier BV,0.5589057177125016,0.719182661068626,0.2943969610636277
47,pub_all,fl_fedavg_ft30,own_silo,Hindawi Publishing Corporation,0.6257683030957327,0.7535503112996456,0.25980392156862747
47,pub_all,fl_fedavg_ft30,own_silo,IOS Press,0.7096315941238533,0.841656677299417,0.44819277108433736
47,pub_all,fl_fedavg_ft30,own_silo,Other,0.4580880778057004,0.6854127642756935,0.18797512093987562
47,pub_all,fl_fedavg_ft30,own_silo,Public Library of Science,0.4739977601005408,0.7095114121501616,0.242914979757085
47,pub_all,fl_fedavg_ft30,own_silo,SAGE Publishing,0.6809724672411611,0.8211497126061846,0.49327354260089684
47,pub_all,fl_fedavg_ft30,own_silo,Spandidos Publishing,0.3694713751676072,0.6624905497353926,0.10638297872340426
47,pub_all,fl_fedavg_ft30,own_silo,Springer Science+Business Media,0.5401782397413851,0.7306391533354742,0.27740492170022374
47,pub_all,fl_fedavg_ft30,own_silo,Taylor & Francis,0.6587933339273286,0.8107579710882252,0.4304932735426009
47,pub_all,fl_fedavg_ft30,own_silo,Wiley,0.7625980541519014,0.8408802691504793,0.46924428822495606
47,pub_meta_only,central_xgb,pooled,ALL,0.4799269173216103,0.6790781115776868,0.20019863791146425
47,pub_meta_only,central_xgb,own_silo,Elsevier BV,0.4888842939720619,0.6839017802102597,0.21937321937321938
47,pub_meta_only,central_xgb,own_silo,Hindawi Publishing Corporation,0.5674949025608982,0.713201432836509,0.20642701525054466
47,pub_meta_only,central_xgb,own_silo,IOS Press,0.36893281680786744,0.6418364859099128,0.1180722891566265
47,pub_meta_only,central_xgb,own_silo,Other,0.3489796651400701,0.60600168376036,0.07809260539046303
47,pub_meta_only,central_xgb,own_silo,Public Library of Science,0.37205701142315745,0.6497589603856634,0.11740890688259109
47,pub_meta_only,central_xgb,own_silo,SAGE Publishing,0.36395503224850667,0.634233856845604,0.11659192825112108
47,pub_meta_only,central_xgb,own_silo,Spandidos Publishing,0.2798074801205582,0.541797170320769,0.0070921985815602835
47,pub_meta_only,central_xgb,own_silo,Springer Science+Business Media,0.5076050204715857,0.7130219304691456,0.2550335570469799
47,pub_meta_only,central_xgb,own_silo,Taylor & Francis,0.3761063121440332,0.6024703650674826,0.13004484304932734
47,pub_meta_only,central_xgb,own_silo,Wiley,0.6684727143648281,0.7875336944783038,0.34973637961335674
47,pub_meta_only,central_mlp,pooled,ALL,0.47538761325697065,0.6762056585103915,0.19324631101021567
47,pub_meta_only,central_mlp,own_silo,Elsevier BV,0.4725163513277529,0.6670764190866529,0.23171889838556506
47,pub_meta_only,central_mlp,own_silo,Hindawi Publishing Corporation,0.5702918840147191,0.7131806998062142,0.21405228758169934
47,pub_meta_only,central_mlp,own_silo,IOS Press,0.3682259447212794,0.6458197037729332,0.09397590361445783
47,pub_meta_only,central_mlp,own_silo,Other,0.34324969707903624,0.6035401847705448,0.07671043538355218
47,pub_meta_only,central_mlp,own_silo,Public Library of Science,0.35925499929131577,0.6551313307372393,0.07692307692307693
47,pub_meta_only,central_mlp,own_silo,SAGE Publishing,0.362688790905206,0.6461485108399316,0.08071748878923767
47,pub_meta_only,central_mlp,own_silo,Spandidos Publishing,0.2905893962317511,0.5539565107823019,0.03546099290780142
47,pub_meta_only,central_mlp,own_silo,Springer Science+Business Media,0.5071325834827637,0.7116014939644489,0.2516778523489933
47,pub_meta_only,central_mlp,own_silo,Taylor & Francis,0.353057297581134,0.6045235516857934,0.09417040358744394
47,pub_meta_only,central_mlp,own_silo,Wiley,0.6639747649456359,0.7727160861999577,0.351493848857645
47,pub_meta_only,fl_fedavg,pooled,ALL,0.45476629707897975,0.6602209590026074,0.17437570942111238
47,pub_meta_only,fl_fedavg,own_silo,Elsevier BV,0.45353057286642334,0.6611271124550852,0.1889838556505223
47,pub_meta_only,fl_fedavg,own_silo,Hindawi Publishing Corporation,0.5520540312634797,0.6886114985546116,0.20152505446623092
47,pub_meta_only,fl_fedavg,own_silo,IOS Press,0.34578050973108987,0.622559377476178,0.0819277108433735
47,pub_meta_only,fl_fedavg,own_silo,Other,0.3413316268498799,0.5920511645890045,0.09467864547339323
47,pub_meta_only,fl_fedavg,own_silo,Public Library of Science,0.35034280716489336,0.6368630652296219,0.09716599190283401
47,pub_meta_only,fl_fedavg,own_silo,SAGE Publishing,0.32766333964220323,0.608042219765278,0.08968609865470852
47,pub_meta_only,fl_fedavg,own_silo,Spandidos Publishing,0.2766301533809451,0.5311228714404004,0.04964539007092199
47,pub_meta_only,fl_fedavg,own_silo,Springer Science+Business Media,0.48675150440165826,0.7018448664703503,0.2203579418344519
47,pub_meta_only,fl_fedavg,own_silo,Taylor & Francis,0.3410951997525262,0.5959038018475045,0.08071748878923767
47,pub_meta_only,fl_fedavg,own_silo,Wiley,0.655529627022441,0.7691316596358245,0.35676625659050965
47,pub_text_only,central_xgb,pooled,ALL,0.3710380463447841,0.589940667419439,0.11293984108967083
47,pub_text_only,central_xgb,own_silo,Elsevier BV,0.32562231814958364,0.5365674097399243,0.1339031339031339
47,pub_text_only,central_xgb,own_silo,Hindawi Publishing Corporation,0.47658428588506263,0.634423842696658,0.13017429193899782
47,pub_text_only,central_xgb,own_silo,IOS Press,0.3296385160420173,0.599193400922408,0.08674698795180723
47,pub_text_only,central_xgb,own_silo,Other,0.312319057427195,0.5614373317400978,0.06979958534899793
47,pub_text_only,central_xgb,own_silo,Public Library of Science,0.29593940946647657,0.5774856865492173,0.06477732793522267
47,pub_text_only,central_xgb,own_silo,SAGE Publishing,0.339000278901311,0.6075855485891265,0.1031390134529148
47,pub_text_only,central_xgb,own_silo,Spandidos Publishing,0.3034948762385097,0.5651618245310868,0.0425531914893617
47,pub_text_only,central_xgb,own_silo,Springer Science+Business Media,0.2837654615625429,0.5204825900705978,0.0436241610738255
47,pub_text_only,central_xgb,own_silo,Taylor & Francis,0.33096299168371945,0.5807320246237035,0.07623318385650224
47,pub_text_only,central_xgb,own_silo,Wiley,0.4675335470707457,0.6322843046704673,0.14586994727592267
47,pub_text_only,central_mlp,pooled,ALL,0.3760215664009755,0.5949522325856218,0.1159194097616345
47,pub_text_only,central_mlp,own_silo,Elsevier BV,0.32626429860154416,0.5463296179670448,0.14339981006647673
47,pub_text_only,central_mlp,own_silo,Hindawi Publishing Corporation,0.48031509194559924,0.6368709006236238,0.1323529411764706
47,pub_text_only,central_mlp,own_silo,IOS Press,0.3246727799388472,0.5772425282919198,0.08433734939759036
47,pub_text_only,central_mlp,own_silo,Other,0.3198075592322438,0.5792391132671884,0.07256392536281962
47,pub_text_only,central_mlp,own_silo,Public Library of Science,0.30008358325972795,0.584198391598363,0.06072874493927125
47,pub_text_only,central_mlp,own_silo,SAGE Publishing,0.35498236735594524,0.6037055604007718,0.11210762331838565
47,pub_text_only,central_mlp,own_silo,Spandidos Publishing,0.32282319205747645,0.5976077330165245,0.07801418439716312
47,pub_text_only,central_mlp,own_silo,Springer Science+Business Media,0.2831425183295299,0.5145994473383881,0.04138702460850112
47,pub_text_only,central_mlp,own_silo,Taylor & Francis,0.3231120434746084,0.581160831740448,0.03587443946188341
47,pub_text_only,central_mlp,own_silo,Wiley,0.47402098057292386,0.6325513994608883,0.15641476274165203
47,pub_text_only,fl_fedavg,pooled,ALL,0.369117245787587,0.5921014236401625,0.10882519863791146
47,pub_text_only,fl_fedavg,own_silo,Elsevier BV,0.32240427628108387,0.53288848902884,0.14150047483380818
47,pub_text_only,fl_fedavg,own_silo,Hindawi Publishing Corporation,0.4662398685616607,0.6274443362164253,0.12527233115468409
47,pub_text_only,fl_fedavg,own_silo,IOS Press,0.32246315709888745,0.5918730571527256,0.08674698795180723
47,pub_text_only,fl_fedavg,own_silo,Other,0.3360664262441114,0.579294410787501,0.08500345542501728
47,pub_text_only,fl_fedavg,own_silo,Public Library of Science,0.31506220394464135,0.6027589934803472,0.0728744939271255
47,pub_text_only,fl_fedavg,own_silo,SAGE Publishing,0.36286811641992045,0.6218487972036616,0.10762331838565023
47,pub_text_only,fl_fedavg,own_silo,Spandidos Publishing,0.3287314264810761,0.5913345573676063,0.0851063829787234
47,pub_text_only,fl_fedavg,own_silo,Springer Science+Business Media,0.2804585825436319,0.5188242423582647,0.03803131991051454
47,pub_text_only,fl_fedavg,own_silo,Taylor & Francis,0.35439640947605366,0.6170825126643458,0.07623318385650224
47,pub_text_only,fl_fedavg,own_silo,Wiley,0.4383921104132009,0.6148688557340691,0.1282952548330404
47,pub_no_year,central_xgb,pooled,ALL,0.47415917439849065,0.6761303949688692,0.18856413166855845
47,pub_no_year,central_xgb,own_silo,Elsevier BV,0.39219053989985847,0.6226690450009165,0.1168091168091168
47,pub_no_year,central_xgb,own_silo,Hindawi Publishing Corporation,0.5865456440970269,0.7162759250934028,0.24183006535947713
47,pub_no_year,central_xgb,own_silo,IOS Press,0.39635876764352196,0.6781425872122554,0.11325301204819277
47,pub_no_year,central_xgb,own_silo,Other,0.3679652896184584,0.6365234136311693,0.09053213545266067
47,pub_no_year,central_xgb,own_silo,Public Library of Science,0.33897125226479186,0.6079383115092278,0.11336032388663968
47,pub_no_year,central_xgb,own_silo,SAGE Publishing,0.41068530538737585,0.6978965656954107,0.13004484304932734
47,pub_no_year,central_xgb,own_silo,Spandidos Publishing,0.30997168215372745,0.5916225654318321,0.06382978723404255
47,pub_no_year,central_xgb,own_silo,Springer Science+Business Media,0.48597388959108434,0.7072528671815891,0.19798657718120805
47,pub_no_year,central_xgb,own_silo,Taylor & Francis,0.4371143475822704,0.6714683373185747,0.15246636771300448
47,pub_no_year,central_xgb,own_silo,Wiley,0.6518222170154029,0.7658027465161863,0.3444639718804921
47,pub_no_year,central_mlp,pooled,ALL,0.4758921184763164,0.6766932201852529,0.19253688989784337
47,pub_no_year,central_mlp,own_silo,Elsevier BV,0.3809529975105562,0.6224187853695651,0.11016144349477683
47,pub_no_year,central_mlp,own_silo,Hindawi Publishing Corporation,0.6073588489569504,0.726924537533349,0.25
47,pub_no_year,central_mlp,own_silo,IOS Press,0.3957509675318851,0.6752219671265163,0.10361445783132531
47,pub_no_year,central_mlp,own_silo,Other,0.36425228931803366,0.6309012906208974,0.09260539046302695
47,pub_no_year,central_mlp,own_silo,Public Library of Science,0.3377152136629343,0.6243918851835101,0.10121457489878542
47,pub_no_year,central_mlp,own_silo,SAGE Publishing,0.4310244825420523,0.7012786792932242,0.17040358744394618
47,pub_no_year,central_mlp,own_silo,Spandidos Publishing,0.3466771227989404,0.6219804154516325,0.0851063829787234
47,pub_no_year,central_mlp,own_silo,Springer Science+Business Media,0.48700272630440583,0.7009821264952799,0.203579418344519
47,pub_no_year,central_mlp,own_silo,Taylor & Francis,0.47979128131183535,0.7007798475190965,0.273542600896861
47,pub_no_year,central_mlp,own_silo,Wiley,0.6354625360528007,0.7460167408355363,0.34797891036906853
47,pub_no_year,fl_fedavg,pooled,ALL,0.4568822892299397,0.6583568739003357,0.17622020431328037
47,pub_no_year,fl_fedavg,own_silo,Elsevier BV,0.3686891807639723,0.592010331106335,0.12535612535612536
47,pub_no_year,fl_fedavg,own_silo,Hindawi Publishing Corporation,0.5776882139770938,0.7044154310100812,0.23202614379084968
47,pub_no_year,fl_fedavg,own_silo,IOS Press,0.445869669872461,0.7198094231902314,0.14216867469879518
47,pub_no_year,fl_fedavg,own_silo,Other,0.36808660207047694,0.6290924631713154,0.10158949550794748
47,pub_no_year,fl_fedavg,own_silo,Public Library of Science,0.34403412418291873,0.6228915928471357,0.09716599190283401
47,pub_no_year,fl_fedavg,own_silo,SAGE Publishing,0.4320205191947759,0.6482979556239228,0.2242152466367713
47,pub_no_year,fl_fedavg,own_silo,Spandidos Publishing,0.36296202252142595,0.6242394787054037,0.07801418439716312
47,pub_no_year,fl_fedavg,own_silo,Springer Science+Business Media,0.4440452921628831,0.6728616567873413,0.15771812080536912
47,pub_no_year,fl_fedavg,own_silo,Taylor & Francis,0.48275148035978716,0.6382793932742694,0.3273542600896861
47,pub_no_year,fl_fedavg,own_silo,Wiley,0.6434564242599023,0.7483988789257143,0.3233743409490334
47,pub_has_abstract,central_xgb,pooled,ALL,0.525025313911122,0.7121278957781672,0.23785628261742273
47,pub_has_abstract,central_xgb,own_silo,Elsevier BV,0.6771554286451823,0.7463407098443595,0.24817518248175183
47,pub_has_abstract,central_xgb,own_silo,Hindawi Publishing Corporation,0.6027628116933146,0.7424204234480771,0.252453653217012
47,pub_has_abstract,central_xgb,own_silo,IOS Press,0.31965198630459246,0.6378898558829355,0.1447811447811448
47,pub_has_abstract,central_xgb,own_silo,Other,0.4126993586772354,0.6496265576099687,0.14463452566096424
47,pub_has_abstract,central_xgb,own_silo,Public Library of Science,0.4175379343414547,0.6814097942432478,0.17408906882591094
47,pub_has_abstract,central_xgb,own_silo,SAGE Publishing,0.4773291671915305,0.7424697588720661,0.27485380116959063
47,pub_has_abstract,central_xgb,own_silo,Spandidos Publishing,0.3517179536967914,0.6090561224489796,0.1
47,pub_has_abstract,central_xgb,own_silo,Springer Science+Business Media,0.518890101652864,0.7445116487455197,0.3064516129032258
47,pub_has_abstract,central_xgb,own_silo,Taylor & Francis,0.35768182083986044,0.635135926537592,0.20134228187919462
47,pub_has_abstract,central_xgb,own_silo,Wiley,0.7216527128582408,0.8021161156418847,0.39655172413793105
47,pub_has_abstract,central_mlp,pooled,ALL,0.5262025893244857,0.7122160341270878,0.23143315937374548
47,pub_has_abstract,central_mlp,own_silo,Elsevier BV,0.6560863144160021,0.7466882941335496,0.18613138686131386
47,pub_has_abstract,central_mlp,own_silo,Hindawi Publishing Corporation,0.6155800362477943,0.7438111323583876,0.2579062159214831
47,pub_has_abstract,central_mlp,own_silo,IOS Press,0.33031341743863635,0.6672462805680799,0.12794612794612795
47,pub_has_abstract,central_mlp,own_silo,Other,0.41487392767165615,0.636980762391165,0.14618973561430793
47,pub_has_abstract,central_mlp,own_silo,Public Library of Science,0.4152255482098822,0.6863679219122623,0.15384615384615385
47,pub_has_abstract,central_mlp,own_silo,SAGE Publishing,0.4833132147528985,0.7543258832011536,0.24561403508771928
47,pub_has_abstract,central_mlp,own_silo,Spandidos Publishing,0.3388936353908071,0.6162900874635568,0.08571428571428572
47,pub_has_abstract,central_mlp,own_silo,Springer Science+Business Media,0.5212413335756652,0.7517361111111112,0.3709677419354839
47,pub_has_abstract,central_mlp,own_silo,Taylor & Francis,0.35653656760224167,0.6787132365859658,0.2080536912751678
47,pub_has_abstract,central_mlp,own_silo,Wiley,0.7210855111202716,0.7929897089400998,0.4272030651340996
47,pub_has_abstract,fl_fedavg,pooled,ALL,0.508047221657771,0.696770030663351,0.21477318346045765
47,pub_has_abstract,fl_fedavg,own_silo,Elsevier BV,0.6225597649002341,0.6778762599930483,0.2116788321167883
47,pub_has_abstract,fl_fedavg,own_silo,Hindawi Publishing Corporation,0.6083830019623161,0.7379736592354067,0.2617230098146129
47,pub_has_abstract,fl_fedavg,own_silo,IOS Press,0.30868250312931295,0.6467646476296995,0.14814814814814814
47,pub_has_abstract,fl_fedavg,own_silo,Other,0.4043652035937898,0.6391022616830462,0.12674961119751166
47,pub_has_abstract,fl_fedavg,own_silo,Public Library of Science,0.41057715474768597,0.6602573345904276,0.1862348178137652
47,pub_has_abstract,fl_fedavg,own_silo,SAGE Publishing,0.3824603834879029,0.6439557798606104,0.2046783625730994
47,pub_has_abstract,fl_fedavg,own_silo,Spandidos Publishing,0.32222845107864495,0.5953352769679301,0.08571428571428572
47,pub_has_abstract,fl_fedavg,own_silo,Springer Science+Business Media,0.4860658826951041,0.7606966845878137,0.3064516129032258
47,pub_has_abstract,fl_fedavg,own_silo,Taylor & Francis,0.35439748162039053,0.6426672288789721,0.18791946308724833
47,pub_has_abstract,fl_fedavg,own_silo,Wiley,0.7085213194772418,0.7812294376200843,0.41762452107279696
47,pub_silo_onehot,central_xgb,pooled,ALL,0.5812637473294269,0.7444193082162385,0.2874574347332577
47,pub_silo_onehot,central_xgb,own_silo,Elsevier BV,0.5726349959535894,0.7233548119269366,0.30864197530864196
47,pub_silo_onehot,central_xgb,own_silo,Hindawi Publishing Corporation,0.6073790920568551,0.7492247127474676,0.2576252723311547
47,pub_silo_onehot,central_xgb,own_silo,IOS Press,0.6951418208406788,0.8307442247912391,0.40240963855421685
47,pub_silo_onehot,central_xgb,own_silo,Other,0.43890140427623586,0.67486960862577,0.15272978576364893
47,pub_silo_onehot,central_xgb,own_silo,Public Library of Science,0.4555131469139009,0.6972553475493387,0.2388663967611336
47,pub_silo_onehot,central_xgb,own_silo,SAGE Publishing,0.640584718465501,0.8033086341754854,0.45739910313901344
47,pub_silo_onehot,central_xgb,own_silo,Spandidos Publishing,0.37111305252584337,0.642221982215502,0.10638297872340426
47,pub_silo_onehot,central_xgb,own_silo,Springer Science+Business Media,0.5255709295165534,0.7290622261412935,0.27069351230425054
47,pub_silo_onehot,central_xgb,own_silo,Taylor & Francis,0.6212377494469625,0.766074815939996,0.38565022421524664
47,pub_silo_onehot,central_xgb,own_silo,Wiley,0.7373390514121999,0.8356013469105312,0.4200351493848858
47,pub_silo_onehot,central_mlp,pooled,ALL,0.5848798419847833,0.742406778697419,0.29838251986379116
47,pub_silo_onehot,central_mlp,own_silo,Elsevier BV,0.548794696610484,0.7142805573604794,0.27825261158594494
47,pub_silo_onehot,central_mlp,own_silo,Hindawi Publishing Corporation,0.6168365200406296,0.7497489622277809,0.2549019607843137
47,pub_silo_onehot,central_mlp,own_silo,IOS Press,0.6906311140785446,0.8293067717751276,0.43855421686746987
47,pub_silo_onehot,central_mlp,own_silo,Other,0.43532884956047696,0.6698328889282751,0.1575673807878369
47,pub_silo_onehot,central_mlp,own_silo,Public Library of Science,0.47315151566729136,0.7120210923451995,0.20242914979757085
47,pub_silo_onehot,central_mlp,own_silo,SAGE Publishing,0.6574187143669578,0.8008604646371696,0.47085201793721976
47,pub_silo_onehot,central_mlp,own_silo,Spandidos Publishing,0.35512247099783834,0.6402599272779638,0.014184397163120567
47,pub_silo_onehot,central_mlp,own_silo,Springer Science+Business Media,0.5300058074318863,0.7212100222987894,0.2751677852348993
47,pub_silo_onehot,central_mlp,own_silo,Taylor & Francis,0.6356263004014558,0.7986350851436504,0.3901345291479821
47,pub_silo_onehot,central_mlp,own_silo,Wiley,0.7602483201805362,0.8349549630410298,0.47627416520210897
45,v1exact,central_xgb,pooled,ALL,0.6467045308586459,0.8002962685517524,0.3544267877412032
45,v1exact,central_xgb,own_silo,Elsevier BV,0.6594581094821841,0.8205015397388692,0.3779677113010446
45,v1exact,central_xgb,own_silo,Hindawi Publishing Corporation,0.7207276305266215,0.8457861196604842,0.3480392156862745
45,v1exact,central_xgb,own_silo,IOS Press,0.7014237724584876,0.8037810601596944,0.4867469879518072
45,v1exact,central_xgb,own_silo,Other,0.5383127083765593,0.737431382834649,0.24948168624740844
45,v1exact,central_xgb,own_silo,Public Library of Science,0.4885423176812964,0.7216737084799612,0.21052631578947367
45,v1exact,central_xgb,own_silo,SAGE Publishing,0.6024009920193127,0.8176268206758734,0.2556053811659193
45,v1exact,central_xgb,own_silo,Spandidos Publishing,0.41429217534822166,0.6671526802750477,0.12056737588652482
45,v1exact,central_xgb,own_silo,Springer Science+Business Media,0.5637424660834229,0.7692240874098023,0.28635346756152125
45,v1exact,central_xgb,own_silo,Taylor & Francis,0.634944260210798,0.8001540798453388,0.3094170403587444
45,v1exact,central_xgb,own_silo,Wiley,0.7926592962834409,0.8648507598810596,0.5272407732864675
45,v1exact,central_mlp,pooled,ALL,0.6322554456933241,0.7883408386006585,0.3376844494892168
45,v1exact,central_mlp,own_silo,Elsevier BV,0.6142570622634359,0.796785014133942,0.30484330484330485
45,v1exact,central_mlp,own_silo,Hindawi Publishing Corporation,0.7100542657459316,0.8304575259459066,0.34967320261437906
45,v1exact,central_mlp,own_silo,IOS Press,0.6872120609286768,0.7902070338690342,0.45542168674698796
45,v1exact,central_mlp,own_silo,Other,0.5332836523390637,0.7332259126145526,0.2522460262612301
45,v1exact,central_mlp,own_silo,Public Library of Science,0.5022482441278364,0.7242523359331046,0.242914979757085
45,v1exact,central_mlp,own_silo,SAGE Publishing,0.5830044834058555,0.8072950645176796,0.3004484304932735
45,v1exact,central_mlp,own_silo,Spandidos Publishing,0.39571034237761105,0.6356877992583793,0.1347517730496454
45,v1exact,central_mlp,own_silo,Springer Science+Business Media,0.5625794595893674,0.7704730645503681,0.29082774049217003
45,v1exact,central_mlp,own_silo,Taylor & Francis,0.6323533637319151,0.7910255758007428,0.31390134529147984
45,v1exact,central_mlp,own_silo,Wiley,0.7655788288801034,0.8534069424378155,0.5008787346221442
45,v1exact,local_logreg,pooled,Elsevier BV,0.3049911445943687,0.5218029015364574,0.06952326901248582
45,v1exact,local_logreg,own_silo,Elsevier BV,0.4502946934669769,0.6828222969183009,0.16809116809116809
45,v1exact,local_logreg,pooled,Hindawi Publishing Corporation,0.3988463964607015,0.6030475490424827,0.1467082860385925
45,v1exact,local_logreg,own_silo,Hindawi Publishing Corporation,0.5912766098671646,0.757533374575253,0.18736383442265794
45,v1exact,local_logreg,pooled,IOS Press,0.3518547543490146,0.5729216179632162,0.08059023836549375
45,v1exact,local_logreg,own_silo,IOS Press,0.6142422511991051,0.7900668441049188,0.3686746987951807
45,v1exact,local_logreg,pooled,Other,0.3151223456529317,0.5320061434964611,0.06938138479001135
45,v1exact,local_logreg,own_silo,Other,0.32702512551198104,0.5680178259909423,0.0856945404284727
45,v1exact,local_logreg,pooled,Public Library of Science,0.3385292587621975,0.57295474755946,0.07179341657207719
45,v1exact,local_logreg,own_silo,Public Library of Science,0.34553687526406407,0.6099295083233129,0.09716599190283401
45,v1exact,local_logreg,pooled,SAGE Publishing,0.328956300225111,0.5599433029989741,0.07051645856980704
45,v1exact,local_logreg,own_silo,SAGE Publishing,0.4315703889441028,0.6746303710367465,0.19282511210762332
45,v1exact,local_logreg,pooled,Spandidos Publishing,0.3530345565446111,0.5869414017339616,0.07803632236095347
45,v1exact,local_logreg,own_silo,Spandidos Publishing,0.3763153075359341,0.6330057241602765,0.0851063829787234
45,v1exact,local_logreg,pooled,Springer Science+Business Media,0.37799944714742617,0.5895740647143222,0.1112372304199773
45,v1exact,local_logreg,own_silo,Springer Science+Business Media,0.39683069487878686,0.6490821027268389,0.10514541387024609
45,v1exact,local_logreg,pooled,Taylor & Francis,0.3024677959794413,0.540268492271048,0.04327468785471056
45,v1exact,local_logreg,own_silo,Taylor & Francis,0.40543203779967885,0.6532767404844795,0.13004484304932734
45,v1exact,local_logreg,pooled,Wiley,0.35487708080043817,0.566076230030227,0.10485244040862655
45,v1exact,local_logreg,own_silo,Wiley,0.546788684605481,0.7399864787786313,0.21441124780316345
45,v1exact,fl_fedavg,pooled,ALL,0.5831818820030745,0.7665058755020582,0.2742622020431328
45,v1exact,fl_fedavg,own_silo,Elsevier BV,0.6120859063144704,0.787488094444722,0.3162393162393162
45,v1exact,fl_fedavg,own_silo,Hindawi Publishing Corporation,0.6515383121222612,0.7883359333674027,0.26143790849673204
45,v1exact,fl_fedavg,own_silo,IOS Press,0.5845325154881833,0.7639285641723724,0.3397590361445783
45,v1exact,fl_fedavg,own_silo,Other,0.5227458794598077,0.7353829625749241,0.24740843123704215
45,v1exact,fl_fedavg,own_silo,Public Library of Science,0.45056356595761193,0.691138346810224,0.19838056680161945
45,v1exact,fl_fedavg,own_silo,SAGE Publishing,0.5932984218868905,0.7803514651247432,0.3094170403587444
45,v1exact,fl_fedavg,own_silo,Spandidos Publishing,0.4097176619835073,0.658404435324189,0.0851063829787234
45,v1exact,fl_fedavg,own_silo,Springer Science+Business Media,0.5086101637118101,0.746433826664562,0.22371364653243847
45,v1exact,fl_fedavg,own_silo,Taylor & Francis,0.5647915527361114,0.7570407948194285,0.2645739910313901
45,v1exact,fl_fedavg,own_silo,Wiley,0.7372207561452225,0.8355542976927063,0.45166959578207383
45,pub_all,central_xgb,pooled,ALL,0.5078342879052511,0.7023463805474512,0.21835981838819524
45,pub_all,central_xgb,own_silo,Elsevier BV,0.4798432840148664,0.6873658455651633,0.21082621082621084
45,pub_all,central_xgb,own_silo,Hindawi Publishing Corporation,0.5817650163856126,0.7287070978368485,0.23366013071895425
45,pub_all,central_xgb,own_silo,IOS Press,0.4894607519684336,0.7270342753814585,0.19036144578313252
45,pub_all,central_xgb,own_silo,Other,0.4099058795534001,0.6489540996634623,0.13890808569454044
45,pub_all,central_xgb,own_silo,Public Library of Science,0.4267809387022934,0.6521197145031937,0.17813765182186234
45,pub_all,central_xgb,own_silo,SAGE Publishing,0.44123151299977087,0.7065046456849725,0.17040358744394618
45,pub_all,central_xgb,own_silo,Spandidos Publishing,0.2994892385875048,0.5680419051733449,0.04964539007092199
45,pub_all,central_xgb,own_silo,Springer Science+Business Media,0.4870639037044535,0.7068593724768711,0.22930648769574943
45,pub_all,central_xgb,own_silo,Taylor & Francis,0.5137224222557828,0.7116054102375882,0.21973094170403587
45,pub_all,central_xgb,own_silo,Wiley,0.7011253563684714,0.8031634446397188,0.37258347978910367
45,pub_all,central_mlp,pooled,ALL,0.5045864333193593,0.6997009833143497,0.21509648127128264
45,pub_all,central_mlp,own_silo,Elsevier BV,0.4447493451650213,0.6770383837878965,0.16619183285849953
45,pub_all,central_mlp,own_silo,Hindawi Publishing Corporation,0.5828738309140993,0.7257815792068999,0.22058823529411764
45,pub_all,central_mlp,own_silo,IOS Press,0.4783475089082395,0.7213494788597898,0.18313253012048192
45,pub_all,central_mlp,own_silo,Other,0.40498065375203496,0.6457818622704037,0.1402902557014513
45,pub_all,central_mlp,own_silo,Public Library of Science,0.4026822004944075,0.6470782909905239,0.1700404858299595
45,pub_all,central_mlp,own_silo,SAGE Publishing,0.4467046566443267,0.7088910101017039,0.17488789237668162
45,pub_all,central_mlp,own_silo,Spandidos Publishing,0.3141151141399073,0.5896155092342585,0.07092198581560284
45,pub_all,central_mlp,own_silo,Springer Science+Business Media,0.5158879328372051,0.7197995649105235,0.23042505592841164
45,pub_all,central_mlp,own_silo,Taylor & Francis,0.5162280942462176,0.7146724713098966,0.22869955156950672
45,pub_all,central_mlp,own_silo,Wiley,0.7046848791188226,0.7902364910838113,0.40421792618629176
45,pub_all,fl_fedavg,pooled,ALL,0.47705249779961423,0.6785468590924537,0.18714528944381384
45,pub_all,fl_fedavg,own_silo,Elsevier BV,0.40615131731838905,0.6485511321037636,0.12535612535612536
45,pub_all,fl_fedavg,own_silo,Hindawi Publishing Corporation,0.574792390730669,0.7140837473535367,0.20915032679738563
45,pub_all,fl_fedavg,own_silo,IOS Press,0.44262457593564974,0.7025884312968569,0.1710843373493976
45,pub_all,fl_fedavg,own_silo,Other,0.3933459988400752,0.6418299209075724,0.12785072563925362
45,pub_all,fl_fedavg,own_silo,Public Library of Science,0.3472127123593279,0.6097419717812661,0.09716599190283401
45,pub_all,fl_fedavg,own_silo,SAGE Publishing,0.40267653255983027,0.6492662358620784,0.21973094170403587
45,pub_all,fl_fedavg,own_silo,Spandidos Publishing,0.3155574949918852,0.5835763401375238,0.05673758865248227
45,pub_all,fl_fedavg,own_silo,Springer Science+Business Media,0.47689280364323977,0.6933902868723817,0.21364653243847875
45,pub_all,fl_fedavg,own_silo,Taylor & Francis,0.546946164757339,0.7051696695278035,0.31390134529147984
45,pub_all,fl_fedavg,own_silo,Wiley,0.6951067212692158,0.780456768283326,0.4130052724077329
45,pub_all,fl_fedavg_ft10,own_silo,Elsevier BV,0.5377760727449843,0.71795305670793,0.24406457739791074
45,pub_all,fl_fedavg_ft10,own_silo,Hindawi Publishing Corporation,0.5908021811612629,0.7320967481642863,0.21568627450980393
45,pub_all,fl_fedavg_ft10,own_silo,IOS Press,0.7103391989722769,0.8377394908470307,0.4506024096385542
45,pub_all,fl_fedavg_ft10,own_silo,Other,0.4624377793682849,0.6823492459169168,0.19004837595024188
45,pub_all,fl_fedavg_ft10,own_silo,Public Library of Science,0.39936653203794364,0.6574424428289336,0.15789473684210525
45,pub_all,fl_fedavg_ft10,own_silo,SAGE Publishing,0.570677449499746,0.7641138862373728,0.336322869955157
45,pub_all,fl_fedavg_ft10,own_silo,Spandidos Publishing,0.33209213915985497,0.5955286748028945,0.09929078014184398
45,pub_all,fl_fedavg_ft10,own_silo,Springer Science+Business Media,0.5283363596544698,0.7343246224718816,0.23937360178970918
45,pub_all,fl_fedavg_ft10,own_silo,Taylor & Francis,0.6655408902738336,0.8167758065571148,0.4349775784753363
45,pub_all,fl_fedavg_ft10,own_silo,Wiley,0.7609180560358451,0.8405053230761212,0.4938488576449912
45,pub_all,fl_fedavg_ft30,own_silo,Elsevier BV,0.5447153038626118,0.7211908123823328,0.26970560303893637
45,pub_all,fl_fedavg_ft30,own_silo,Hindawi Publishing Corporation,0.5898242146149649,0.7311880170449524,0.20806100217864923
45,pub_all,fl_fedavg_ft30,own_silo,IOS Press,0.7131981943452345,0.8402405575082794,0.43132530120481927
45,pub_all,fl_fedavg_ft30,own_silo,Other,0.4628164966644931,0.6821258224947812,0.19004837595024188
45,pub_all,fl_fedavg_ft30,own_silo,Public Library of Science,0.40463039148857466,0.6548086575693057,0.1659919028340081
45,pub_all,fl_fedavg_ft30,own_silo,SAGE Publishing,0.6027170390902931,0.7762276900679169,0.3632286995515695
45,pub_all,fl_fedavg_ft30,own_silo,Spandidos Publishing,0.32951391284847015,0.5991827771177594,0.09929078014184398
45,pub_all,fl_fedavg_ft30,own_silo,Springer Science+Business Media,0.533341424418785,0.7348199495238148,0.2539149888143177
45,pub_all,fl_fedavg_ft30,own_silo,Taylor & Francis,0.6940428135675082,0.832539919035402,0.4663677130044843
45,pub_all,fl_fedavg_ft30,own_silo,Wiley,0.7652035388558096,0.8477755129812411,0.48154657293497366
45,pub_meta_only,central_xgb,pooled,ALL,0.4740666793389935,0.6742873706775017,0.19140181611804769
45,pub_meta_only,central_xgb,own_silo,Elsevier BV,0.45782351336744376,0.6624969455135148,0.18328584995251662
45,pub_meta_only,central_xgb,own_silo,Hindawi Publishing Corporation,0.5611507135250183,0.711926631649459,0.18572984749455337
45,pub_meta_only,central_xgb,own_silo,IOS Press,0.41251853600564614,0.6763668502001259,0.13012048192771083
45,pub_meta_only,central_xgb,own_silo,Other,0.35127101474096317,0.6052537825647901,0.0912232204561161
45,pub_meta_only,central_xgb,own_silo,Public Library of Science,0.3784158018822039,0.6236251916733775,0.145748987854251
45,pub_meta_only,central_xgb,own_silo,SAGE Publishing,0.3341985565122694,0.6244858157245963,0.07174887892376682
45,pub_meta_only,central_xgb,own_silo,Spandidos Publishing,0.3037106045747173,0.5617417287684054,0.07092198581560284
45,pub_meta_only,central_xgb,own_silo,Springer Science+Business Media,0.478957134236256,0.693793307097329,0.24049217002237136
45,pub_meta_only,central_xgb,own_silo,Taylor & Francis,0.38163968450573815,0.6154799369144783,0.08520179372197309
45,pub_meta_only,central_xgb,own_silo,Wiley,0.655091947237531,0.7782693415715307,0.3268892794376098
45,pub_meta_only,central_mlp,pooled,ALL,0.46546762412855835,0.6692807143603593,0.1772133938706016
45,pub_meta_only,central_mlp,own_silo,Elsevier BV,0.42145171620005123,0.6492368296096366,0.1671415004748338
45,pub_meta_only,central_mlp,own_silo,Hindawi Publishing Corporation,0.5590317211361142,0.7073838566061998,0.19444444444444445
45,pub_meta_only,central_mlp,own_silo,IOS Press,0.4026546427282678,0.6627247607631199,0.14457831325301204
45,pub_meta_only,central_mlp,own_silo,Other,0.3410226577254797,0.5980341061526575,0.08776779543883897
45,pub_meta_only,central_mlp,own_silo,Public Library of Science,0.3473734972658786,0.6145600061776744,0.08906882591093117
45,pub_meta_only,central_mlp,own_silo,SAGE Publishing,0.32658148665954334,0.6241561884094795,0.06278026905829596
45,pub_meta_only,central_mlp,own_silo,Spandidos Publishing,0.32429259955782197,0.5866904273319653,0.09219858156028368
45,pub_meta_only,central_mlp,own_silo,Springer Science+Business Media,0.4934922826710302,0.6999767305148679,0.21140939597315436
45,pub_meta_only,central_mlp,own_silo,Taylor & Francis,0.360025609849149,0.6125255285592808,0.08520179372197309
45,pub_meta_only,central_mlp,own_silo,Wiley,0.6587745124557476,0.7743801808427166,0.36906854130052724
45,pub_meta_only,fl_fedavg,pooled,ALL,0.45096657932737416,0.6581117723976609,0.16259931895573213
45,pub_meta_only,fl_fedavg,own_silo,Elsevier BV,0.42165093721112534,0.6379687248351966,0.16904083570750236
45,pub_meta_only,fl_fedavg,own_silo,Hindawi Publishing Corporation,0.5525868843511329,0.6958925545526853,0.1840958605664488
45,pub_meta_only,fl_fedavg,own_silo,IOS Press,0.36709568636664747,0.6351012820252342,0.1108433734939759
45,pub_meta_only,fl_fedavg,own_silo,Other,0.3423634821076349,0.5898264890666349,0.08638562543192813
45,pub_meta_only,fl_fedavg,own_silo,Public Library of Science,0.33886493670549067,0.6096840560844576,0.13360323886639677
45,pub_meta_only,fl_fedavg,own_silo,SAGE Publishing,0.29758225061228244,0.5872276282627953,0.07623318385650224
45,pub_meta_only,fl_fedavg,own_silo,Spandidos Publishing,0.315929430586007,0.569031932894121,0.05673758865248227
45,pub_meta_only,fl_fedavg,own_silo,Springer Science+Business Media,0.477980491098112,0.7009050151410412,0.20917225950782997
45,pub_meta_only,fl_fedavg,own_silo,Taylor & Francis,0.368121033256795,0.6169952976575502,0.06726457399103139
45,pub_meta_only,fl_fedavg,own_silo,Wiley,0.6564726546911234,0.7716578407159589,0.3585237258347979
45,pub_text_only,central_xgb,pooled,ALL,0.3668461581649144,0.5889319009955393,0.10868331441543701
45,pub_text_only,central_xgb,own_silo,Elsevier BV,0.32383011335703604,0.5487659180397972,0.150997150997151
45,pub_text_only,central_xgb,own_silo,Hindawi Publishing Corporation,0.46632003090722557,0.6211489396856136,0.11655773420479303
45,pub_text_only,central_xgb,own_silo,IOS Press,0.32426623671177035,0.5841179219407139,0.08674698795180723
45,pub_text_only,central_xgb,own_silo,Other,0.32465766336065155,0.5750845632192698,0.07601935038009675
45,pub_text_only,central_xgb,own_silo,Public Library of Science,0.2882282414938804,0.5638010347604496,0.048582995951417005
45,pub_text_only,central_xgb,own_silo,SAGE Publishing,0.3892789640666124,0.6191705752683372,0.15695067264573992
45,pub_text_only,central_xgb,own_silo,Spandidos Publishing,0.25751674345160924,0.5096302696475501,0.0425531914893617
45,pub_text_only,central_xgb,own_silo,Springer Science+Business Media,0.282023553600565,0.5092241055536505,0.042505592841163314
45,pub_text_only,central_xgb,own_silo,Taylor & Francis,0.34985176842223853,0.6106576738304104,0.08968609865470852
45,pub_text_only,central_xgb,own_silo,Wiley,0.44792393127337,0.6388422418011308,0.13181019332161686
45,pub_text_only,central_mlp,pooled,ALL,0.3722718139412373,0.5923555746779301,0.10825766174801361
45,pub_text_only,central_mlp,own_silo,Elsevier BV,0.32846070752543527,0.5417152607698417,0.14245014245014245
45,pub_text_only,central_mlp,own_silo,Hindawi Publishing Corporation,0.4702374906985515,0.6292352217521668,0.12254901960784313
45,pub_text_only,central_mlp,own_silo,IOS Press,0.3210405425292543,0.5848127755541559,0.0746987951807229
45,pub_text_only,central_mlp,own_silo,Other,0.3243257832387047,0.5781626429606168,0.07118175535590877
45,pub_text_only,central_mlp,own_silo,Public Library of Science,0.2812870713709108,0.5399838939205066,0.06072874493927125
45,pub_text_only,central_mlp,own_silo,SAGE Publishing,0.36809390143189785,0.6230505634566919,0.11210762331838565
45,pub_text_only,central_mlp,own_silo,Spandidos Publishing,0.27751610646986274,0.5360550095402671,0.03546099290780142
45,pub_text_only,central_mlp,own_silo,Springer Science+Business Media,0.2804369332610678,0.5127285898056976,0.040268456375838924
45,pub_text_only,central_mlp,own_silo,Taylor & Francis,0.3596145616550048,0.6078159181923237,0.07174887892376682
45,pub_text_only,central_mlp,own_silo,Wiley,0.47838941548769187,0.6411187001097333,0.13884007029876977
45,pub_text_only,fl_fedavg,pooled,ALL,0.36246822837532655,0.5880571482043553,0.10017026106696936
45,pub_text_only,fl_fedavg,own_silo,Elsevier BV,0.3365172475945764,0.5449314961985529,0.14814814814814814
45,pub_text_only,fl_fedavg,own_silo,Hindawi Publishing Corporation,0.4529789457438581,0.6157870098199316,0.1116557734204793
45,pub_text_only,fl_fedavg,own_silo,IOS Press,0.31169363638288416,0.5801702594526504,0.05542168674698795
45,pub_text_only,fl_fedavg,own_silo,Other,0.3255341256182419,0.5787056127965787,0.0801658604008293
45,pub_text_only,fl_fedavg,own_silo,Public Library of Science,0.30227384671157465,0.5685887323632914,0.08502024291497975
45,pub_text_only,fl_fedavg,own_silo,SAGE Publishing,0.36065647626877206,0.6071048420879143,0.13452914798206278
45,pub_text_only,fl_fedavg,own_silo,Spandidos Publishing,0.28782457197759015,0.5528674802894481,0.05673758865248227
45,pub_text_only,fl_fedavg,own_silo,Springer Science+Business Media,0.27850577656081726,0.5113664404128814,0.040268456375838924
45,pub_text_only,fl_fedavg,own_silo,Taylor & Francis,0.34387602396599326,0.5947118634212993,0.08968609865470852
45,pub_text_only,fl_fedavg,own_silo,Wiley,0.46973951109166867,0.6452619266148016,0.14235500878734622
45,pub_no_year,central_xgb,pooled,ALL,0.4650935380810523,0.6678035410424144,0.18246311010215663
45,pub_no_year,central_xgb,own_silo,Elsevier BV,0.3644856069771209,0.6096066029667395,0.09876543209876543
45,pub_no_year,central_xgb,own_silo,Hindawi Publishing Corporation,0.5603413475301889,0.7061923077415694,0.21405228758169934
45,pub_no_year,central_xgb,own_silo,IOS Press,0.42192993373334275,0.6781466506836791,0.15421686746987953
45,pub_no_year,central_xgb,own_silo,Other,0.3735161720852095,0.6289229079313261,0.11264685556323428
45,pub_no_year,central_xgb,own_silo,Public Library of Science,0.3415070378188294,0.5924444836677736,0.12955465587044535
45,pub_no_year,central_xgb,own_silo,SAGE Publishing,0.390348210422221,0.6793584628379538,0.10762331838565023
45,pub_no_year,central_xgb,own_silo,Spandidos Publishing,0.2902427045385936,0.5561975735320589,0.0425531914893617
45,pub_no_year,central_xgb,own_silo,Springer Science+Business Media,0.47460828236929936,0.6891840892967626,0.19910514541387025
45,pub_no_year,central_xgb,own_silo,Taylor & Francis,0.478315556700151,0.6913388230334833,0.19730941704035873
45,pub_no_year,central_xgb,own_silo,Wiley,0.6482676804490355,0.7654676113184494,0.28998242530755713
45,pub_no_year,central_mlp,pooled,ALL,0.468233036283564,0.667113163799625,0.1855845629965948
45,pub_no_year,central_mlp,own_silo,Elsevier BV,0.3661997515670888,0.6156966589471462,0.09116809116809117
45,pub_no_year,central_mlp,own_silo,Hindawi Publishing Corporation,0.5719430292371976,0.7125427788856741,0.2227668845315904
45,pub_no_year,central_mlp,own_silo,IOS Press,0.43938007397680606,0.682760722485219,0.1686746987951807
45,pub_no_year,central_mlp,own_silo,Other,0.3550634395854009,0.6156129109257895,0.08776779543883897
45,pub_no_year,central_mlp,own_silo,Public Library of Science,0.3570231266070121,0.6162698981786893,0.13765182186234817
45,pub_no_year,central_mlp,own_silo,SAGE Publishing,0.3868158257151469,0.6546982193257747,0.12556053811659193
45,pub_no_year,central_mlp,own_silo,Spandidos Publishing,0.28857460571141536,0.5608327033156928,0.0425531914893617
45,pub_no_year,central_mlp,own_silo,Springer Science+Business Media,0.47964699053591986,0.6911744694285231,0.21364653243847875
45,pub_no_year,central_mlp,own_silo,Taylor & Francis,0.4922821559141092,0.682799020284757,0.242152466367713
45,pub_no_year,central_mlp,own_silo,Wiley,0.651235856883092,0.756159104530333,0.3339191564147627
45,pub_no_year,fl_fedavg,pooled,ALL,0.44145077960788315,0.6490749797730773,0.1569239500567537
45,pub_no_year,fl_fedavg,own_silo,Elsevier BV,0.3369354886128487,0.5790376146126633,0.08167141500474834
45,pub_no_year,fl_fedavg,own_silo,Hindawi Publishing Corporation,0.5503782202883034,0.6903128878437521,0.20697167755991286
45,pub_no_year,fl_fedavg,own_silo,IOS Press,0.47994964735795087,0.710696072654869,0.29397590361445786
45,pub_no_year,fl_fedavg,own_silo,Other,0.36533378441145326,0.6213902064607515,0.10020732550103663
45,pub_no_year,fl_fedavg,own_silo,Public Library of Science,0.34594163664908995,0.6018930159185429,0.11740890688259109
45,pub_no_year,fl_fedavg,own_silo,SAGE Publishing,0.4105841195253409,0.6496714027702429,0.18385650224215247
45,pub_no_year,fl_fedavg,own_silo,Spandidos Publishing,0.29277900467379414,0.5588976491341757,0.02127659574468085
45,pub_no_year,fl_fedavg,own_silo,Springer Science+Business Media,0.43926633261972314,0.664830055647182,0.15771812080536912
45,pub_no_year,fl_fedavg,own_silo,Taylor & Francis,0.5124643683946157,0.6589311800917211,0.3183856502242152
45,pub_no_year,fl_fedavg,own_silo,Wiley,0.6588263934019938,0.756829374925807,0.34797891036906853
45,pub_has_abstract,central_xgb,pooled,ALL,0.5155371460120705,0.7101377307199856,0.2255578093306288
45,pub_has_abstract,central_xgb,own_silo,Elsevier BV,0.6869179689110536,0.7693550281954886,0.23308270676691728
45,pub_has_abstract,central_xgb,own_silo,Hindawi Publishing Corporation,0.5788254980575762,0.7286822496272685,0.2114441416893733
45,pub_has_abstract,central_xgb,own_silo,IOS Press,0.35539614750233456,0.6746626596903772,0.18339100346020762
45,pub_has_abstract,central_xgb,own_silo,Other,0.4071287315029548,0.6423890219632238,0.15100401606425704
45,pub_has_abstract,central_xgb,own_silo,Public Library of Science,0.38593021707792835,0.6332083225168599,0.13765182186234817
45,pub_has_abstract,central_xgb,own_silo,SAGE Publishing,0.45850841811992243,0.7118603846343996,0.22905027932960895
45,pub_has_abstract,central_xgb,own_silo,Spandidos Publishing,0.3181062206761114,0.5883087277464177,0.0851063829787234
45,pub_has_abstract,central_xgb,own_silo,Springer Science+Business Media,0.5334069309350807,0.77150493645339,0.36507936507936506
45,pub_has_abstract,central_xgb,own_silo,Taylor & Francis,0.4369916797439889,0.7137275076862772,0.2127659574468085
45,pub_has_abstract,central_xgb,own_silo,Wiley,0.7172636237259195,0.8109254795172834,0.3683206106870229
45,pub_has_abstract,central_mlp,pooled,ALL,0.5157595141868268,0.703290344772986,0.2231237322515213
45,pub_has_abstract,central_mlp,own_silo,Elsevier BV,0.6860010911609906,0.7630012531328321,0.2556390977443609
45,pub_has_abstract,central_mlp,own_silo,Hindawi Publishing Corporation,0.5822131571124605,0.7253935369646805,0.21580381471389645
45,pub_has_abstract,central_mlp,own_silo,IOS Press,0.34329200801486237,0.6633601130254667,0.15916955017301038
45,pub_has_abstract,central_mlp,own_silo,Other,0.42547134413623566,0.6383753411271198,0.16626506024096385
45,pub_has_abstract,central_mlp,own_silo,Public Library of Science,0.3835510297197909,0.6457738427293966,0.12955465587044535
45,pub_has_abstract,central_mlp,own_silo,SAGE Publishing,0.4455798386898875,0.6924902358234044,0.20670391061452514
45,pub_has_abstract,central_mlp,own_silo,Spandidos Publishing,0.3079462628567149,0.5519069329859603,0.07092198581560284
45,pub_has_abstract,central_mlp,own_silo,Springer Science+Business Media,0.48024484894195774,0.7563410243822615,0.36507936507936506
45,pub_has_abstract,central_mlp,own_silo,Taylor & Francis,0.42465041561786304,0.7080868212496478,0.2553191489361702
45,pub_has_abstract,central_mlp,own_silo,Wiley,0.7094928328327605,0.7874908858235495,0.4217557251908397
45,pub_has_abstract,fl_fedavg,pooled,ALL,0.4977973115789774,0.6897974741945788,0.20060851926977688
45,pub_has_abstract,fl_fedavg,own_silo,Elsevier BV,0.66157887210583,0.72773241697995,0.21052631578947367
45,pub_has_abstract,fl_fedavg,own_silo,Hindawi Publishing Corporation,0.5854775598527449,0.722112054007506,0.2217983651226158
45,pub_has_abstract,fl_fedavg,own_silo,IOS Press,0.3215035996977257,0.6383514325738437,0.15570934256055363
45,pub_has_abstract,fl_fedavg,own_silo,Other,0.39658685687918904,0.6398467460345834,0.12771084337349398
45,pub_has_abstract,fl_fedavg,own_silo,Public Library of Science,0.3799233186938313,0.6196209907705563,0.12955465587044535
45,pub_has_abstract,fl_fedavg,own_silo,SAGE Publishing,0.3669815880597022,0.6065704256686607,0.17318435754189945
45,pub_has_abstract,fl_fedavg,own_silo,Spandidos Publishing,0.30201294118238275,0.5631422781878709,0.0425531914893617
45,pub_has_abstract,fl_fedavg,own_silo,Springer Science+Business Media,0.5139259817616879,0.7611411116565755,0.38095238095238093
45,pub_has_abstract,fl_fedavg,own_silo,Taylor & Francis,0.3985605504058115,0.6628817109469739,0.19858156028368795
45,pub_has_abstract,fl_fedavg,own_silo,Wiley,0.6981394737155595,0.7789719208963886,0.3931297709923664
45,pub_silo_onehot,central_xgb,pooled,ALL,0.5665241065134783,0.7363547264945411,0.2709988649262202
45,pub_silo_onehot,central_xgb,own_silo,Elsevier BV,0.5491099711429368,0.7198142108595325,0.2716049382716049
45,pub_silo_onehot,central_xgb,own_silo,Hindawi Publishing Corporation,0.5832484283855371,0.7356356122695992,0.21241830065359477
45,pub_silo_onehot,central_xgb,own_silo,IOS Press,0.7077053024119193,0.8340559540015033,0.4578313253012048
45,pub_silo_onehot,central_xgb,own_silo,Other,0.42948217567268554,0.6679399985277816,0.14720110573600553
45,pub_silo_onehot,central_xgb,own_silo,Public Library of Science,0.4063945467068,0.6517170625158578,0.13765182186234817
45,pub_silo_onehot,central_xgb,own_silo,SAGE Publishing,0.5887567631099827,0.7755581345840858,0.336322869955157
45,pub_silo_onehot,central_xgb,own_silo,Spandidos Publishing,0.33053879192177427,0.6011088310472692,0.05673758865248227
45,pub_silo_onehot,central_xgb,own_silo,Springer Science+Business Media,0.5163214336949811,0.7223442396003998,0.2371364653243848
45,pub_silo_onehot,central_xgb,own_silo,Taylor & Francis,0.6562611299927298,0.7935184714116477,0.4618834080717489
45,pub_silo_onehot,central_xgb,own_silo,Wiley,0.7518256303179107,0.8416562193275292,0.46221441124780316
45,pub_silo_onehot,central_mlp,pooled,ALL,0.5721856019623784,0.7371825391869927,0.2772417707150965
45,pub_silo_onehot,central_mlp,own_silo,Elsevier BV,0.536554737386704,0.7190389613635227,0.25071225071225073
45,pub_silo_onehot,central_mlp,own_silo,Hindawi Publishing Corporation,0.5914305518773803,0.7334222211975783,0.22440087145969498
45,pub_silo_onehot,central_mlp,own_silo,IOS Press,0.7125053383705727,0.8453524045592149,0.42168674698795183
45,pub_silo_onehot,central_mlp,own_silo,Other,0.43990635263195094,0.6639812678086603,0.17899101589495509
45,pub_silo_onehot,central_mlp,own_silo,Public Library of Science,0.4232592604279537,0.6758155081688711,0.1700404858299595
45,pub_silo_onehot,central_mlp,own_silo,SAGE Publishing,0.6144216442965696,0.7713279173734198,0.40358744394618834
45,pub_silo_onehot,central_mlp,own_silo,Spandidos Publishing,0.31601983065501493,0.5935126183533139,0.06382978723404255
45,pub_silo_onehot,central_mlp,own_silo,Springer Science+Business Media,0.519894112961476,0.7256824808446324,0.2494407158836689
45,pub_silo_onehot,central_mlp,own_silo,Taylor & Francis,0.6705632380333393,0.8097404626756111,0.4618834080717489
45,pub_silo_onehot,central_mlp,own_silo,Wiley,0.7446311991930202,0.8276616104440577,0.4833040421792619
42,v1exact,central_xgb,pooled,ALL,0.6508076038654328,0.803087099166802,0.35584562996594776
42,v1exact,central_xgb,own_silo,Elsevier BV,0.6695944711712939,0.8203661704514532,0.4036087369420703
42,v1exact,central_xgb,own_silo,Hindawi Publishing Corporation,0.7282624640304131,0.8459428581675011,0.3502178649237473
42,v1exact,central_xgb,own_silo,IOS Press,0.684711748573184,0.7940023161787114,0.44096385542168676
42,v1exact,central_xgb,own_silo,Other,0.5665602265795909,0.7553121352954335,0.27436074637180374
42,v1exact,central_xgb,own_silo,Public Library of Science,0.46089596237911334,0.7230361063001247,0.19838056680161945
42,v1exact,central_xgb,own_silo,SAGE Publishing,0.6486733453501157,0.8313681593748068,0.34977578475336324
42,v1exact,central_xgb,own_silo,Spandidos Publishing,0.42167161560342203,0.6427799978399396,0.14893617021276595
42,v1exact,central_xgb,own_silo,Springer Science+Business Media,0.5647432785513792,0.7742705719485222,0.28859060402684567
42,v1exact,central_xgb,own_silo,Taylor & Francis,0.5400048966332918,0.760304089657027,0.23766816143497757
42,v1exact,central_xgb,own_silo,Wiley,0.7997626105138492,0.8707615893081013,0.5184534270650264
42,v1exact,central_mlp,pooled,ALL,0.6399532734333324,0.7955562346244168,0.34335981838819524
42,v1exact,central_mlp,own_silo,Elsevier BV,0.6400055991246817,0.8123536970393695,0.34283000949667614
42,v1exact,central_mlp,own_silo,Hindawi Publishing Corporation,0.722629713422609,0.8339934281897486,0.35076252723311546
42,v1exact,central_mlp,own_silo,IOS Press,0.6716085145361232,0.7836059245413358,0.44096385542168676
42,v1exact,central_mlp,own_silo,Other,0.5506766635218578,0.7500482401631161,0.26053904630269525
42,v1exact,central_mlp,own_silo,Public Library of Science,0.46961087383752287,0.7331189533254643,0.17813765182186234
42,v1exact,central_mlp,own_silo,SAGE Publishing,0.6448776710153402,0.8228390525961584,0.34977578475336324
42,v1exact,central_mlp,own_silo,Spandidos Publishing,0.4486896031499116,0.67714296000288,0.19858156028368795
42,v1exact,central_mlp,own_silo,Springer Science+Business Media,0.5825599069229054,0.7804558097508668,0.29082774049217003
42,v1exact,central_mlp,own_silo,Taylor & Francis,0.5426997528720294,0.7583526538799777,0.23766816143497757
42,v1exact,central_mlp,own_silo,Wiley,0.7869779730800236,0.85765657255858,0.5184534270650264
42,v1exact,local_logreg,pooled,Elsevier BV,0.3081568403935502,0.5314396006998416,0.06753688989784336
42,v1exact,local_logreg,own_silo,Elsevier BV,0.43638440553339386,0.6871617503318284,0.15289648622981955
42,v1exact,local_logreg,pooled,Hindawi Publishing Corporation,0.39144196511187734,0.596894341686784,0.1416004540295119
42,v1exact,local_logreg,own_silo,Hindawi Publishing Corporation,0.6051960093623593,0.7625823077287613,0.20642701525054466
42,v1exact,local_logreg,pooled,IOS Press,0.34722093182010927,0.5711083343137339,0.07746878547105562
42,v1exact,local_logreg,own_silo,IOS Press,0.6394596064164241,0.7914362339746845,0.4
42,v1exact,local_logreg,pooled,Other,0.32302398850485947,0.54773978926537,0.07122587968217935
42,v1exact,local_logreg,own_silo,Other,0.33980583109151774,0.5863219305498879,0.0912232204561161
42,v1exact,local_logreg,pooled,Public Library of Science,0.3115288304771785,0.523070415652582,0.07150964812712826
42,v1exact,local_logreg,own_silo,Public Library of Science,0.3567178184623824,0.6419100045229401,0.07692307692307693
42,v1exact,local_logreg,pooled,SAGE Publishing,0.35314584557212503,0.5911759803074229,0.07888762769580022
42,v1exact,local_logreg,own_silo,SAGE Publishing,0.48398378507167206,0.7411670180402283,0.18834080717488788
42,v1exact,local_logreg,pooled,Spandidos Publishing,0.3377335333916494,0.5674244793087289,0.08044835414301929
42,v1exact,local_logreg,own_silo,Spandidos Publishing,0.4185082136841576,0.6904453324693091,0.1276595744680851
42,v1exact,local_logreg,pooled,Springer Science+Business Media,0.3718000554270944,0.5870468947483612,0.10456867196367764
42,v1exact,local_logreg,own_silo,Springer Science+Business Media,0.39119717134233284,0.6590247046635133,0.09955257270693513
42,v1exact,local_logreg,pooled,Taylor & Francis,0.29877704636635416,0.53029955234583,0.04497729852440409
42,v1exact,local_logreg,own_silo,Taylor & Francis,0.3692725816226543,0.639685735258847,0.08968609865470852
42,v1exact,local_logreg,pooled,Wiley,0.3499156469454042,0.5619219635133261,0.0981838819523269
42,v1exact,local_logreg,own_silo,Wiley,0.5623038666080195,0.7268655376784613,0.27240773286467485
42,v1exact,fl_fedavg,pooled,ALL,0.5719123363729544,0.7582462132440171,0.26745175936435867
42,v1exact,fl_fedavg,own_silo,Elsevier BV,0.5809307809931209,0.7737829953960559,0.2858499525166192
42,v1exact,fl_fedavg,own_silo,Hindawi Publishing Corporation,0.6539887186560723,0.7813067956949583,0.27233115468409586
42,v1exact,fl_fedavg,own_silo,IOS Press,0.4385450488491517,0.6967350007111075,0.1614457831325301
42,v1exact,fl_fedavg,own_silo,Other,0.5324318836119686,0.7385668133405848,0.26123013130615064
42,v1exact,fl_fedavg,own_silo,Public Library of Science,0.4572462284608688,0.7032234222109455,0.1902834008097166
42,v1exact,fl_fedavg,own_silo,SAGE Publishing,0.6364709117703858,0.8075834884184069,0.3721973094170404
42,v1exact,fl_fedavg,own_silo,Spandidos Publishing,0.4395372023781498,0.6540483133527739,0.23404255319148937
42,v1exact,fl_fedavg,own_silo,Springer Science+Business Media,0.48808501570970597,0.734948317248812,0.2203579418344519
42,v1exact,fl_fedavg,own_silo,Taylor & Francis,0.482515994890833,0.7278092317084693,0.21973094170403587
42,v1exact,fl_fedavg,own_silo,Wiley,0.7516614159474052,0.8302551080973875,0.4780316344463972
42,pub_all,central_xgb,pooled,ALL,0.5163133356337701,0.7089181710063904,0.22687287173666287
42,pub_all,central_xgb,own_silo,Elsevier BV,0.4977991935600272,0.6807232052115093,0.24691358024691357
42,pub_all,central_xgb,own_silo,Hindawi Publishing Corporation,0.5907671314769563,0.734657637632099,0.21949891067538127
42,pub_all,central_xgb,own_silo,IOS Press,0.4579239847707278,0.7120258436782543,0.16626506024096385
42,pub_all,central_xgb,own_silo,Other,0.4199784175812517,0.6593225187225433,0.1465100207325501
42,pub_all,central_xgb,own_silo,Public Library of Science,0.43259166936062843,0.6613034892828382,0.19433198380566802
42,pub_all,central_xgb,own_silo,SAGE Publishing,0.5050665724760952,0.752580363826149,0.22869955156950672
42,pub_all,central_xgb,own_silo,Spandidos Publishing,0.3247695485262576,0.5813442776397739,0.09929078014184398
42,pub_all,central_xgb,own_silo,Springer Science+Business Media,0.5111470063302477,0.733490232259399,0.24161073825503357
42,pub_all,central_xgb,own_silo,Taylor & Francis,0.48639519496699407,0.7161696622598863,0.17040358744394618
42,pub_all,central_xgb,own_silo,Wiley,0.7019434162966777,0.7986474435626536,0.37434094903339193
42,pub_all,central_mlp,pooled,ALL,0.5142636430843598,0.7057734678311415,0.22800794551645856
42,pub_all,central_mlp,own_silo,Elsevier BV,0.4611309478923994,0.6522680603455457,0.19183285849952517
42,pub_all,central_mlp,own_silo,Hindawi Publishing Corporation,0.5896823806047005,0.7296547334068515,0.22603485838779958
42,pub_all,central_mlp,own_silo,IOS Press,0.4489206337542124,0.7193624413336313,0.15421686746987953
42,pub_all,central_mlp,own_silo,Other,0.4299283155743297,0.66772640180554,0.1575673807878369
42,pub_all,central_mlp,own_silo,Public Library of Science,0.43695170464947686,0.6752749616653244,0.17408906882591094
42,pub_all,central_mlp,own_silo,SAGE Publishing,0.5219907528115562,0.7501047253449069,0.3094170403587444
42,pub_all,central_mlp,own_silo,Spandidos Publishing,0.3423713302795282,0.5927925981927494,0.12056737588652482
42,pub_all,central_mlp,own_silo,Springer Science+Business Media,0.528600451693405,0.7415699145969072,0.24161073825503357
42,pub_all,central_mlp,own_silo,Taylor & Francis,0.4493965583399572,0.6680923897638653,0.17937219730941703
42,pub_all,central_mlp,own_silo,Wiley,0.6892582225798954,0.7797973553996578,0.40597539543058
42,pub_all,fl_fedavg,pooled,ALL,0.48471709754338477,0.6859985864157893,0.19707718501702612
42,pub_all,fl_fedavg,own_silo,Elsevier BV,0.4296216768611503,0.6309296954399293,0.15289648622981955
42,pub_all,fl_fedavg,own_silo,Hindawi Publishing Corporation,0.5817588473602779,0.7238970348084365,0.21840958605664487
42,pub_all,fl_fedavg,own_silo,IOS Press,0.41010762573984705,0.6808376846339828,0.12048192771084337
42,pub_all,fl_fedavg,own_silo,Other,0.4136140721881086,0.6633264522611773,0.13199723565998617
42,pub_all,fl_fedavg,own_silo,Public Library of Science,0.41121381652632716,0.6556112036536532,0.1417004048582996
42,pub_all,fl_fedavg,own_silo,SAGE Publishing,0.4810360185283359,0.7127778655257898,0.2825112107623318
42,pub_all,fl_fedavg,own_silo,Spandidos Publishing,0.35202891009012494,0.610658098426756,0.09219858156028368
42,pub_all,fl_fedavg,own_silo,Springer Science+Business Media,0.4912102528227871,0.7221011120364474,0.21364653243847875
42,pub_all,fl_fedavg,own_silo,Taylor & Francis,0.4749154877311177,0.6657811920837845,0.242152466367713
42,pub_all,fl_fedavg,own_silo,Wiley,0.672612538607863,0.7696354481836106,0.37961335676625657
42,pub_all,fl_fedavg_ft10,own_silo,Elsevier BV,0.5374199305718013,0.7060896741695962,0.26875593542260207
42,pub_all,fl_fedavg_ft10,own_silo,Hindawi Publishing Corporation,0.6007905898199186,0.7421585918317944,0.2173202614379085
42,pub_all,fl_fedavg_ft10,own_silo,IOS Press,0.7271036143353296,0.8471504906641745,0.4674698795180723
42,pub_all,fl_fedavg_ft10,own_silo,Other,0.4518721162973084,0.6838421896317239,0.15825846579129232
42,pub_all,fl_fedavg_ft10,own_silo,Public Library of Science,0.43886139726366863,0.6757327714591446,0.1862348178137652
42,pub_all,fl_fedavg_ft10,own_silo,SAGE Publishing,0.6740128157078186,0.8209505627699683,0.452914798206278
42,pub_all,fl_fedavg_ft10,own_silo,Spandidos Publishing,0.4249275655742001,0.6665046621305397,0.16312056737588654
42,pub_all,fl_fedavg_ft10,own_silo,Springer Science+Business Media,0.5477388250654608,0.7496761323121977,0.2606263982102908
42,pub_all,fl_fedavg_ft10,own_silo,Taylor & Francis,0.6514312303369005,0.7776126345473178,0.4125560538116592
42,pub_all,fl_fedavg_ft10,own_silo,Wiley,0.7557544297393286,0.8450032283001768,0.46221441124780316
42,pub_all,fl_fedavg_ft30,own_silo,Elsevier BV,0.5437675783590514,0.713303121685188,0.2706552706552707
42,pub_all,fl_fedavg_ft30,own_silo,Hindawi Publishing Corporation,0.5995520902958573,0.7416658021233185,0.2238562091503268
42,pub_all,fl_fedavg_ft30,own_silo,IOS Press,0.7356732746557951,0.8512688189520305,0.4746987951807229
42,pub_all,fl_fedavg_ft30,own_silo,Other,0.45517480860574394,0.6843664887378873,0.15894955079474776
42,pub_all,fl_fedavg_ft30,own_silo,Public Library of Science,0.4479652061147972,0.6836037904444616,0.22672064777327935
42,pub_all,fl_fedavg_ft30,own_silo,SAGE Publishing,0.6916607457313193,0.8335794092803823,0.5201793721973094
42,pub_all,fl_fedavg_ft30,own_silo,Spandidos Publishing,0.4493261294188895,0.6855851963854989,0.2198581560283688
42,pub_all,fl_fedavg_ft30,own_silo,Springer Science+Business Media,0.5525912555532616,0.7535920283189179,0.25615212527964204
42,pub_all,fl_fedavg_ft30,own_silo,Taylor & Francis,0.6781230096376492,0.7962693780843224,0.4439461883408072
42,pub_all,fl_fedavg_ft30,own_silo,Wiley,0.7623250670644637,0.8491276351181153,0.46221441124780316
42,pub_meta_only,central_xgb,pooled,ALL,0.47784358419097717,0.6788734474891998,0.18615209988649262
42,pub_meta_only,central_xgb,own_silo,Elsevier BV,0.4683642088087403,0.665473160782615,0.2022792022792023
42,pub_meta_only,central_xgb,own_silo,Hindawi Publishing Corporation,0.5661437689303656,0.709619261513476,0.1977124183006536
42,pub_meta_only,central_xgb,own_silo,IOS Press,0.3781335014160975,0.6515989760052013,0.12048192771084337
42,pub_meta_only,central_xgb,own_silo,Other,0.36500158459773696,0.6169295100443166,0.1022805805114029
42,pub_meta_only,central_xgb,own_silo,Public Library of Science,0.38071448711881994,0.6234817813765181,0.14979757085020243
42,pub_meta_only,central_xgb,own_silo,SAGE Publishing,0.37766914917924305,0.6566759832164757,0.11659192825112108
42,pub_meta_only,central_xgb,own_silo,Spandidos Publishing,0.29754215894880687,0.5480073442056377,0.04964539007092199
42,pub_meta_only,central_xgb,own_silo,Springer Science+Business Media,0.4969082191983659,0.7244092363072916,0.21140939597315436
42,pub_meta_only,central_xgb,own_silo,Taylor & Francis,0.3844000078280743,0.6175912668706528,0.11659192825112108
42,pub_meta_only,central_xgb,own_silo,Wiley,0.6546635617142808,0.7782968472681053,0.3251318101933216
42,pub_meta_only,central_mlp,pooled,ALL,0.4688336056976411,0.6743319611012121,0.18061861520998865
42,pub_meta_only,central_mlp,own_silo,Elsevier BV,0.44217501345048144,0.6429569095261103,0.1728395061728395
42,pub_meta_only,central_mlp,own_silo,Hindawi Publishing Corporation,0.5601100186090933,0.7063620143988094,0.19172113289760348
42,pub_meta_only,central_mlp,own_silo,IOS Press,0.3653609410167505,0.6464830654828421,0.09397590361445783
42,pub_meta_only,central_mlp,own_silo,Other,0.35660769872447645,0.615566368101746,0.0995162404975812
42,pub_meta_only,central_mlp,own_silo,Public Library of Science,0.40075822720661847,0.6445051793180289,0.14979757085020243
42,pub_meta_only,central_mlp,own_silo,SAGE Publishing,0.376179969719402,0.6709976033347296,0.08520179372197309
42,pub_meta_only,central_mlp,own_silo,Spandidos Publishing,0.32095234741386064,0.5644688051265435,0.04964539007092199
42,pub_meta_only,central_mlp,own_silo,Springer Science+Business Media,0.5057039032728416,0.7279776776237364,0.22595078299776286
42,pub_meta_only,central_mlp,own_silo,Taylor & Francis,0.34940732909056404,0.6014056151928542,0.08071748878923767
42,pub_meta_only,central_mlp,own_silo,Wiley,0.6416693666676012,0.761183960994027,0.34797891036906853
42,pub_meta_only,fl_fedavg,pooled,ALL,0.45466413472495865,0.662516225902686,0.16940976163450625
42,pub_meta_only,fl_fedavg,own_silo,Elsevier BV,0.4428218395189001,0.6385136729922305,0.18233618233618235
42,pub_meta_only,fl_fedavg,own_silo,Hindawi Publishing Corporation,0.5477748592091793,0.6898551601710643,0.1906318082788671
42,pub_meta_only,fl_fedavg,own_silo,IOS Press,0.3275189501684007,0.5938986976574088,0.0891566265060241
42,pub_meta_only,fl_fedavg,own_silo,Other,0.3572665729004757,0.6117670085881783,0.10573600552868002
42,pub_meta_only,fl_fedavg,own_silo,Public Library of Science,0.3810571264855795,0.6377428322430472,0.14979757085020243
42,pub_meta_only,fl_fedavg,own_silo,SAGE Publishing,0.34520476880773077,0.6437793145125293,0.08071748878923767
42,pub_meta_only,fl_fedavg,own_silo,Spandidos Publishing,0.3045774222480664,0.5255967167080678,0.07092198581560284
42,pub_meta_only,fl_fedavg,own_silo,Springer Science+Business Media,0.4918436709098513,0.7221460180603863,0.20022371364653244
42,pub_meta_only,fl_fedavg,own_silo,Taylor & Francis,0.3430841588228005,0.5947263992557652,0.06726457399103139
42,pub_meta_only,fl_fedavg,own_silo,Wiley,0.6479624038153042,0.7591782166464476,0.335676625659051
42,pub_text_only,central_xgb,pooled,ALL,0.37010812442910157,0.5877651969750645,0.11180476730987514
42,pub_text_only,central_xgb,own_silo,Elsevier BV,0.30940212555041213,0.5298669771135658,0.13485280151946819
42,pub_text_only,central_xgb,own_silo,Hindawi Publishing Corporation,0.4730688139609406,0.6285320598289612,0.11764705882352941
42,pub_text_only,central_xgb,own_silo,IOS Press,0.35239414089289595,0.5978280745240659,0.11325301204819277
42,pub_text_only,central_xgb,own_silo,Other,0.3104791251380612,0.56057383282032,0.06841741534208708
42,pub_text_only,central_xgb,own_silo,Public Library of Science,0.310298244220398,0.5801387770411146,0.08097165991902834
42,pub_text_only,central_xgb,own_silo,SAGE Publishing,0.3889129401359601,0.6366785927660539,0.13452914798206278
42,pub_text_only,central_xgb,own_silo,Spandidos Publishing,0.29367235410307596,0.5283147928141988,0.06382978723404255
42,pub_text_only,central_xgb,own_silo,Springer Science+Business Media,0.27593630359843097,0.508056322133136,0.040268456375838924
42,pub_text_only,central_xgb,own_silo,Taylor & Francis,0.313224869109886,0.5790531357428901,0.06726457399103139
42,pub_text_only,central_xgb,own_silo,Wiley,0.5067088458286862,0.6648575639217912,0.1616871704745167
42,pub_text_only,central_mlp,pooled,ALL,0.3757488033541482,0.5931620472274821,0.11677071509648126
42,pub_text_only,central_mlp,own_silo,Elsevier BV,0.3082160695277493,0.5188847097960158,0.11585944919278253
42,pub_text_only,central_mlp,own_silo,Hindawi Publishing Corporation,0.480752297218235,0.6306016004938784,0.1312636165577342
42,pub_text_only,central_mlp,own_silo,IOS Press,0.3299545757217546,0.5775127491415917,0.10361445783132531
42,pub_text_only,central_mlp,own_silo,Other,0.3180461250829174,0.5732258876011346,0.06496199032480995
42,pub_text_only,central_mlp,own_silo,Public Library of Science,0.31273335057504953,0.5877891648004943,0.06882591093117409
42,pub_text_only,central_mlp,own_silo,SAGE Publishing,0.3854007617279846,0.6435526957333865,0.15695067264573992
42,pub_text_only,central_mlp,own_silo,Spandidos Publishing,0.3111820890262784,0.5668898729164417,0.06382978723404255
42,pub_text_only,central_mlp,own_silo,Springer Science+Business Media,0.2767994838300412,0.5154708056412851,0.042505592841163314
42,pub_text_only,central_mlp,own_silo,Taylor & Francis,0.31111152887843285,0.5753501319126978,0.06278026905829596
42,pub_text_only,central_mlp,own_silo,Wiley,0.5175938220712435,0.6696044680832584,0.2126537785588752
42,pub_text_only,fl_fedavg,pooled,ALL,0.35954572252443223,0.5859219878316411,0.10343359818388195
42,pub_text_only,fl_fedavg,own_silo,Elsevier BV,0.30452501276277066,0.5180266767742401,0.11016144349477683
42,pub_text_only,fl_fedavg,own_silo,Hindawi Publishing Corporation,0.45210869733894926,0.6170985540992803,0.1056644880174292
42,pub_text_only,fl_fedavg,own_silo,IOS Press,0.3445824526959927,0.6226843292224546,0.07228915662650602
42,pub_text_only,fl_fedavg,own_silo,Other,0.3165794996204945,0.5638134277744704,0.07878369039391846
42,pub_text_only,fl_fedavg,own_silo,Public Library of Science,0.3223894316740366,0.6021522576090195,0.06882591093117409
42,pub_text_only,fl_fedavg,own_silo,SAGE Publishing,0.38102311682776613,0.642735494681326,0.1210762331838565
42,pub_text_only,fl_fedavg,own_silo,Spandidos Publishing,0.3130605711516321,0.5754581128271592,0.04964539007092199
42,pub_text_only,fl_fedavg,own_silo,Springer Science+Business Media,0.27480551431419054,0.5179800998274521,0.030201342281879196
42,pub_text_only,fl_fedavg,own_silo,Taylor & Francis,0.3509615011742028,0.6168790109818229,0.05829596412556054
42,pub_text_only,fl_fedavg,own_silo,Wiley,0.47651854252048353,0.6553015058645041,0.1634446397188049
42,pub_no_year,central_xgb,pooled,ALL,0.47763915643192106,0.6750916784040876,0.1956583427922815
42,pub_no_year,central_xgb,own_silo,Elsevier BV,0.3841704758210317,0.6122145443539205,0.1177587844254511
42,pub_no_year,central_xgb,own_silo,Hindawi Publishing Corporation,0.5744594099065984,0.7157858570954674,0.20315904139433552
42,pub_no_year,central_xgb,own_silo,IOS Press,0.3978251376730784,0.656082000853329,0.12289156626506025
42,pub_no_year,central_xgb,own_silo,Other,0.3831016223805946,0.6314964312999329,0.11955770559778853
42,pub_no_year,central_xgb,own_silo,Public Library of Science,0.35051620957714835,0.6045792010943309,0.12955465587044535
42,pub_no_year,central_xgb,own_silo,SAGE Publishing,0.4363920203506034,0.7137667474711404,0.16591928251121077
42,pub_no_year,central_xgb,own_silo,Spandidos Publishing,0.3412941795141653,0.578626201533643,0.11347517730496454
42,pub_no_year,central_xgb,own_silo,Springer Science+Business Media,0.49121945884962254,0.7114431888901589,0.20917225950782997
42,pub_no_year,central_xgb,own_silo,Taylor & Francis,0.49535384771135926,0.7005363722917923,0.2242152466367713
42,pub_no_year,central_xgb,own_silo,Wiley,0.6643640463420505,0.7692626736116137,0.3655536028119508
42,pub_no_year,central_mlp,pooled,ALL,0.47903084395954665,0.6774836475763513,0.19807037457434734
42,pub_no_year,central_mlp,own_silo,Elsevier BV,0.3905529273000281,0.618934761722286,0.1120607787274454
42,pub_no_year,central_mlp,own_silo,Hindawi Publishing Corporation,0.5778021274890633,0.7155465066685109,0.22930283224400871
42,pub_no_year,central_mlp,own_silo,IOS Press,0.3983674278628448,0.6788100123935878,0.10843373493975904
42,pub_no_year,central_mlp,own_silo,Other,0.386219322844514,0.6404069254292839,0.1050449205252246
42,pub_no_year,central_mlp,own_silo,Public Library of Science,0.3449393707489422,0.6175964434246379,0.09716599190283401
42,pub_no_year,central_mlp,own_silo,SAGE Publishing,0.4371623192639917,0.7108275705780152,0.16591928251121077
42,pub_no_year,central_mlp,own_silo,Spandidos Publishing,0.3689268925519741,0.6205673758865249,0.09219858156028368
42,pub_no_year,central_mlp,own_silo,Springer Science+Business Media,0.491736436906808,0.7078037597681943,0.21476510067114093
42,pub_no_year,central_mlp,own_silo,Taylor & Francis,0.4389253071475051,0.6520593643479589,0.16591928251121077
42,pub_no_year,central_mlp,own_silo,Wiley,0.6633977868487028,0.7566129485238127,0.3532513181019332
42,pub_no_year,fl_fedavg,pooled,ALL,0.4562703913533868,0.6573398384278012,0.1765039727582293
42,pub_no_year,fl_fedavg,own_silo,Elsevier BV,0.36915479765079434,0.5785617395022853,0.12630579297245964
42,pub_no_year,fl_fedavg,own_silo,Hindawi Publishing Corporation,0.5575290568607505,0.6929346155471792,0.20860566448801743
42,pub_no_year,fl_fedavg,own_silo,IOS Press,0.42684427332146263,0.6901013836120198,0.13734939759036144
42,pub_no_year,fl_fedavg,own_silo,Other,0.39922864779609346,0.6439716948162908,0.12577747062888736
42,pub_no_year,fl_fedavg,own_silo,Public Library of Science,0.36615081074627526,0.6209086697040234,0.1214574898785425
42,pub_no_year,fl_fedavg,own_silo,SAGE Publishing,0.4571204941020889,0.7001490190153756,0.17937219730941703
42,pub_no_year,fl_fedavg,own_silo,Spandidos Publishing,0.3882771719261184,0.6267415487633654,0.12056737588652482
42,pub_no_year,fl_fedavg,own_silo,Springer Science+Business Media,0.45199937512562455,0.6774427516234207,0.1487695749440716
42,pub_no_year,fl_fedavg,own_silo,Taylor & Francis,0.5018072525920372,0.6693352036107012,0.273542600896861
42,pub_no_year,fl_fedavg,own_silo,Wiley,0.6490155060534286,0.7575922960886898,0.36379613356766255
42,pub_has_abstract,central_xgb,pooled,ALL,0.5241094897681372,0.711565929628313,0.23325262308313155
42,pub_has_abstract,central_xgb,own_silo,Elsevier BV,0.6753935971824601,0.7428697842216324,0.26104417670682734
42,pub_has_abstract,central_xgb,own_silo,Hindawi Publishing Corporation,0.5942864010232471,0.736810205773482,0.22288828337874658
42,pub_has_abstract,central_xgb,own_silo,IOS Press,0.3634421055667045,0.6697681513117755,0.17785234899328858
42,pub_has_abstract,central_xgb,own_silo,Other,0.4210957239321673,0.6546055090708944,0.14956930305403288
42,pub_has_abstract,central_xgb,own_silo,Public Library of Science,0.4337543042596553,0.6677946576427389,0.19433198380566802
42,pub_has_abstract,central_xgb,own_silo,SAGE Publishing,0.471108503237045,0.7325944302176698,0.2215909090909091
42,pub_has_abstract,central_xgb,own_silo,Spandidos Publishing,0.32810073266195633,0.5804053200512516,0.12056737588652482
42,pub_has_abstract,central_xgb,own_silo,Springer Science+Business Media,0.4542402866939377,0.7029317697228145,0.29850746268656714
42,pub_has_abstract,central_xgb,own_silo,Taylor & Francis,0.36118917869706324,0.6534777830114618,0.21678321678321677
42,pub_has_abstract,central_xgb,own_silo,Wiley,0.7350067196552896,0.8092651651662673,0.40344168260038243
42,pub_has_abstract,central_mlp,pooled,ALL,0.5230853838763941,0.7109898982514458,0.22558514931396287
42,pub_has_abstract,central_mlp,own_silo,Elsevier BV,0.6605322711947649,0.7386041340503257,0.24096385542168675
42,pub_has_abstract,central_mlp,own_silo,Hindawi Publishing Corporation,0.5908309921021296,0.7303582560022621,0.22288828337874658
42,pub_has_abstract,central_mlp,own_silo,IOS Press,0.3534233260540836,0.6878475140156791,0.17114093959731544
42,pub_has_abstract,central_mlp,own_silo,Other,0.4365652509012838,0.6583574037076009,0.15974941268598278
42,pub_has_abstract,central_mlp,own_silo,Public Library of Science,0.44389831068299246,0.6736044573181876,0.15789473684210525
42,pub_has_abstract,central_mlp,own_silo,SAGE Publishing,0.5093485104967054,0.7339448623559538,0.29545454545454547
42,pub_has_abstract,central_mlp,own_silo,Spandidos Publishing,0.35706609146493595,0.5924602530092217,0.1347517730496454
42,pub_has_abstract,central_mlp,own_silo,Springer Science+Business Media,0.44749353522525825,0.7121002132196161,0.31343283582089554
42,pub_has_abstract,central_mlp,own_silo,Taylor & Francis,0.3639465197504184,0.6718238583523558,0.18181818181818182
42,pub_has_abstract,central_mlp,own_silo,Wiley,0.7071658280871778,0.7891877658422728,0.39579349904397704
42,pub_has_abstract,fl_fedavg,pooled,ALL,0.5009068060598755,0.6924004700077048,0.20702179176755447
42,pub_has_abstract,fl_fedavg,own_silo,Elsevier BV,0.6261376706585219,0.6932021872801942,0.18072289156626506
42,pub_has_abstract,fl_fedavg,own_silo,Hindawi Publishing Corporation,0.5833255400123373,0.7242505205387897,0.22833787465940056
42,pub_has_abstract,fl_fedavg,own_silo,IOS Press,0.3244397197252462,0.6468250313697952,0.14429530201342283
42,pub_has_abstract,fl_fedavg,own_silo,Other,0.43410155684870133,0.6547594629043683,0.1620986687548943
42,pub_has_abstract,fl_fedavg,own_silo,Public Library of Science,0.41129196740623475,0.6653632924782755,0.18218623481781376
42,pub_has_abstract,fl_fedavg,own_silo,SAGE Publishing,0.4212585402824865,0.6904409411011523,0.20454545454545456
42,pub_has_abstract,fl_fedavg,own_silo,Spandidos Publishing,0.34219309216824667,0.6007435078411203,0.09929078014184398
42,pub_has_abstract,fl_fedavg,own_silo,Springer Science+Business Media,0.4564216243112381,0.6911513859275052,0.31343283582089554
42,pub_has_abstract,fl_fedavg,own_silo,Taylor & Francis,0.3179574073427139,0.6056560020290591,0.13286713286713286
42,pub_has_abstract,fl_fedavg,own_silo,Wiley,0.6791538087594446,0.760196048927823,0.39579349904397704
42,pub_silo_onehot,central_xgb,pooled,ALL,0.5828738101664416,0.7468225163935018,0.28164018161180476
42,pub_silo_onehot,central_xgb,own_silo,Elsevier BV,0.565203019787798,0.7140759414760389,0.301994301994302
42,pub_silo_onehot,central_xgb,own_silo,Hindawi Publishing Corporation,0.5967160474280095,0.7407882105745819,0.22167755991285404
42,pub_silo_onehot,central_xgb,own_silo,IOS Press,0.7105441891130321,0.8393344033808081,0.44096385542168676
42,pub_silo_onehot,central_xgb,own_silo,Other,0.4527129315791876,0.6776344846414041,0.1734623358673117
42,pub_silo_onehot,central_xgb,own_silo,Public Library of Science,0.47249320810979734,0.6787057772286512,0.2145748987854251
42,pub_silo_onehot,central_xgb,own_silo,SAGE Publishing,0.6838391192073029,0.8272787204966385,0.4798206278026906
42,pub_silo_onehot,central_xgb,own_silo,Spandidos Publishing,0.406875183596426,0.666720668178709,0.14184397163120568
42,pub_silo_onehot,central_xgb,own_silo,Springer Science+Business Media,0.5436939267144794,0.7496883794096356,0.2595078299776286
42,pub_silo_onehot,central_xgb,own_silo,Taylor & Francis,0.6396538023058002,0.7827147124448547,0.43946188340807174
42,pub_silo_onehot,central_xgb,own_silo,Wiley,0.7372247903457108,0.8376896083478342,0.4077328646748682
42,pub_silo_onehot,central_mlp,pooled,ALL,0.5824297603149994,0.7457566019295596,0.2797956867196368
42,pub_silo_onehot,central_mlp,own_silo,Elsevier BV,0.5206996907581964,0.6992019806956453,0.258309591642925
42,pub_silo_onehot,central_mlp,own_silo,Hindawi Publishing Corporation,0.5985466604200643,0.7397082518421176,0.23148148148148148
42,pub_silo_onehot,central_mlp,own_silo,IOS Press,0.7299373425114426,0.8460939880940287,0.4746987951807229
42,pub_silo_onehot,central_mlp,own_silo,Other,0.42974681740335374,0.6718459330683816,0.15825846579129232
42,pub_silo_onehot,central_mlp,own_silo,Public Library of Science,0.4478786878221764,0.6916623459718254,0.20647773279352227
42,pub_silo_onehot,central_mlp,own_silo,SAGE Publishing,0.6849798857172599,0.8289337243079544,0.484304932735426
42,pub_silo_onehot,central_mlp,own_silo,Spandidos Publishing,0.4583948634738506,0.6952694675450912,0.20567375886524822
42,pub_silo_onehot,central_mlp,own_silo,Springer Science+Business Media,0.5427257481587118,0.7490762513358409,0.26733780760626397
42,pub_silo_onehot,central_mlp,own_silo,Taylor & Francis,0.6706363274909216,0.7981735723993575,0.43946188340807174
42,pub_silo_onehot,central_mlp,own_silo,Wiley,0.7526791572220712,0.8381905015591387,0.4446397188049209
44,v1exact,central_xgb,pooled,ALL,0.6527751606263191,0.8040618897828244,0.3569807037457435
44,v1exact,central_xgb,own_silo,Elsevier BV,0.6688043991410904,0.8208741523800004,0.4083570750237417
44,v1exact,central_xgb,own_silo,Hindawi Publishing Corporation,0.7269652371987526,0.8472345499699651,0.37363834422657954
44,v1exact,central_xgb,own_silo,IOS Press,0.7204202741614222,0.8206505617749245,0.5084337349397591
44,v1exact,central_xgb,own_silo,Other,0.5450109090411167,0.7527780973936733,0.25017277125086385
44,v1exact,central_xgb,own_silo,Public Library of Science,0.46347354279899405,0.6794669549581352,0.20647773279352227
44,v1exact,central_xgb,own_silo,SAGE Publishing,0.6476281518376221,0.8350558649626766,0.336322869955157
44,v1exact,central_xgb,own_silo,Spandidos Publishing,0.4209692085652279,0.6745688879288619,0.1702127659574468
44,v1exact,central_xgb,own_silo,Springer Science+Business Media,0.5682873903134152,0.7660557179429957,0.2740492170022371
44,v1exact,central_xgb,own_silo,Taylor & Francis,0.6103729258636458,0.7789208596492503,0.3721973094170404
44,v1exact,central_xgb,own_silo,Wiley,0.8074781754898517,0.8749373883485869,0.539543057996485
44,v1exact,central_mlp,pooled,ALL,0.6354271008935194,0.7907259641390297,0.3392451759364359
44,v1exact,central_mlp,own_silo,Elsevier BV,0.6379591431909875,0.8107537361923327,0.3371320037986705
44,v1exact,central_mlp,own_silo,Hindawi Publishing Corporation,0.7072764823133635,0.8242661147678092,0.3349673202614379
44,v1exact,central_mlp,own_silo,IOS Press,0.7217652259664138,0.8224080131656474,0.4843373493975904
44,v1exact,central_mlp,own_silo,Other,0.5393467884730518,0.7438540245517418,0.26330338631651695
44,v1exact,central_mlp,own_silo,Public Library of Science,0.44228136184018596,0.6679968890997142,0.1700404858299595
44,v1exact,central_mlp,own_silo,SAGE Publishing,0.6187026994072172,0.8271276413105433,0.30493273542600896
44,v1exact,central_mlp,own_silo,Spandidos Publishing,0.48396047969976874,0.6954854735932607,0.2198581560283688
44,v1exact,central_mlp,own_silo,Springer Science+Business Media,0.560475422969016,0.7682066711300534,0.2785234899328859
44,v1exact,central_mlp,own_silo,Taylor & Francis,0.5966507457328663,0.7690728317985915,0.28699551569506726
44,v1exact,central_mlp,own_silo,Wiley,0.7937290967889241,0.8620024726173552,0.539543057996485
44,v1exact,local_logreg,pooled,Elsevier BV,0.3062453466504447,0.5287758209567351,0.0666855845629966
44,v1exact,local_logreg,own_silo,Elsevier BV,0.44688006267363606,0.6872686573588133,0.17188983855650522
44,v1exact,local_logreg,pooled,Hindawi Publishing Corporation,0.39771748995112227,0.597839592944271,0.15280930760499434
44,v1exact,local_logreg,own_silo,Hindawi Publishing Corporation,0.6163557560456268,0.7670819356549206,0.22004357298474944
44,v1exact,local_logreg,pooled,IOS Press,0.3399275350171417,0.5607088985972276,0.06711123723041998
44,v1exact,local_logreg,own_silo,IOS Press,0.6329619638604285,0.7972673154676039,0.4
44,v1exact,local_logreg,pooled,Other,0.3194579645284706,0.5422153910943702,0.06767877412031782
44,v1exact,local_logreg,own_silo,Other,0.3286013525390341,0.578727767538158,0.08431237042156185
44,v1exact,local_logreg,pooled,Public Library of Science,0.32475835092885175,0.5461027517816452,0.06824631101021567
44,v1exact,local_logreg,own_silo,Public Library of Science,0.3363866902533109,0.6019536895056757,0.10526315789473684
44,v1exact,local_logreg,pooled,SAGE Publishing,0.34098599451296085,0.5736430298122823,0.07562429057888763
44,v1exact,local_logreg,own_silo,SAGE Publishing,0.4594833230505976,0.7080841099032406,0.2062780269058296
44,v1exact,local_logreg,pooled,Spandidos Publishing,0.3418177222349113,0.5774338155698997,0.07406356413166856
44,v1exact,local_logreg,own_silo,Spandidos Publishing,0.42793820859909554,0.6978255391150953,0.15602836879432624
44,v1exact,local_logreg,pooled,Springer Science+Business Media,0.36414409426827604,0.5869285483543402,0.09179909194097616
44,v1exact,local_logreg,own_silo,Springer Science+Business Media,0.37942212238015655,0.6487888527826313,0.1040268456375839
44,v1exact,local_logreg,pooled,Taylor & Francis,0.304137204499213,0.5366228359164423,0.05079455164585698
44,v1exact,local_logreg,own_silo,Taylor & Francis,0.3650381495433221,0.6561003263294838,0.09417040358744394
44,v1exact,local_logreg,pooled,Wiley,0.35159855967831055,0.5612802516551243,0.09931895573212259
44,v1exact,local_logreg,own_silo,Wiley,0.5587488312000615,0.7345743710605328,0.2126537785588752
44,v1exact,fl_fedavg,pooled,ALL,0.5861143490859914,0.7702819018499666,0.2827752553916005
44,v1exact,fl_fedavg,own_silo,Elsevier BV,0.615215174086119,0.8001156192554828,0.3029439696106363
44,v1exact,fl_fedavg,own_silo,Hindawi Publishing Corporation,0.6452666438965428,0.7827192834152408,0.2690631808278867
44,v1exact,fl_fedavg,own_silo,IOS Press,0.5651718657691608,0.7623803815599668,0.3373493975903614
44,v1exact,fl_fedavg,own_silo,Other,0.5321857805436504,0.7469453256711279,0.2543192812715964
44,v1exact,fl_fedavg,own_silo,Public Library of Science,0.45095431450786694,0.668879414003464,0.1862348178137652
44,v1exact,fl_fedavg,own_silo,SAGE Publishing,0.584202757073774,0.7868856399233616,0.3004484304932735
44,v1exact,fl_fedavg,own_silo,Spandidos Publishing,0.4425154839881758,0.683371134391763,0.19148936170212766
44,v1exact,fl_fedavg,own_silo,Springer Science+Business Media,0.5200869156032157,0.7502193137633787,0.2371364653243848
44,v1exact,fl_fedavg,own_silo,Taylor & Francis,0.5803857198863231,0.7498128511312513,0.3094170403587444
44,v1exact,fl_fedavg,own_silo,Wiley,0.776061653962548,0.8471718353248424,0.5289982425307557
44,pub_all,central_xgb,pooled,ALL,0.521195334158266,0.7122139886834393,0.2329738933030647
44,pub_all,central_xgb,own_silo,Elsevier BV,0.5143404763193635,0.7072760644885401,0.2355175688509022
44,pub_all,central_xgb,own_silo,Hindawi Publishing Corporation,0.5900340410378117,0.7338663403175627,0.2107843137254902
44,pub_all,central_xgb,own_silo,IOS Press,0.48530544012314203,0.7316219346187448,0.21204819277108433
44,pub_all,central_xgb,own_silo,Other,0.4140378041492181,0.6608040277320192,0.1216309606081548
44,pub_all,central_xgb,own_silo,Public Library of Science,0.3892492249703656,0.6104479917042659,0.15789473684210525
44,pub_all,central_xgb,own_silo,SAGE Publishing,0.48915686245934903,0.7333383693062031,0.20179372197309417
44,pub_all,central_xgb,own_silo,Spandidos Publishing,0.3776482303276638,0.6231594484645571,0.1276595744680851
44,pub_all,central_xgb,own_silo,Springer Science+Business Media,0.4994317883743183,0.7136918920586192,0.24272930648769575
44,pub_all,central_xgb,own_silo,Taylor & Francis,0.515719793943679,0.7286777478178078,0.18834080717488788
44,pub_all,central_xgb,own_silo,Wiley,0.725095295663901,0.8181786596329292,0.39015817223198596
44,pub_all,central_mlp,pooled,ALL,0.5198631430159278,0.7136257161579428,0.22587968217934165
44,pub_all,central_mlp,own_silo,Elsevier BV,0.4903423438912735,0.7003444627713633,0.21462488129154797
44,pub_all,central_mlp,own_silo,Hindawi Publishing Corporation,0.5928712118525508,0.7339134899501638,0.23420479302832245
44,pub_all,central_mlp,own_silo,IOS Press,0.49274291759898414,0.7472419187712063,0.21927710843373494
44,pub_all,central_mlp,own_silo,Other,0.4272983032253822,0.6646951328891426,0.14581893572909468
44,pub_all,central_mlp,own_silo,Public Library of Science,0.3863198208314174,0.6515240101931626,0.11740890688259109
44,pub_all,central_mlp,own_silo,SAGE Publishing,0.5265399533874215,0.7493905328288204,0.26905829596412556
44,pub_all,central_mlp,own_silo,Spandidos Publishing,0.38293792266047655,0.6298736364618209,0.09929078014184398
44,pub_all,central_mlp,own_silo,Springer Science+Business Media,0.5005122256201375,0.7168471072355852,0.22930648769574943
44,pub_all,central_mlp,own_silo,Taylor & Francis,0.5272856238951085,0.7017246767593811,0.23766816143497757
44,pub_all,central_mlp,own_silo,Wiley,0.7228690526464323,0.8080218192557248,0.4358523725834798
44,pub_all,fl_fedavg,pooled,ALL,0.48666960476479887,0.6857893256728449,0.2017593643586833
44,pub_all,fl_fedavg,own_silo,Elsevier BV,0.43545572108622893,0.6544157461555122,0.14814814814814814
44,pub_all,fl_fedavg,own_silo,Hindawi Publishing Corporation,0.5799220919729065,0.7199882582205265,0.2429193899782135
44,pub_all,fl_fedavg,own_silo,IOS Press,0.49371589647630365,0.7327881509173286,0.21686746987951808
44,pub_all,fl_fedavg,own_silo,Other,0.39668204710756166,0.6447880255765772,0.12024879060124395
44,pub_all,fl_fedavg,own_silo,Public Library of Science,0.3623711347857397,0.6188374940705358,0.13360323886639677
44,pub_all,fl_fedavg,own_silo,SAGE Publishing,0.422845414719108,0.6680446919701413,0.20179372197309417
44,pub_all,fl_fedavg,own_silo,Spandidos Publishing,0.4314193194015136,0.6544803254491126,0.16312056737588654
44,pub_all,fl_fedavg,own_silo,Springer Science+Business Media,0.47006937003408833,0.696733971271031,0.2181208053691275
44,pub_all,fl_fedavg,own_silo,Taylor & Francis,0.5422827169713936,0.7070084525877418,0.33183856502242154
44,pub_all,fl_fedavg,own_silo,Wiley,0.6876415698427759,0.7846412533332561,0.4428822495606327
44,pub_all,fl_fedavg_ft10,own_silo,Elsevier BV,0.5581751364040383,0.7247721977863304,0.2839506172839506
44,pub_all,fl_fedavg_ft10,own_silo,Hindawi Publishing Corporation,0.6095100807312572,0.7474942651957902,0.2374727668845316
44,pub_all,fl_fedavg_ft10,own_silo,IOS Press,0.7331234154017892,0.8437676507039965,0.4867469879518072
44,pub_all,fl_fedavg_ft10,own_silo,Other,0.4588434724102556,0.6823690779839757,0.1852107809260539
44,pub_all,fl_fedavg_ft10,own_silo,Public Library of Science,0.40400155087597994,0.6420037727939635,0.16194331983805668
44,pub_all,fl_fedavg_ft10,own_silo,SAGE Publishing,0.6494037852108572,0.804949903515338,0.4170403587443946
44,pub_all,fl_fedavg_ft10,own_silo,Spandidos Publishing,0.48695146085011926,0.7079418223710265,0.20567375886524822
44,pub_all,fl_fedavg_ft10,own_silo,Springer Science+Business Media,0.5293016401811891,0.7324573937088021,0.26174496644295303
44,pub_all,fl_fedavg_ft10,own_silo,Taylor & Francis,0.6653452256989325,0.7946268287896738,0.47085201793721976
44,pub_all,fl_fedavg_ft10,own_silo,Wiley,0.7525455757821531,0.835814877976044,0.4710017574692443
44,pub_all,fl_fedavg_ft30,own_silo,Elsevier BV,0.5699651928470375,0.7327440604121891,0.30009496676163344
44,pub_all,fl_fedavg_ft30,own_silo,Hindawi Publishing Corporation,0.6075837799173898,0.7473367261856732,0.23638344226579522
44,pub_all,fl_fedavg_ft30,own_silo,IOS Press,0.738863125181078,0.846226050915297,0.4963855421686747
44,pub_all,fl_fedavg_ft30,own_silo,Other,0.4612579476629225,0.6850526603913956,0.1734623358673117
44,pub_all,fl_fedavg_ft30,own_silo,Public Library of Science,0.4106837590682023,0.6438515593111893,0.17813765182186234
44,pub_all,fl_fedavg_ft30,own_silo,SAGE Publishing,0.6655212944252542,0.8145022284179949,0.48878923766816146
44,pub_all,fl_fedavg_ft30,own_silo,Spandidos Publishing,0.49973675418568464,0.7218022104618931,0.22695035460992907
44,pub_all,fl_fedavg_ft30,own_silo,Springer Science+Business Media,0.5309108853801344,0.7339547147696366,0.2639821029082774
44,pub_all,fl_fedavg_ft30,own_silo,Taylor & Francis,0.68460342647354,0.8059139042524583,0.47085201793721976
44,pub_all,fl_fedavg_ft30,own_silo,Wiley,0.7624232695180144,0.8448881386750362,0.4797891036906854
44,pub_meta_only,central_xgb,pooled,ALL,0.484245289335799,0.6826231262574048,0.19877979568671963
44,pub_meta_only,central_xgb,own_silo,Elsevier BV,0.4922495147888508,0.6916016894087069,0.2070275403608737
44,pub_meta_only,central_xgb,own_silo,Hindawi Publishing Corporation,0.5633966680090592,0.7039434543822101,0.1900871459694989
44,pub_meta_only,central_xgb,own_silo,IOS Press,0.392822692936372,0.6584438936183182,0.13975903614457832
44,pub_meta_only,central_xgb,own_silo,Other,0.3772906400829261,0.6327007380387621,0.10297166551485833
44,pub_meta_only,central_xgb,own_silo,Public Library of Science,0.3849606921099184,0.6133741133382608,0.13765182186234817
44,pub_meta_only,central_xgb,own_silo,SAGE Publishing,0.3890251654267997,0.666465227751873,0.11210762331838565
44,pub_meta_only,central_xgb,own_silo,Spandidos Publishing,0.3408258145771199,0.5889854915937646,0.07801418439716312
44,pub_meta_only,central_xgb,own_silo,Springer Science+Business Media,0.4870668002018601,0.6958839319896,0.23042505592841164
44,pub_meta_only,central_xgb,own_silo,Taylor & Francis,0.40999926029115136,0.6424366419315217,0.14349775784753363
44,pub_meta_only,central_xgb,own_silo,Wiley,0.6664142024400413,0.7807325490831918,0.3268892794376098
44,pub_meta_only,central_mlp,pooled,ALL,0.4735450002575057,0.6755094522661054,0.1898410896708286
44,pub_meta_only,central_mlp,own_silo,Elsevier BV,0.4626702111596951,0.668330146948568,0.19943019943019943
44,pub_meta_only,central_mlp,own_silo,Hindawi Publishing Corporation,0.5611002871090699,0.7043754859053818,0.19934640522875818
44,pub_meta_only,central_mlp,own_silo,IOS Press,0.3872887618221011,0.6545449927873381,0.14457831325301204
44,pub_meta_only,central_mlp,own_silo,Other,0.3643704634604985,0.6194945467175607,0.09606081548030408
44,pub_meta_only,central_mlp,own_silo,Public Library of Science,0.36024617299269734,0.6097805822458052,0.10931174089068826
44,pub_meta_only,central_mlp,own_silo,SAGE Publishing,0.3616017547552502,0.6531050206360434,0.08968609865470852
44,pub_meta_only,central_mlp,own_silo,Spandidos Publishing,0.32980394833858884,0.5932876120531375,0.06382978723404255
44,pub_meta_only,central_mlp,own_silo,Springer Science+Business Media,0.48465060834785845,0.6949227616388248,0.2203579418344519
44,pub_meta_only,central_mlp,own_silo,Taylor & Francis,0.37469602788193274,0.6355684601463759,0.13452914798206278
44,pub_meta_only,central_mlp,own_silo,Wiley,0.67137486730216,0.7830987628227214,0.3532513181019332
44,pub_meta_only,fl_fedavg,pooled,ALL,0.4574122996917061,0.6611167315264606,0.17792281498297388
44,pub_meta_only,fl_fedavg,own_silo,Elsevier BV,0.4570224277524435,0.6688006419975231,0.20797720797720798
44,pub_meta_only,fl_fedavg,own_silo,Hindawi Publishing Corporation,0.5470397998496564,0.676602030844345,0.1840958605664488
44,pub_meta_only,fl_fedavg,own_silo,IOS Press,0.34141460289919145,0.609273857656596,0.09397590361445783
44,pub_meta_only,fl_fedavg,own_silo,Other,0.360342099756502,0.6175133946852919,0.09329647546648238
44,pub_meta_only,fl_fedavg,own_silo,Public Library of Science,0.3562299788988542,0.6047005482685964,0.11336032388663968
44,pub_meta_only,fl_fedavg,own_silo,SAGE Publishing,0.3163739749429332,0.6059339783956764,0.05829596412556054
44,pub_meta_only,fl_fedavg,own_silo,Spandidos Publishing,0.35254378514179346,0.5994437844259639,0.09219858156028368
44,pub_meta_only,fl_fedavg,own_silo,Springer Science+Business Media,0.4749775775454307,0.6902323501182072,0.21476510067114093
44,pub_meta_only,fl_fedavg,own_silo,Taylor & Francis,0.37333475999983495,0.6243177242697561,0.10762331838565023
44,pub_meta_only,fl_fedavg,own_silo,Wiley,0.663853937474014,0.7671961271979222,0.3602811950790861
44,pub_text_only,central_xgb,pooled,ALL,0.3729700233350501,0.5939503303347318,0.11066969353007945
44,pub_text_only,central_xgb,own_silo,Elsevier BV,0.3193348449830896,0.5376645951694686,0.12630579297245964
44,pub_text_only,central_xgb,own_silo,Hindawi Publishing Corporation,0.47700653106311586,0.628709291215343,0.13344226579520696
44,pub_text_only,central_xgb,own_silo,IOS Press,0.34732971265678236,0.5913529328104999,0.10120481927710843
44,pub_text_only,central_xgb,own_silo,Other,0.3108604495445683,0.5732079315404192,0.055286800276434005
44,pub_text_only,central_xgb,own_silo,Public Library of Science,0.29215844746949804,0.5476397974605346,0.0931174089068826
44,pub_text_only,central_xgb,own_silo,SAGE Publishing,0.36466334453344584,0.6232703150001031,0.11210762331838565
44,pub_text_only,central_xgb,own_silo,Spandidos Publishing,0.3337950153776519,0.5762501350037801,0.10638297872340426
44,pub_text_only,central_xgb,own_silo,Springer Science+Business Media,0.2843055050124144,0.5305846310720654,0.04586129753914989
44,pub_text_only,central_xgb,own_silo,Taylor & Francis,0.3380327111964269,0.6276355284866016,0.05829596412556054
44,pub_text_only,central_xgb,own_silo,Wiley,0.5035992762316447,0.6683001189983294,0.15817223198594024
44,pub_text_only,central_mlp,pooled,ALL,0.3754857918832284,0.5975162908062966,0.11166288308740067
44,pub_text_only,central_mlp,own_silo,Elsevier BV,0.31962111200949717,0.5393823967167046,0.1339031339031339
44,pub_text_only,central_mlp,own_silo,Hindawi Publishing Corporation,0.47453360768073694,0.6325265702989014,0.12527233115468409
44,pub_text_only,central_mlp,own_silo,IOS Press,0.3366745171712253,0.5702777382718056,0.11325301204819277
44,pub_text_only,central_mlp,own_silo,Other,0.318051484637081,0.5809073295746504,0.0635798203178991
44,pub_text_only,central_mlp,own_silo,Public Library of Science,0.28566120279390195,0.5516552857725954,0.06072874493927125
44,pub_text_only,central_mlp,own_silo,SAGE Publishing,0.36309426725749744,0.6229132187420597,0.1210762331838565
44,pub_text_only,central_mlp,own_silo,Spandidos Publishing,0.3526547688095614,0.5999747992943802,0.10638297872340426
44,pub_text_only,central_mlp,own_silo,Springer Science+Business Media,0.2850005297399978,0.5282708368487039,0.0447427293064877
44,pub_text_only,central_mlp,own_silo,Taylor & Francis,0.34876552002599515,0.6384610912050933,0.04932735426008968
44,pub_text_only,central_mlp,own_silo,Wiley,0.5178975040398542,0.6719851585051957,0.19156414762741653
44,pub_text_only,fl_fedavg,pooled,ALL,0.36605815833284594,0.5931578408162542,0.10087968217934165
44,pub_text_only,fl_fedavg,own_silo,Elsevier BV,0.32576692684668296,0.5373657414349423,0.1339031339031339
44,pub_text_only,fl_fedavg,own_silo,Hindawi Publishing Corporation,0.44846533743871286,0.6165029797927402,0.09531590413943355
44,pub_text_only,fl_fedavg,own_silo,IOS Press,0.30915338389316643,0.5603262967553181,0.0819277108433735
44,pub_text_only,fl_fedavg,own_silo,Other,0.3299448458823605,0.5825641111767812,0.07947477539737388
44,pub_text_only,fl_fedavg,own_silo,Public Library of Science,0.29401818249529726,0.5596035256869905,0.0728744939271255
44,pub_text_only,fl_fedavg,own_silo,SAGE Publishing,0.35580064523455956,0.6249390532828819,0.09865470852017937
44,pub_text_only,fl_fedavg,own_silo,Spandidos Publishing,0.39874640495413644,0.6376138531878892,0.18439716312056736
44,pub_text_only,fl_fedavg,own_silo,Springer Science+Business Media,0.28172430837814877,0.5219068821430062,0.03803131991051454
44,pub_text_only,fl_fedavg,own_silo,Taylor & Francis,0.36881848644513293,0.6449549752527418,0.09417040358744394
44,pub_text_only,fl_fedavg,own_silo,Wiley,0.45559079172138145,0.6447016790056257,0.11072056239015818
44,pub_no_year,central_xgb,pooled,ALL,0.47541150154677086,0.6746835004176834,0.19154370034052212
44,pub_no_year,central_xgb,own_silo,Elsevier BV,0.392295536682486,0.6257171101225681,0.12345679012345678
44,pub_no_year,central_xgb,own_silo,Hindawi Publishing Corporation,0.57514623640988,0.7133122224655751,0.20915032679738563
44,pub_no_year,central_xgb,own_silo,IOS Press,0.41251655812111715,0.6733639448180581,0.1566265060240964
44,pub_no_year,central_xgb,own_silo,Other,0.36633301858620526,0.6273433999238163,0.09744298548721493
44,pub_no_year,central_xgb,own_silo,Public Library of Science,0.30744962439797685,0.5639113503734183,0.0931174089068826
44,pub_no_year,central_xgb,own_silo,SAGE Publishing,0.4162707579467443,0.6892060788770695,0.13004484304932734
44,pub_no_year,central_xgb,own_silo,Spandidos Publishing,0.4023850727633808,0.6543003204089715,0.12056737588652482
44,pub_no_year,central_xgb,own_silo,Springer Science+Business Media,0.4757610537650586,0.6943190250947562,0.22483221476510068
44,pub_no_year,central_xgb,own_silo,Taylor & Francis,0.46947061296190834,0.7135241403870893,0.15695067264573992
44,pub_no_year,central_xgb,own_silo,Wiley,0.6718364017710703,0.7827361219284099,0.3251318101933216
44,pub_no_year,central_mlp,pooled,ALL,0.4750686406329022,0.6737787399760893,0.19140181611804769
44,pub_no_year,central_mlp,own_silo,Elsevier BV,0.3943501320455512,0.621953323281296,0.12155745489078823
44,pub_no_year,central_mlp,own_silo,Hindawi Publishing Corporation,0.5779168954304276,0.7165102323508279,0.23638344226579522
44,pub_no_year,central_mlp,own_silo,IOS Press,0.44262029391447855,0.7088532883642497,0.14698795180722893
44,pub_no_year,central_mlp,own_silo,Other,0.3591126414933694,0.6225334983266023,0.08638562543192813
44,pub_no_year,central_mlp,own_silo,Public Library of Science,0.3169114091221493,0.5964710035411311,0.08097165991902834
44,pub_no_year,central_mlp,own_silo,SAGE Publishing,0.42252114021104026,0.6831766459047239,0.14349775784753363
44,pub_no_year,central_mlp,own_silo,Spandidos Publishing,0.43351139278942113,0.6852071858012024,0.1276595744680851
44,pub_no_year,central_mlp,own_silo,Springer Science+Business Media,0.45808451087162916,0.6808218165257798,0.21476510067114093
44,pub_no_year,central_mlp,own_silo,Taylor & Francis,0.45074069195176497,0.6673546961647201,0.16591928251121077
44,pub_no_year,central_mlp,own_silo,Wiley,0.6747345031397538,0.7755252864211615,0.3602811950790861
44,pub_no_year,fl_fedavg,pooled,ALL,0.46194259452389974,0.6634790545367788,0.18459137343927357
44,pub_no_year,fl_fedavg,own_silo,Elsevier BV,0.37708209060153697,0.5989327346539822,0.12155745489078823
44,pub_no_year,fl_fedavg,own_silo,Hindawi Publishing Corporation,0.5608201494708704,0.6976797577741659,0.22113289760348584
44,pub_no_year,fl_fedavg,own_silo,IOS Press,0.4711462632472446,0.7296856904853817,0.13975903614457832
44,pub_no_year,fl_fedavg,own_silo,Other,0.3827670001858876,0.6367206622981327,0.11541119557705598
44,pub_no_year,fl_fedavg,own_silo,Public Library of Science,0.3112280671773863,0.566922966607464,0.08502024291497975
44,pub_no_year,fl_fedavg,own_silo,SAGE Publishing,0.4184929969731934,0.6700327567144397,0.16143497757847533
44,pub_no_year,fl_fedavg,own_silo,Spandidos Publishing,0.46685594888955184,0.6867372286424019,0.18439716312056736
44,pub_no_year,fl_fedavg,own_silo,Springer Science+Business Media,0.4519864618788619,0.6796057251098157,0.1756152125279642
44,pub_no_year,fl_fedavg,own_silo,Taylor & Francis,0.5096829438286787,0.6767630150227848,0.27802690582959644
44,pub_no_year,fl_fedavg,own_silo,Wiley,0.6637705329834843,0.7696730875578706,0.36379613356766255
44,pub_has_abstract,central_xgb,pooled,ALL,0.5271915554043763,0.7173054132599751,0.24183404341651452
44,pub_has_abstract,central_xgb,own_silo,Elsevier BV,0.6731568044567828,0.7698861913521599,0.25868725868725867
44,pub_has_abstract,central_xgb,own_silo,Hindawi Publishing Corporation,0.5955980750581,0.7370463601412356,0.23106267029972752
44,pub_has_abstract,central_xgb,own_silo,IOS Press,0.3652021124619551,0.6720380545005347,0.19858156028368795
44,pub_has_abstract,central_xgb,own_silo,Other,0.41615115084719906,0.6563662619704169,0.13899920571882446
44,pub_has_abstract,central_xgb,own_silo,Public Library of Science,0.3653119448275011,0.6001803057454482,0.13765182186234817
44,pub_has_abstract,central_xgb,own_silo,SAGE Publishing,0.49408297565619885,0.731045828437133,0.23243243243243245
44,pub_has_abstract,central_xgb,own_silo,Spandidos Publishing,0.3757321278607889,0.6282616618075803,0.14285714285714285
44,pub_has_abstract,central_xgb,own_silo,Springer Science+Business Media,0.4617463015012959,0.7887385421213445,0.39655172413793105
44,pub_has_abstract,central_xgb,own_silo,Taylor & Francis,0.4533505013770506,0.7199606572552649,0.2483221476510067
44,pub_has_abstract,central_xgb,own_silo,Wiley,0.7434028289357149,0.8242604001754821,0.41941747572815535
44,pub_has_abstract,central_mlp,pooled,ALL,0.5307983316860327,0.7175409510556271,0.24061675796307566
44,pub_has_abstract,central_mlp,own_silo,Elsevier BV,0.6843550150693704,0.7689158867169339,0.2625482625482625
44,pub_has_abstract,central_mlp,own_silo,Hindawi Publishing Corporation,0.59599224196634,0.735522662785824,0.2326975476839237
44,pub_has_abstract,central_mlp,own_silo,IOS Press,0.36799558908853697,0.6948603070418035,0.20567375886524822
44,pub_has_abstract,central_mlp,own_silo,Other,0.42197120202065286,0.6488093509748678,0.1556791104050834
44,pub_has_abstract,central_mlp,own_silo,Public Library of Science,0.3960472839595337,0.6467279484967146,0.16194331983805668
44,pub_has_abstract,central_mlp,own_silo,SAGE Publishing,0.4946949394778091,0.7519858989424206,0.23783783783783785
44,pub_has_abstract,central_mlp,own_silo,Spandidos Publishing,0.3624718271940304,0.636689139941691,0.11428571428571428
44,pub_has_abstract,central_mlp,own_silo,Springer Science+Business Media,0.5329005329566512,0.7346409864687908,0.4482758620689655
44,pub_has_abstract,central_mlp,own_silo,Taylor & Francis,0.4556367601255928,0.7262959962971534,0.28859060402684567
44,pub_has_abstract,central_mlp,own_silo,Wiley,0.7474801727019209,0.8128159154634063,0.45436893203883494
44,pub_has_abstract,fl_fedavg,pooled,ALL,0.5125583446158045,0.7000031738411806,0.22844390342868737
44,pub_has_abstract,fl_fedavg,own_silo,Elsevier BV,0.6447963957458431,0.7120974751864805,0.23938223938223938
44,pub_has_abstract,fl_fedavg,own_silo,Hindawi Publishing Corporation,0.5875497862498252,0.7300149875827515,0.22997275204359674
44,pub_has_abstract,fl_fedavg,own_silo,IOS Press,0.35614078610463384,0.6701881829467655,0.1773049645390071
44,pub_has_abstract,fl_fedavg,own_silo,Other,0.4200688661473348,0.6444927887137142,0.1556791104050834
44,pub_has_abstract,fl_fedavg,own_silo,Public Library of Science,0.367867684214507,0.6292891750182519,0.1417004048582996
44,pub_has_abstract,fl_fedavg,own_silo,SAGE Publishing,0.39062667679307045,0.6349236192714454,0.1837837837837838
44,pub_has_abstract,fl_fedavg,own_silo,Spandidos Publishing,0.3875519478503283,0.6381924198250729,0.12142857142857143
44,pub_has_abstract,fl_fedavg,own_silo,Springer Science+Business Media,0.49828430759932213,0.7670776953295505,0.4482758620689655
44,pub_has_abstract,fl_fedavg,own_silo,Taylor & Francis,0.4225506433042756,0.6661247396436011,0.26174496644295303
44,pub_has_abstract,fl_fedavg,own_silo,Wiley,0.7209459583452074,0.7925076773418277,0.4388349514563107
44,pub_silo_onehot,central_xgb,pooled,ALL,0.584124979292382,0.7485894309317136,0.2851872871736663
44,pub_silo_onehot,central_xgb,own_silo,Elsevier BV,0.5776246918861019,0.7359200321554124,0.30959164292497626
44,pub_silo_onehot,central_xgb,own_silo,Hindawi Publishing Corporation,0.5969177029937393,0.7412256855188349,0.23638344226579522
44,pub_silo_onehot,central_xgb,own_silo,IOS Press,0.7359619584543053,0.8492066072045349,0.4843373493975904
44,pub_silo_onehot,central_xgb,own_silo,Other,0.44612081743012,0.6815362205011403,0.15134761575673808
44,pub_silo_onehot,central_xgb,own_silo,Public Library of Science,0.41068916711951536,0.6488488565786716,0.17813765182186234
44,pub_silo_onehot,central_xgb,own_silo,SAGE Publishing,0.6665461460896658,0.8051936903838098,0.4439461883408072
44,pub_silo_onehot,central_xgb,own_silo,Spandidos Publishing,0.4543423075407712,0.6961334917377686,0.16312056737588654
44,pub_silo_onehot,central_xgb,own_silo,Springer Science+Business Media,0.5157955057135107,0.7290309280033965,0.24608501118568232
44,pub_silo_onehot,central_xgb,own_silo,Taylor & Francis,0.6520028817182204,0.8024071341875558,0.4349775784753363
44,pub_silo_onehot,central_xgb,own_silo,Wiley,0.7520519828288171,0.8456582981791229,0.44815465729349735
44,pub_silo_onehot,central_mlp,pooled,ALL,0.5829742842662553,0.7412782240334619,0.2874574347332577
44,pub_silo_onehot,central_mlp,own_silo,Elsevier BV,0.5421282001104852,0.708312333738747,0.27635327635327633
44,pub_silo_onehot,central_mlp,own_silo,Hindawi Publishing Corporation,0.6017753962482538,0.741140832190215,0.2369281045751634
44,pub_silo_onehot,central_mlp,own_silo,IOS Press,0.747459370873132,0.8533137609459761,0.5084337349397591
44,pub_silo_onehot,central_mlp,own_silo,Other,0.4537406811395236,0.6733455768058438,0.18382861091914304
44,pub_silo_onehot,central_mlp,own_silo,Public Library of Science,0.40321288671976485,0.634899447318779,0.16194331983805668
44,pub_silo_onehot,central_mlp,own_silo,SAGE Publishing,0.65732485724232,0.8135030456190471,0.47085201793721976
44,pub_silo_onehot,central_mlp,own_silo,Spandidos Publishing,0.37983980116720506,0.6601144832055298,0.04964539007092199
44,pub_silo_onehot,central_mlp,own_silo,Springer Science+Business Media,0.5127710630979483,0.7225919031263665,0.23378076062639822
44,pub_silo_onehot,central_mlp,own_silo,Taylor & Francis,0.652067611973698,0.7933876489014544,0.4618834080717489
44,pub_silo_onehot,central_mlp,own_silo,Wiley,0.7444582570230923,0.8368535799387925,0.44991212653778556
